Airline_Name,Airline_Code,Year,Month,All_Total Number,All_Average Departure Delay (minutes),All_Average Taxi-Out Time (minutes),All_Average Scheduled Departure to Take-off (minutes),All_Average Arrival Delay (minutes),All_Average Airborne Time (minutes),All_Average Taxi-In Time (minutes),All_Total Number Cancelled,All_Percent Flights Cancelled,All_Total Number Diverted,All_Percent Flights Diverted,Late_Total Number,Late_Average Departure Delay (minutes),Late_Average Taxi-Out Time (minutes),Late_Average Scheduled Departure to Take-off (minutes),Late_Average Arrival Delay (minutes),Late_Average Airborne Time (minutes),Late_Average Taxi-In Time (minutes),Late_Percent Flights Late,Cause_Total Flights,Cause_Diverted Flights Reaching Scheduled Destination,Cause_Diverted Flights,Cause_Cancelled Flights,Cause_Weather,Cause_National Aviation System,Cause_Security,Cause_Late Aircraft Arrival
Alaska Airlines Inc.,AS,2015,1,13257,3.17,15.59,8.94,-0.32,158.08,6.01,64,0.48,42,0.31,1939,44.84,19.79,45.32,51.6,166.35,6.72,6.72,13257,42,17.11,21.43,3.78,12.02,0.05,20.86
Alaska Airlines Inc.,AS,2015,2,12194,2.7,14.82,7.15,-0.78,156.28,5.91,113,0.92,53,0.43,1652,47.36,18.27,36.86,53.96,161.92,6.62,6.62,12194,53,13.67,16.94,2.1,13.45,0.11,22.55
Alaska Airlines Inc.,AS,2015,3,14276,3.06,14.68,7.33,-0.54,159.68,5.99,39,0.27,41,0.28,1970,45.69,17.82,29.16,51.58,164.63,6.63,6.63,14276,41,18.29,15.84,1.29,12.78,0.16,20.03
Alaska Airlines Inc.,AS,2015,4,13974,0.0,14.32,7.7,-3.0,159.8,6.04,65,0.46,24,0.17,1407,42.4,17.64,35.48,48.76,154.32,6.48,6.48,13974,24,15.04,16.23,1.69,11.81,0.2,16.53
Alaska Airlines Inc.,AS,2015,5,14682,-0.19,14.39,7.5,-1.71,156.77,6.04,45,0.3,32,0.21,1682,33.18,17.78,33.84,40.83,155.95,6.71,6.71,14682,32,28.02,14.25,0.71,13.46,0.23,13.85
Alaska Airlines Inc.,AS,2015,6,15075,1.94,14.77,7.5,-0.22,155.2,6.32,60,0.39,30,0.19,1803,44.17,17.76,27.59,49.67,160.67,6.89,6.89,15075,30,19.36,16.93,1.95,9.96,0.16,18.29
Alaska Airlines Inc.,AS,2015,7,15821,2.56,14.95,7.57,0.37,155.31,6.4,49,0.3,41,0.25,2067,42.96,17.73,39.11,49.02,151.34,7.13,7.13,15821,41,14.4,15.6,1.08,13.77,0.29,17.25
Alaska Airlines Inc.,AS,2015,8,16095,3.66,15.2,7.92,2.5,152.82,6.57,36,0.22,28,0.17,2685,38.58,18.32,34.92,45.68,147.47,7.71,7.71,16095,28,17.03,17.1,1.63,15.93,0.47,14.83
Alaska Airlines Inc.,AS,2015,9,14271,0.23,15.1,6.24,-1.81,154.8,6.58,26,0.18,13,0.09,1567,38.14,18.45,36.38,45.41,154.44,7.47,7.47,14271,13,16.21,17.02,1.18,12.88,0.75,12.86
Alaska Airlines Inc.,AS,2015,10,14467,-0.08,15.21,6.44,-2.99,157.75,6.83,33,0.22,20,0.13,1648,34.34,18.66,24.17,43.31,155.42,7.58,7.58,14467,20,11.91,18.14,1.55,13.8,0.17,14.15
Alaska Airlines Inc.,AS,2015,11,13950,1.7,16.03,-1.84,-1.91,163.77,6.99,46,0.32,33,0.23,1950,39.17,20.13,14.25,48.43,158.96,8.47,8.47,13950,33,19.94,18.61,1.62,15.4,0.18,17.1
Alaska Airlines Inc.,AS,2015,12,14459,2.59,16.05,-0.21,-1.84,164.82,6.96,93,0.64,56,0.38,1982,40.43,20.02,29.95,48.59,158.99,8.48,8.48,14459,56,20.9,17.07,2.09,14.77,0.26,16.31
Alaska Airlines Inc.,AS,2016,1,14205,0.98,15.58,-2.16,-3.92,162.28,6.53,139,0.97,50,0.35,1655,43.22,19.42,24.36,49.95,176.05,7.69,7.69,14205,50,15.48,17.38,2.67,16.11,0.17,16.95
Alaska Airlines Inc.,AS,2016,2,13399,-0.86,14.79,0.19,-5.83,161.5,6.49,79,0.58,64,0.47,1293,42.33,18.31,26.11,48.06,187.29,7.29,7.29,13399,64,16.95,15.73,2.32,13.12,0.18,15.24
Alaska Airlines Inc.,AS,2016,3,14781,1.04,14.86,-0.5,-1.64,162.82,6.4,108,0.73,49,0.33,1854,38.27,18.59,23.47,46.84,169.32,6.96,6.96,14781,49,15.01,17.15,0.62,15.68,0.31,16.41
Alaska Airlines Inc.,AS,2016,4,14662,-0.87,14.69,1.31,-3.32,161.66,6.43,16,0.1,18,0.12,1520,34.86,18.8,33.77,43.45,165.66,7.39,7.39,14662,18,19.22,18.08,0.48,15.59,0.2,13.65
Alaska Airlines Inc.,AS,2016,5,15385,-1.55,14.54,2.3,-4.18,159.95,6.43,33,0.21,31,0.2,1433,33.86,18.64,24.37,42.46,161.41,7.53,7.53,15385,31,20.05,14.58,0.74,14.92,0.22,11.73
Alaska Airlines Inc.,AS,2016,6,15730,0.9,15.52,5.69,-0.24,159.6,6.85,35,0.22,44,0.27,2058,38.0,20.13,22.46,45.98,159.25,8.82,8.82,15730,44,26.34,17.96,1.33,16.1,0.24,15.31
Alaska Airlines Inc.,AS,2016,7,16256,-0.28,15.29,4.86,-2.46,159.5,6.73,20,0.12,23,0.14,1675,38.64,20.16,27.0,45.67,164.6,8.48,8.48,16256,23,23.64,16.84,1.11,16.64,0.37,11.94
Alaska Airlines Inc.,AS,2016,8,16455,0.56,15.69,8.09,-1.22,158.28,6.86,25,0.15,32,0.19,1954,37.99,20.4,36.29,45.19,161.12,8.01,8.01,16455,32,15.02,16.73,1.41,16.57,0.39,13.47
Alaska Airlines Inc.,AS,2016,9,13858,-1.48,15.54,10.81,-2.99,157.7,6.74,34,0.24,22,0.15,1295,33.8,20.17,41.75,44.08,175.43,8.3,8.3,13858,22,17.62,14.2,0.92,16.28,0.25,11.82
Alaska Airlines Inc.,AS,2016,10,14088,-0.12,15.54,10.99,-2.11,158.94,6.83,84,0.59,29,0.2,1643,38.58,19.62,31.04,47.81,157.46,8.46,8.46,14088,29,10.83,19.57,1.38,19.34,0.07,15.83
Alaska Airlines Inc.,AS,2016,11,13946,-0.73,15.29,6.81,-4.35,162.99,6.92,10,0.07,19,0.13,1652,32.31,18.74,30.14,42.19,172.22,8.43,8.43,13946,19,16.5,17.42,0.81,14.42,0.17,12.58
Alaska Airlines Inc.,AS,2016,12,14515,7.18,17.23,11.47,5.48,167.81,7.48,232,1.59,71,0.48,3164,43.32,21.94,37.96,54.74,173.75,9.63,9.63,14515,71,16.46,22.03,3.35,18.21,0.17,20.33
Alaska Airlines Inc.,AS,2017,1,14711,5.31,17.13,7.76,3.31,166.67,7.42,257,1.74,68,0.46,2964,42.3,23.07,33.31,53.53,172.06,9.08,9.08,14711,68,9.08,21.88,3.82,18.61,0.16,19.18
Alaska Airlines Inc.,AS,2017,2,13346,5.4,16.86,8.84,4.07,164.27,7.55,294,2.2,58,0.43,2644,44.91,22.31,36.18,57.3,171.64,9.81,9.81,13346,58,13.68,25.44,3.33,20.69,0.09,18.62
Alaska Airlines Inc.,AS,2017,3,15422,3.2,16.52,5.43,3.36,165.93,7.33,98,0.63,49,0.31,2975,35.22,20.34,24.1,45.79,166.83,8.59,8.59,15422,49,20.78,19.63,0.96,16.1,0.25,16.22
Alaska Airlines Inc.,AS,2017,4,15261,2.36,16.09,6.71,2.12,165.05,7.03,62,0.4,40,0.26,2706,36.18,20.01,25.33,46.21,169.53,8.42,8.42,15261,40,13.7,19.08,0.82,17.67,0.12,15.88
Alaska Airlines Inc.,AS,2017,5,16108,1.62,16.88,7.16,1.25,161.97,7.01,82,0.5,36,0.22,2685,34.28,21.83,27.69,45.17,162.84,8.76,8.76,16108,36,20.35,19.57,1.41,18.5,0.15,13.34
Alaska Airlines Inc.,AS,2017,6,16378,2.8,17.0,11.12,1.25,163.34,7.34,91,0.55,35,0.21,2671,39.46,21.69,29.35,46.81,168.08,8.52,8.52,16378,35,17.55,18.37,0.87,17.59,0.21,15.13
Alaska Airlines Inc.,AS,2017,7,17027,1.51,16.94,10.12,-1.1,162.13,7.28,69,0.4,39,0.22,2322,39.85,21.69,33.64,45.54,162.81,8.46,8.46,17027,39,18.6,20.13,1.72,14.01,0.34,14.16
Alaska Airlines Inc.,AS,2017,8,16784,2.62,17.29,9.81,0.91,162.97,7.27,109,0.64,41,0.24,2732,37.76,22.03,29.75,44.49,154.71,8.58,8.58,16784,41,26.71,16.64,0.89,17.18,0.42,14.14
Alaska Airlines Inc.,AS,2017,9,14934,-0.3,16.94,7.59,-2.6,161.44,7.1,109,0.72,29,0.19,1895,32.77,21.48,37.53,42.49,153.45,8.04,8.04,14934,29,11.96,18.16,1.04,15.41,0.11,11.53
Alaska Airlines Inc.,AS,2017,10,15076,0.75,17.06,6.78,-2.12,162.2,7.05,77,0.51,44,0.29,1990,39.27,21.23,27.95,46.91,158.46,7.89,7.89,15076,44,11.4,16.81,0.52,16.9,0.22,15.22
Alaska Airlines Inc.,AS,2017,11,14638,2.48,17.81,5.28,0.19,166.98,7.35,135,0.92,27,0.18,2299,41.79,24.26,34.74,55.05,178.41,9.5,9.5,14638,27,13.33,22.7,4.15,18.6,0.43,18.77
Alaska Airlines Inc.,AS,2017,12,15383,2.24,18.31,1.29,-2.51,167.14,7.7,125,0.81,38,0.24,2393,37.4,24.67,13.33,45.53,182.44,9.28,9.28,15383,38,20.58,20.86,1.94,14.29,0.48,15.32
Alaska Airlines Inc.,AS,2018,1,15312,-2.24,17.37,-0.43,-6.99,164.88,7.26,142,0.92,46,0.3,1515,37.13,23.27,13.84,46.08,167.25,9.06,9.06,15312,46,15.05,18.0,1.24,17.26,0.21,13.82
Alaska Airlines Inc.,AS,2018,2,14056,-1.05,17.78,0.23,-4.21,163.96,7.12,89,0.63,26,0.18,1955,29.46,24.7,12.18,42.67,169.44,8.11,8.11,14056,26,16.11,19.98,1.82,16.84,0.21,10.93
Alaska Airlines Inc.,AS,2018,3,15937,-1.18,16.9,2.68,-4.37,165.2,7.06,132,0.82,26,0.16,1950,28.48,22.68,12.03,40.34,172.69,8.1,8.1,15937,26,12.75,21.0,1.63,15.92,0.3,11.49
Alaska Airlines Inc.,AS,2018,4,21987,1.69,18.06,9.21,-0.53,173.1,7.73,127,0.57,55,0.25,3466,36.9,24.26,37.9,47.16,182.2,9.32,9.32,21987,55,19.74,23.12,0.49,19.04,0.2,13.6
Alaska Airlines Inc.,AS,2018,5,22974,2.68,18.13,7.87,1.7,172.59,7.84,149,0.64,59,0.25,3975,36.0,24.28,34.93,47.02,175.97,9.87,9.87,22974,59,18.85,21.07,0.91,21.07,0.13,12.03
Alaska Airlines Inc.,AS,2018,6,23248,2.63,18.38,8.69,-0.09,172.06,8.21,209,0.89,36,0.15,3839,34.62,24.62,29.61,44.55,183.28,11.29,11.29,23248,36,25.25,23.92,0.8,17.63,0.2,11.68
Alaska Airlines Inc.,AS,2018,7,24329,3.24,18.72,9.07,0.03,170.62,8.14,202,0.83,49,0.2,3909,41.49,25.67,39.9,49.83,192.17,10.55,10.55,24329,49,34.6,26.83,0.88,17.89,0.18,13.84
Alaska Airlines Inc.,AS,2018,8,23706,8.03,19.69,11.21,6.62,171.07,8.38,306,1.29,70,0.29,5554,44.72,25.57,37.11,53.88,174.75,10.33,10.33,23706,70,25.64,29.7,1.08,22.75,0.18,15.27
Alaska Airlines Inc.,AS,2018,9,21129,0.41,18.77,13.41,-2.98,170.08,7.88,168,0.79,26,0.12,2931,34.52,25.51,52.17,45.2,190.03,9.67,9.67,21129,26,29.48,19.81,0.66,20.11,0.17,11.19
Alaska Airlines Inc.,AS,2018,10,21634,3.41,19.91,13.58,0.99,171.26,8.34,180,0.83,58,0.26,4089,36.33,25.93,41.48,47.3,181.07,10.53,10.53,21634,58,26.91,21.42,1.08,19.0,0.13,15.1
Alaska Airlines Inc.,AS,2018,11,20577,5.15,19.31,12.95,0.78,176.02,8.06,300,1.45,75,0.36,3567,49.3,25.02,42.43,56.9,183.58,10.08,10.08,20577,75,45.49,24.26,3.44,21.33,0.17,20.19
Alaska Airlines Inc.,AS,2018,12,20872,2.91,19.37,11.62,-2.1,177.85,8.1,203,0.97,49,0.23,3522,37.63,24.92,31.08,47.04,174.05,9.77,9.77,20872,49,22.84,18.97,0.83,19.6,0.15,14.42
Alaska Airlines Inc.,AS,2019,1,20744,3.55,19.5,12.19,0.4,174.26,7.92,429,2.06,111,0.53,3506,45.38,26.59,32.55,56.42,175.84,9.97,9.97,20744,111,16.9,22.24,1.85,22.34,0.07,18.75
Alaska Airlines Inc.,AS,2019,2,19028,11.08,21.0,16.47,11.46,173.15,8.62,874,4.59,115,0.6,5097,49.07,28.29,43.46,63.08,173.26,11.1,11.1,19028,115,18.63,31.51,4.53,24.29,0.07,21.58
Alaska Airlines Inc.,AS,2019,3,21694,3.48,18.63,14.72,-0.46,174.98,7.9,267,1.23,45,0.2,3763,37.48,24.96,45.23,46.89,184.06,9.87,9.87,21694,45,19.48,19.77,0.93,17.68,0.12,14.89
Alaska Airlines Inc.,AS,2019,4,21300,2.53,18.4,15.68,-1.65,175.37,7.75,164,0.76,54,0.25,3250,41.48,23.76,50.18,49.14,185.18,9.57,9.57,21300,54,24.46,18.75,1.09,16.82,0.13,15.39
Alaska Airlines Inc.,AS,2019,5,22567,2.92,18.71,16.95,-0.23,175.51,7.85,116,0.51,43,0.19,3761,38.36,24.6,48.03,47.1,191.24,9.6,9.6,22567,43,31.79,22.99,0.83,18.7,0.06,14.88
Alaska Airlines Inc.,AS,2019,6,23271,5.14,18.99,17.33,1.28,173.27,8.16,206,0.88,52,0.22,3968,45.5,24.42,49.6,51.62,190.98,10.39,10.39,23271,52,29.96,19.33,1.39,16.82,0.28,18.17
Alaska Airlines Inc.,AS,2019,7,24594,4.73,19.4,16.47,0.1,170.92,8.34,140,0.56,66,0.26,3885,47.61,26.23,50.5,53.76,190.23,10.64,10.64,24594,66,27.89,24.19,1.66,17.25,0.13,19.22
Alaska Airlines Inc.,AS,2019,8,24688,7.31,19.98,17.6,3.82,168.65,8.79,228,0.92,54,0.21,5231,44.35,25.7,42.53,50.76,177.19,11.12,11.12,24688,54,25.55,25.72,0.89,17.21,0.11,19.53
Alaska Airlines Inc.,AS,2019,9,21737,3.51,19.55,17.73,0.34,169.35,8.52,117,0.53,44,0.2,3853,36.78,24.66,44.63,45.23,176.1,11.1,11.1,21737,44,46.25,21.78,1.25,17.14,0.25,13.78
Alaska Airlines Inc.,AS,2019,10,22194,2.67,19.1,17.12,-2.15,170.84,8.36,121,0.54,47,0.21,3323,40.94,23.84,50.05,48.13,175.94,10.71,10.71,22194,47,20.73,21.26,1.16,15.2,0.11,15.94
Alaska Airlines Inc.,AS,2019,11,21007,2.68,19.35,16.21,-2.52,173.84,8.49,175,0.83,42,0.19,3253,39.42,24.76,38.07,47.3,181.59,10.49,10.49,21007,42,16.95,19.98,1.2,16.51,0.2,15.36
Alaska Airlines Inc.,AS,2019,12,21993,11.3,19.88,20.37,7.13,175.85,9.12,241,1.09,51,0.23,5469,50.54,24.37,39.9,57.35,183.01,11.78,11.78,21993,51,20.41,23.75,0.69,17.67,0.16,22.73
Alaska Airlines Inc.,AS,2020,1,21110,5.93,19.76,18.37,1.59,174.19,8.4,272,1.28,55,0.26,4393,41.47,24.53,41.43,49.11,176.77,10.12,10.12,21110,55,17.56,25.56,1.26,15.11,0.17,17.97
Alaska Airlines Inc.,AS,2020,2,19515,2.84,19.09,18.71,-3.21,172.52,8.05,176,0.9,38,0.19,2862,45.27,23.95,51.61,51.49,169.97,9.45,9.45,19515,38,20.71,22.54,0.82,14.24,0.16,19.88
Alaska Airlines Inc.,AS,2020,3,21380,-0.31,18.1,13.73,-5.72,175.36,7.57,2951,13.8,38,0.17,2541,43.12,22.74,48.87,50.95,183.31,9.25,9.25,21380,38,15.74,18.37,1.55,15.71,0.13,17.3
Alaska Airlines Inc.,AS,2020,4,5964,-9.07,14.07,3.4,-20.4,157.88,4.97,1426,23.91,6,0.1,135,51.29,19.74,60.37,54.72,162.79,5.78,5.78,5964,6,3.55,15.41,2.56,8.82,0.54,13.79
Alaska Airlines Inc.,AS,2020,5,4391,-6.47,13.67,7.19,-18.04,153.8,5.25,39,0.88,7,0.15,150,44.5,15.62,60.12,45.51,144.62,5.66,5.66,4391,7,14.88,16.04,2.64,9.56,3.82,5.82
Alaska Airlines Inc.,AS,2020,6,6503,-2.94,14.03,7.02,-10.16,162.48,6.03,120,1.84,6,0.09,432,37.54,16.27,37.15,43.61,162.93,8.72,8.72,6503,6,17.0,18.34,1.62,9.91,1.48,6.66
Alaska Airlines Inc.,AS,2020,7,7661,-4.24,14.06,9.42,-8.34,163.58,5.97,64,0.83,7,0.09,510,32.38,16.14,42.88,40.06,163.72,7.23,7.23,7661,7,20.7,17.84,1.48,10.85,1.54,8.42
Alaska Airlines Inc.,AS,2020,8,9611,-4.38,15.16,8.97,-4.51,174.25,6.13,45,0.46,16,0.16,901,25.11,17.69,39.61,38.35,180.3,6.87,6.87,9611,16,15.6,17.02,2.16,13.6,0.68,8.38
Alaska Airlines Inc.,AS,2020,9,9643,-4.8,15.06,10.1,-9.3,165.85,6.03,61,0.63,8,0.08,611,34.0,16.13,47.77,41.0,150.84,6.5,6.5,9643,8,18.09,15.88,2.15,9.19,1.71,11.82
Alaska Airlines Inc.,AS,2020,10,10674,-4.48,15.91,11.01,-9.73,166.87,6.21,39,0.36,22,0.2,750,33.15,19.26,46.66,43.52,183.38,6.88,6.88,10674,22,16.56,17.3,1.52,12.22,0.88,9.98
Alaska Airlines Inc.,AS,2020,11,10766,-2.86,16.79,13.37,-6.69,174.6,6.25,124,1.15,37,0.34,1071,36.74,20.79,54.85,46.99,174.76,6.95,6.95,10766,37,11.07,19.75,1.82,11.77,0.56,13.22
Alaska Airlines Inc.,AS,2020,12,11008,-3.96,16.98,9.7,-11.1,180.76,6.69,164,1.48,39,0.35,825,34.66,22.81,41.77,45.31,175.43,8.48,8.48,11008,39,12.36,18.52,4.69,13.32,1.08,10.96
Alaska Airlines Inc.,AS,2021,1,10628,-5.16,17.05,9.14,-8.93,175.04,6.26,75,0.7,22,0.2,773,29.29,23.09,44.94,42.95,203.98,7.56,7.56,10628,22,18.4,17.97,1.19,14.76,1.04,10.28
Alaska Airlines Inc.,AS,2021,2,11375,1.27,18.61,11.07,1.23,173.2,7.02,689,6.05,27,0.23,2035,34.48,25.53,40.91,54.15,192.95,8.84,8.84,11375,27,12.96,29.26,6.81,21.78,0.18,13.1
Alaska Airlines Inc.,AS,2021,3,14531,0.4,17.19,10.45,-3.39,172.07,7.09,229,1.57,25,0.17,1753,36.54,20.41,41.35,45.32,177.32,8.25,8.25,14531,25,16.72,19.67,1.3,12.18,0.56,13.92
Alaska Airlines Inc.,AS,2021,4,15127,0.18,16.77,10.79,-4.39,176.72,7.53,131,0.86,24,0.15,1636,36.23,20.17,37.92,43.07,185.1,9.38,9.38,15127,24,19.1,18.29,0.51,10.99,0.66,13.68
Alaska Airlines Inc.,AS,2021,5,15999,-0.48,16.78,11.79,-4.75,173.96,7.57,36,0.22,22,0.13,1608,33.65,19.9,41.01,40.94,186.39,9.36,9.36,15999,22,26.79,19.79,1.22,12.05,0.45,10.78
Alaska Airlines Inc.,AS,2021,6,16971,6.87,17.5,13.87,4.04,173.25,8.88,247,1.45,28,0.16,3538,38.63,20.22,41.35,45.54,182.67,11.93,11.93,16971,28,22.65,19.14,1.09,12.17,0.4,15.14
Alaska Airlines Inc.,AS,2021,7,17370,4.94,17.78,10.12,1.4,176.05,8.23,119,0.68,37,0.21,2968,39.23,20.98,40.33,45.68,190.01,10.36,10.36,17370,37,28.79,20.94,1.32,11.54,0.69,15.63
Alaska Airlines Inc.,AS,2021,8,17890,5.72,18.17,12.94,3.3,174.54,8.84,120,0.67,29,0.16,3581,37.57,21.62,38.29,45.41,180.99,11.32,11.32,17890,29,22.88,20.27,1.39,12.33,0.42,14.93
Alaska Airlines Inc.,AS,2021,9,17438,1.87,18.32,12.12,-1.94,169.61,8.41,127,0.72,22,0.12,2468,38.81,22.21,49.36,45.58,169.88,10.18,10.18,17438,22,30.39,22.76,1.1,11.82,0.47,14.86
Alaska Airlines Inc.,AS,2021,10,17848,4.13,18.23,11.91,-0.29,169.78,8.81,191,1.07,46,0.25,3047,36.97,21.58,37.76,44.62,169.23,11.68,11.68,17848,46,20.39,20.67,0.94,13.43,0.24,13.27
Alaska Airlines Inc.,AS,2021,11,16893,6.32,18.84,12.8,2.47,182.89,8.62,237,1.4,57,0.33,3392,38.17,21.88,32.04,45.7,185.64,10.96,10.96,16893,57,22.51,20.18,0.89,12.3,0.36,16.16
Alaska Airlines Inc.,AS,2021,12,16885,15.29,20.67,12.54,13.39,188.21,9.75,1016,6.01,93,0.55,5036,49.27,25.43,23.8,60.75,194.75,12.6,12.6,16885,93,27.03,27.58,5.49,16.8,0.57,19.47
Alaska Airlines Inc.,AS,2022,1,16549,8.07,19.3,11.24,5.23,175.97,8.28,1269,7.66,76,0.45,3498,46.67,23.06,21.16,54.39,184.33,11.04,11.04,16549,76,19.56,22.98,1.89,12.19,0.16,18.92
Alaska Airlines Inc.,AS,2022,2,15969,2.96,19.18,10.79,0.02,176.18,8.06,243,1.52,36,0.22,2735,35.57,24.25,29.82,45.25,187.13,9.99,9.99,15969,36,15.12,21.53,1.88,13.19,0.22,13.97
Alaska Airlines Inc.,AS,2022,3,18773,5.0,18.48,12.82,1.6,177.47,7.94,247,1.31,32,0.17,3195,41.94,22.31,29.1,49.33,193.65,10.23,10.23,18773,32,24.65,22.64,1.26,12.61,0.35,17.59
Alaska Airlines Inc.,AS,2022,4,19361,8.4,18.82,12.4,6.12,179.31,8.33,1058,5.46,69,0.35,4131,45.58,22.6,31.23,52.85,196.92,11.26,11.26,19361,69,27.97,21.21,1.59,13.63,0.11,19.77
Alaska Airlines Inc.,AS,2022,5,19554,5.48,18.88,10.47,2.69,180.03,8.41,661,3.38,39,0.19,3517,40.71,22.76,40.14,47.7,202.19,11.14,11.14,19554,39,27.11,23.77,1.01,13.31,0.23,14.78
Alaska Airlines Inc.,AS,2022,6,18917,6.46,19.64,16.97,4.36,177.8,8.9,160,0.84,50,0.26,3780,40.85,24.28,41.52,49.3,197.96,12.23,12.23,18917,50,26.43,22.31,1.31,14.58,0.16,15.81
Alaska Airlines Inc.,AS,2022,7,20387,5.11,19.47,15.22,2.16,177.19,8.95,100,0.49,51,0.25,3687,40.7,23.36,41.41,48.14,183.11,11.72,11.72,20387,51,23.42,22.73,1.3,12.27,1.16,16.3
Alaska Airlines Inc.,AS,2022,8,20514,5.3,19.37,14.15,2.16,177.21,8.96,134,0.65,47,0.22,3761,40.95,23.3,38.22,48.54,185.45,11.81,11.81,20514,47,29.66,24.48,1.98,13.8,0.62,17.18
Alaska Airlines Inc.,AS,2022,9,19775,3.98,19.7,16.39,0.5,171.6,8.83,188,0.95,60,0.3,3212,40.87,24.27,46.32,47.25,180.17,10.81,10.81,19775,60,27.31,20.86,1.11,13.2,0.24,16.08
Alaska Airlines Inc.,AS,2022,10,19645,3.04,19.36,17.44,-1.55,172.37,8.61,100,0.5,36,0.18,2894,37.96,23.47,49.5,44.97,189.58,11.38,11.38,19645,36,23.48,21.64,1.22,12.82,0.3,14.42
Alaska Airlines Inc.,AS,2022,11,18861,6.91,20.38,15.63,4.61,177.75,8.69,323,1.71,54,0.28,3838,43.99,26.02,39.25,55.57,191.45,11.55,11.55,18861,54,20.32,25.65,4.38,16.21,0.2,19.77
Alaska Airlines Inc.,AS,2022,12,20079,19.13,21.84,15.89,18.03,180.23,9.22,1735,8.64,125,0.62,6755,52.06,25.96,28.14,60.37,189.06,10.98,10.98,20079,125,22.65,23.85,3.99,14.69,0.34,23.84
Alaska Airlines Inc.,AS,2023,1,19801,6.37,20.31,12.3,3.26,177.79,8.07,280,1.41,100,0.5,4111,43.09,25.46,31.78,51.33,196.8,9.87,9.87,19801,100,23.96,22.26,1.84,15.7,0.18,19.43
Alaska Airlines Inc.,AS,2023,2,17913,7.84,20.43,9.3,5.28,179.71,8.17,573,3.19,89,0.49,3911,44.87,25.13,16.99,54.39,192.78,10.16,10.16,17913,89,17.79,26.05,2.63,14.44,0.19,19.77
Alaska Airlines Inc.,AS,2023,3,19975,7.42,19.89,13.53,5.2,183.67,7.99,204,1.02,76,0.38,4387,41.77,23.78,29.77,49.26,202.45,9.45,9.45,19975,76,22.73,22.43,2.01,13.57,0.37,19.6
Alaska Airlines Inc.,AS,2023,4,19573,6.27,19.69,17.68,4.09,183.79,8.12,220,1.12,47,0.24,4181,38.75,24.07,38.72,47.52,202.67,10.0,10.0,19573,47,21.76,22.74,1.88,14.18,0.23,16.7
Alaska Airlines Inc.,AS,2023,5,20641,3.37,19.26,15.07,-0.21,179.88,8.29,79,0.38,30,0.14,3363,36.86,23.88,41.04,44.78,195.56,10.41,10.41,20641,30,23.57,21.05,1.64,13.09,0.53,14.86
Alaska Airlines Inc.,AS,2023,6,21337,8.38,19.61,10.58,5.34,179.66,8.62,79,0.37,62,0.29,4862,42.75,23.5,25.68,49.65,198.85,10.76,10.76,21337,62,34.87,22.37,1.59,13.39,0.37,18.36
Alaska Airlines Inc.,AS,2023,7,22743,10.15,19.78,5.05,6.37,181.02,8.91,112,0.49,60,0.26,4900,53.72,23.77,19.61,58.33,203.02,11.4,11.4,22743,60,29.41,24.31,2.66,13.93,0.3,24.78
Alaska Airlines Inc.,AS,2023,8,22974,6.56,20.14,7.59,3.61,180.54,9.1,81,0.35,51,0.22,4692,42.12,23.95,23.11,49.06,188.04,11.2,11.2,22974,51,34.36,23.16,1.91,11.82,0.33,18.69
Alaska Airlines Inc.,AS,2023,9,21426,4.79,20.09,13.5,1.6,178.49,8.87,87,0.4,42,0.19,3738,42.87,24.9,40.81,49.84,190.76,10.92,10.92,21426,42,28.02,23.76,2.36,12.69,0.3,18.14
Alaska Airlines Inc.,AS,2023,10,20306,2.78,20.0,15.32,-1.9,179.91,8.55,48,0.23,48,0.23,2906,38.82,25.29,43.3,45.81,185.65,10.56,10.56,20306,48,25.88,24.58,1.25,12.08,0.25,15.38
Alaska Airlines Inc.,AS,2023,11,19255,3.64,20.23,10.73,-1.06,185.07,8.52,86,0.44,58,0.3,3180,38.09,25.21,33.42,45.54,190.48,10.35,10.35,19255,58,17.77,19.1,2.31,12.08,0.25,16.87
Alaska Airlines Inc.,AS,2023,12,19400,6.03,20.24,11.78,-1.01,188.39,8.64,128,0.65,61,0.31,3417,44.07,24.13,31.54,48.89,192.47,10.71,10.71,19400,61,20.61,22.22,2.06,12.03,0.42,18.39
Alaska Airlines Inc.,AS,2024,1,17775,15.75,19.78,13.36,10.38,175.36,7.87,3119,17.54,161,0.9,3995,60.73,23.54,29.12,64.53,183.7,8.83,8.83,17775,161,23.16,25.34,3.7,10.81,0.36,31.6
Alaska Airlines Inc.,AS,2024,2,16863,4.22,19.56,11.71,-1.02,181.69,8.09,137,0.81,56,0.33,2869,42.14,23.95,41.0,49.46,185.39,9.59,9.59,16863,56,20.9,19.5,1.81,14.86,0.32,18.0
Alaska Airlines Inc.,AS,2024,3,19639,8.51,19.69,14.11,4.16,185.79,8.3,143,0.72,52,0.26,4245,48.9,23.75,35.0,54.32,191.11,10.01,10.01,19639,52,28.37,20.78,1.54,14.53,0.2,22.61
Alaska Airlines Inc.,AS,2024,4,19430,7.34,19.63,16.3,3.41,184.52,8.26,108,0.55,35,0.18,4001,47.96,23.6,39.89,53.37,195.98,10.0,10.0,19430,35,24.66,23.91,1.55,13.82,0.46,21.03
Alaska Airlines Inc.,AS,2024,5,21257,8.21,19.83,13.33,5.91,184.49,8.46,117,0.55,42,0.19,5086,41.39,23.49,34.59,47.91,195.86,10.12,10.12,21257,42,34.86,20.54,1.33,13.15,0.2,18.17
Alaska Airlines Inc.,AS,2024,6,22166,9.27,20.26,9.65,7.48,184.73,8.71,153,0.69,40,0.18,5594,41.84,24.45,23.56,48.89,192.41,10.37,10.37,22166,40,29.4,22.67,2.14,13.05,0.2,19.5
Alaska Airlines Inc.,AS,2024,7,23884,9.25,20.37,9.55,7.38,182.74,9.07,220,0.92,39,0.16,6128,40.88,24.45,19.75,47.63,192.06,10.98,10.98,23884,39,28.56,26.24,1.58,12.21,0.2,19.75
Alaska Airlines Inc.,AS,2024,8,23265,9.37,20.82,11.71,7.73,180.58,9.2,261,1.12,72,0.3,5773,43.51,25.38,27.5,51.02,184.74,11.06,11.06,23265,72,37.52,20.3,2.85,13.65,0.2,20.72
Alaska Airlines Inc.,AS,2024,9,21548,4.79,20.84,14.39,2.85,177.21,9.29,140,0.64,48,0.22,4323,36.63,26.09,43.74,44.93,183.35,11.71,11.71,21548,48,32.26,20.93,1.22,13.24,0.18,16.32
Alaska Airlines Inc.,AS,2024,10,20503,3.47,20.53,18.8,0.34,175.64,9.02,174,0.84,42,0.2,3436,36.7,25.78,49.91,45.62,183.76,11.76,11.76,20503,42,28.17,24.13,1.94,13.74,0.3,15.25
Alaska Airlines Inc.,AS,2024,11,19462,3.05,20.28,14.7,0.27,180.25,8.48,115,0.59,36,0.18,3270,35.62,25.02,36.42,45.94,192.3,10.93,10.93,19462,36,30.35,24.03,0.88,16.62,0.17,15.5
Alaska Airlines Inc.,AS,2024,12,20027,9.31,20.88,14.83,3.98,186.13,8.87,124,0.61,62,0.3,4324,47.33,26.25,33.29,53.51,192.26,11.5,11.5,20027,62,30.27,23.01,2.85,14.2,0.29,22.25
Alaska Airlines Inc.,AS,2025,1,18163,5.26,20.64,18.07,-0.11,177.01,8.52,243,1.33,73,0.4,3137,44.32,25.88,43.58,50.55,178.79,10.46,10.46,18163,73,24.75,22.7,3.75,12.51,0.37,18.46
Alaska Airlines Inc.,AS,2025,2,16315,6.93,21.37,18.02,2.8,177.98,8.63,352,2.15,46,0.28,3362,43.41,28.13,49.28,52.93,189.39,11.26,11.26,16315,46,23.75,27.65,2.86,17.24,0.22,18.44
Alaska Airlines Inc.,AS,2025,3,18925,5.4,20.41,13.85,1.22,183.06,8.6,123,0.64,46,0.24,3553,42.94,25.16,40.14,50.81,187.79,11.13,11.13,18925,46,23.42,22.98,1.98,14.65,0.1,19.98
Alaska Airlines Inc.,AS,2025,4,19025,4.99,20.09,14.32,1.43,183.78,8.64,80,0.42,34,0.17,3568,41.04,24.41,40.44,48.65,194.18,11.13,11.13,19025,34,31.02,18.73,0.97,13.63,0.18,19.15
Alaska Airlines Inc.,AS,2025,5,21751,8.5,21.06,14.33,7.01,180.02,9.3,121,0.55,30,0.13,5438,41.51,25.63,35.64,50.37,191.21,11.98,11.98,21751,30,23.84,21.65,1.38,17.27,0.15,19.34
Alaska Airlines Inc.,AS,2025,6,22576,11.96,21.35,11.64,10.97,180.2,9.61,174,0.77,49,0.21,6773,42.7,25.54,21.04,50.32,188.87,12.2,12.2,22576,49,33.56,27.24,1.44,13.89,0.36,21.53
Alaska Airlines Inc.,AS,2025,7,23619,13.76,21.24,9.36,12.05,179.27,9.96,512,2.16,95,0.4,7051,47.4,25.12,19.23,54.1,191.37,12.74,12.74,23619,95,35.79,29.59,1.9,14.15,0.3,24.04
Alaska Airlines Inc.,AS,2025,8,22976,10.83,21.21,13.22,8.19,177.83,9.77,247,1.07,39,0.16,6167,43.64,25.07,31.12,49.42,184.02,12.42,12.42,22976,39,32.09,23.28,1.28,11.71,0.27,21.91
Alaska Airlines Inc.,AS,2025,9,20747,3.86,21.37,15.39,-0.99,174.48,9.53,132,0.63,48,0.23,3369,41.03,27.15,45.1,48.26,183.74,12.85,12.85,20747,48,27.76,23.26,1.72,14.33,0.39,17.18
Alaska Airlines Inc.,AS,2025,10,20637,7.31,21.38,18.43,2.93,175.37,9.42,425,2.05,55,0.26,4014,48.83,26.64,45.34,55.94,192.0,12.52,12.52,20637,55,33.59,23.17,1.41,15.47,0.15,19.45
Alaska Airlines Inc.,AS,2025,11,19752,4.95,21.96,14.11,0.35,176.15,9.25,258,1.3,72,0.36,3653,41.29,28.58,37.55,49.71,192.14,11.9,11.9,19752,72,23.11,25.32,1.68,17.85,0.12,17.43
Allegiant Air,G4,2018,1,6814,10.35,13.74,21.74,5.94,124.34,6.51,58,0.85,26,0.38,1376,62.8,18.01,69.3,66.64,123.95,7.25,7.25,6814,26,24.73,24.91,4.99,9.58,0.2,27.27
Allegiant Air,G4,2018,2,7047,11.24,13.58,19.08,7.55,124.79,6.48,29,0.41,20,0.28,1481,66.84,18.04,58.63,72.52,126.23,7.03,7.03,7047,20,17.95,25.66,3.14,10.61,0.2,29.39
Allegiant Air,G4,2018,3,9276,11.59,13.25,21.1,8.0,124.77,6.46,45,0.48,13,0.14,1939,66.05,16.2,64.43,69.2,123.17,7.24,7.24,9276,13,18.56,26.31,2.23,9.76,0.3,29.38
Allegiant Air,G4,2018,4,8146,11.63,13.14,19.45,8.46,120.19,6.53,30,0.36,22,0.27,1675,68.89,16.3,59.4,73.03,121.68,7.35,7.35,8146,22,21.26,28.26,2.45,11.21,0.14,29.42
Allegiant Air,G4,2018,5,8033,16.5,12.52,21.47,12.87,116.17,6.77,26,0.32,17,0.21,1829,81.53,14.34,63.59,83.5,114.37,7.91,7.91,8033,17,24.31,22.07,2.92,10.36,0.13,35.04
Allegiant Air,G4,2018,6,9776,20.73,12.65,21.63,18.99,114.18,7.14,220,2.25,24,0.24,2717,79.0,13.81,51.48,81.69,112.74,8.58,8.58,9776,24,23.46,21.56,3.86,9.49,0.1,36.85
Allegiant Air,G4,2018,7,10325,20.82,12.99,24.03,20.33,113.67,7.5,165,1.59,44,0.42,3195,71.99,14.81,55.71,77.68,113.29,9.3,9.3,10325,44,21.45,26.55,5.58,12.97,0.05,35.82
Allegiant Air,G4,2018,8,8170,11.38,12.74,19.72,9.38,113.74,7.24,13,0.15,21,0.25,1746,66.53,14.56,60.48,70.83,112.11,9.51,9.51,8170,21,20.47,22.72,7.08,9.42,0.16,28.3
Allegiant Air,G4,2018,9,5724,7.21,12.54,16.18,3.05,113.52,6.88,65,1.13,18,0.31,935,66.29,14.33,59.06,68.55,110.24,9.49,9.49,5724,18,26.22,23.95,6.67,6.92,0.13,27.9
Allegiant Air,G4,2018,10,7597,8.48,12.43,16.54,4.15,115.64,6.5,26,0.34,12,0.15,1212,73.95,14.14,65.53,74.55,113.08,7.35,7.35,7597,12,28.3,28.46,2.79,7.35,0.21,30.4
Allegiant Air,G4,2018,11,7641,10.03,13.24,18.54,7.54,119.27,6.71,30,0.39,17,0.22,1584,62.09,16.72,64.27,67.84,121.35,8.04,8.04,7641,17,19.83,22.87,2.79,11.79,0.21,28.11
Allegiant Air,G4,2018,12,7672,8.82,13.28,17.94,5.69,121.91,6.62,62,0.8,26,0.33,1542,60.22,16.89,64.98,65.91,123.61,7.66,7.66,7672,26,23.0,34.97,5.6,12.9,0.24,29.21
Allegiant Air,G4,2019,1,6763,10.29,14.06,19.85,9.83,123.35,6.42,50,0.73,19,0.28,1728,50.64,18.73,59.38,59.7,129.32,7.08,7.08,6763,19,22.22,28.22,3.41,13.34,0.4,24.84
Allegiant Air,G4,2019,2,7271,12.29,14.34,19.42,10.72,124.4,6.42,91,1.25,23,0.31,1692,65.59,19.68,61.45,73.44,128.58,7.02,7.02,7271,23,17.43,28.79,5.92,12.94,0.19,30.28
Allegiant Air,G4,2019,3,10260,4.19,12.8,12.64,0.46,123.32,6.42,42,0.4,15,0.14,1448,58.3,16.47,52.94,62.83,128.1,7.18,7.18,10260,15,29.16,23.63,3.7,11.24,0.12,24.6
Allegiant Air,G4,2019,4,9283,8.88,12.4,15.19,6.25,121.29,6.41,64,0.68,24,0.25,1620,68.71,14.6,54.88,72.64,124.78,7.38,7.38,9283,24,17.45,28.85,5.28,10.56,0.13,28.92
Allegiant Air,G4,2019,5,9021,9.4,12.78,15.95,7.06,114.11,6.68,13,0.14,26,0.28,1809,60.45,14.82,50.6,64.66,117.69,7.85,7.85,9021,26,17.46,33.51,5.82,8.63,0.06,26.22
Allegiant Air,G4,2019,6,11091,14.77,12.92,17.26,13.98,111.86,7.2,54,0.48,50,0.45,2899,64.08,15.27,43.59,70.08,113.8,8.94,8.94,11091,50,21.59,22.87,6.52,9.01,0.1,31.23
Allegiant Air,G4,2019,7,11786,11.02,12.41,14.86,8.75,110.5,7.52,41,0.34,27,0.22,2460,67.78,14.51,46.01,73.48,110.59,10.71,10.71,11786,27,22.82,25.63,9.75,7.66,0.22,30.13
Allegiant Air,G4,2019,8,8717,13.78,13.0,17.68,11.89,110.56,7.24,24,0.27,13,0.14,1981,74.66,15.78,57.01,80.09,112.31,9.6,9.6,8717,13,17.69,30.91,6.41,11.42,0.09,32.85
Allegiant Air,G4,2019,9,5726,4.37,12.63,12.63,0.56,109.04,6.57,144,2.51,6,0.1,758,63.26,15.18,61.35,65.92,110.03,8.27,8.27,5726,6,17.5,24.98,5.72,7.34,0.22,20.87
Allegiant Air,G4,2019,10,7866,8.67,12.6,13.94,5.33,113.47,6.64,6,0.07,13,0.16,1285,72.51,14.73,51.38,75.89,114.5,8.28,8.28,7866,13,24.13,22.69,2.82,8.96,0.1,30.69
Allegiant Air,G4,2019,11,8140,7.99,13.05,16.26,6.14,116.71,6.71,25,0.3,7,0.08,1466,63.69,16.52,61.55,69.69,119.48,8.21,8.21,8140,7,23.57,27.64,2.81,12.08,0.05,25.11
Allegiant Air,G4,2019,12,9381,13.19,13.61,17.68,12.21,119.12,6.84,70,0.74,15,0.15,2395,60.7,16.99,48.23,66.94,120.52,8.01,8.01,9381,15,20.36,25.31,5.12,11.49,0.33,28.36
Allegiant Air,G4,2020,1,7774,8.2,13.77,17.86,6.41,120.85,6.64,86,1.1,25,0.32,1538,59.8,17.82,59.83,67.0,125.15,7.62,7.62,7774,25,19.46,28.96,6.27,12.73,0.19,26.17
Allegiant Air,G4,2020,2,8714,11.76,13.65,17.63,11.75,123.48,6.78,24,0.27,24,0.27,2089,62.59,17.52,47.72,72.03,126.76,7.5,7.5,8714,24,21.69,28.31,6.05,13.3,0.25,26.0
Allegiant Air,G4,2020,3,11754,3.67,12.55,10.54,3.85,121.84,9.17,2898,24.65,14,0.11,1506,60.68,16.11,45.24,69.22,127.82,9.87,9.87,11754,14,22.26,27.82,1.62,18.05,0.16,26.18
Allegiant Air,G4,2020,4,6256,15.69,10.61,17.29,9.99,134.96,6.24,5298,84.68,129,2.06,179,110.75,10.36,72.85,111.98,145.9,6.94,6.94,6256,129,15.5,22.0,0.65,57.47,0.07,39.06
Allegiant Air,G4,2020,5,9643,10.61,11.1,12.38,7.08,118.13,6.61,5166,53.57,139,1.44,728,95.04,12.26,57.85,98.39,122.97,8.41,8.41,9643,139,16.79,22.86,4.69,40.49,0.1,25.43
Allegiant Air,G4,2020,6,9019,1.58,11.1,3.45,-1.2,113.09,6.48,134,1.48,12,0.13,1093,63.81,12.77,19.94,67.0,113.6,7.63,7.63,9019,12,19.41,20.07,5.7,8.57,0.1,24.17
Allegiant Air,G4,2020,7,10349,3.27,11.28,4.03,0.13,112.26,6.62,84,0.81,32,0.3,1386,77.51,13.08,26.18,80.44,113.24,8.16,8.16,10349,32,20.12,26.89,7.25,6.66,0.12,32.77
Allegiant Air,G4,2020,8,8619,3.18,11.13,6.23,-0.01,112.03,6.75,257,2.98,38,0.44,1119,79.07,12.49,40.09,83.26,112.47,9.8,9.8,8619,38,20.27,23.61,11.68,12.37,0.04,27.72
Allegiant Air,G4,2020,9,4917,3.63,11.28,11.04,-0.54,112.63,6.24,80,1.62,7,0.14,620,74.77,12.8,57.39,75.8,109.72,7.69,7.69,4917,7,11.77,27.43,12.28,9.49,0.34,22.18
Allegiant Air,G4,2020,10,7141,12.1,11.42,15.19,8.31,115.39,6.31,60,0.84,40,0.56,1248,92.06,13.21,57.97,93.5,116.0,7.18,7.18,7141,40,18.6,26.22,3.35,11.87,0.37,34.18
Allegiant Air,G4,2020,11,6935,3.89,11.35,11.69,0.48,116.58,6.23,57,0.82,19,0.27,846,80.17,13.86,66.8,84.07,119.45,7.73,7.73,6935,19,23.8,25.0,3.53,9.91,0.27,26.92
Allegiant Air,G4,2020,12,7368,4.51,11.98,12.3,1.26,121.35,6.24,152,2.06,20,0.27,1085,67.81,16.77,56.72,74.08,121.41,7.64,7.64,7368,20,16.26,31.1,3.64,19.37,0.07,25.55
Allegiant Air,G4,2021,1,5827,3.66,13.08,13.63,0.16,123.55,6.16,277,4.75,24,0.41,835,66.31,19.46,66.81,74.35,128.58,7.36,7.36,5827,24,23.64,30.32,6.84,23.44,0.2,22.44
Allegiant Air,G4,2021,2,7977,6.34,13.66,15.61,5.02,124.64,6.32,443,5.55,13,0.16,1492,58.48,19.97,58.19,69.01,127.85,7.31,7.31,7977,13,23.36,32.88,5.75,16.48,0.01,22.75
Allegiant Air,G4,2021,3,11709,7.54,11.95,11.32,5.78,122.47,6.38,87,0.74,21,0.17,1991,74.4,14.2,43.04,79.59,126.17,7.56,7.56,11709,21,23.09,22.34,2.0,10.5,0.14,33.09
Allegiant Air,G4,2021,4,9475,9.67,12.08,15.27,8.04,118.15,6.53,146,1.54,11,0.11,1794,69.41,14.02,51.33,74.7,122.88,8.02,8.02,9475,11,22.18,30.17,6.67,14.51,0.18,26.09
Allegiant Air,G4,2021,5,8920,10.67,12.1,14.68,9.82,113.15,6.6,23,0.25,9,0.1,1897,63.66,13.45,42.95,67.59,114.25,7.94,7.94,8920,9,17.6,24.39,1.7,7.96,0.2,29.53
Allegiant Air,G4,2021,6,12568,25.85,12.95,19.01,28.04,112.35,8.08,278,2.21,33,0.26,5148,63.57,14.19,34.4,70.9,112.88,10.13,10.13,12568,33,27.77,29.5,4.33,11.52,1.23,34.02
Allegiant Air,G4,2021,7,14130,28.28,13.21,16.39,30.31,112.17,7.84,820,5.8,32,0.22,5944,65.57,14.43,29.13,72.16,113.23,9.32,9.32,14130,32,19.12,33.57,5.0,11.28,0.39,35.85
Allegiant Air,G4,2021,8,9920,15.86,13.31,16.09,16.98,112.65,7.41,570,5.74,23,0.23,2965,58.8,15.1,36.51,65.65,113.53,9.18,9.18,9920,23,20.18,27.51,4.64,10.99,0.23,29.04
Allegiant Air,G4,2021,9,6704,11.37,13.42,18.51,11.95,112.74,6.77,50,0.74,12,0.17,1700,58.87,15.85,50.16,64.6,115.7,7.96,7.96,6704,12,23.91,24.2,3.45,8.95,0.39,26.48
Allegiant Air,G4,2021,10,9313,16.35,13.36,19.43,16.81,115.81,6.79,333,3.57,23,0.24,2824,58.62,15.4,48.53,64.38,116.7,7.74,7.74,9313,23,30.23,34.78,2.39,12.2,0.2,29.75
Allegiant Air,G4,2021,11,8999,14.74,13.76,19.39,14.68,118.94,6.69,153,1.7,12,0.13,2778,52.4,15.65,46.8,57.61,118.56,7.58,7.58,8999,12,17.28,26.66,1.42,9.26,0.23,26.12
Allegiant Air,G4,2021,12,10339,17.44,14.24,22.92,18.28,123.1,6.96,649,6.27,37,0.35,3339,55.07,16.61,50.12,62.7,127.19,8.02,8.02,10339,37,20.62,32.12,3.6,13.13,0.19,28.37
Allegiant Air,G4,2022,1,8714,12.15,14.8,21.37,12.24,125.81,6.62,724,8.3,15,0.17,2266,56.09,18.77,55.16,64.01,127.7,7.69,7.69,8714,15,23.36,36.2,5.15,11.73,0.04,27.9
Allegiant Air,G4,2022,2,8672,13.37,14.59,21.95,13.45,127.35,6.78,493,5.68,18,0.2,2518,52.08,17.74,52.1,59.18,130.9,7.94,7.94,8672,18,24.71,36.46,3.58,10.72,0.15,24.93
Allegiant Air,G4,2022,3,11766,20.59,14.66,25.56,23.04,126.9,7.16,633,5.37,25,0.21,4373,56.3,17.21,51.45,65.62,130.62,8.27,8.27,11766,25,20.48,39.34,2.51,16.62,0.1,29.47
Allegiant Air,G4,2022,4,10542,20.56,14.13,26.67,22.98,123.98,7.17,310,2.94,18,0.17,3966,57.35,16.35,54.1,65.87,128.1,8.51,8.51,10542,18,36.0,35.1,2.39,15.59,0.17,31.55
Allegiant Air,G4,2022,5,9867,16.96,13.6,20.02,17.49,119.91,7.22,179,1.81,22,0.22,3156,57.87,15.57,46.52,64.59,121.38,8.86,8.86,9867,22,28.18,27.49,3.65,12.05,0.14,29.61
Allegiant Air,G4,2022,6,11510,21.99,14.11,21.37,23.55,118.38,7.95,368,3.19,34,0.29,4315,60.09,16.1,38.82,67.75,118.87,9.9,9.9,11510,34,20.67,37.16,4.69,13.68,0.28,32.32
Allegiant Air,G4,2022,7,12433,23.7,13.91,20.21,25.91,117.56,7.91,184,1.47,29,0.23,4643,67.09,15.87,37.68,75.57,116.59,9.96,9.96,12433,29,25.23,31.19,5.92,13.0,0.17,34.77
Allegiant Air,G4,2022,8,9282,17.64,13.72,21.57,18.92,117.16,7.61,103,1.1,34,0.36,2974,61.95,15.49,47.91,69.61,116.6,9.58,9.58,9282,34,22.16,37.6,6.42,11.63,1.17,30.58
Allegiant Air,G4,2022,9,7017,11.14,14.18,18.85,10.23,115.67,7.02,323,4.6,19,0.27,1625,57.52,17.15,48.09,63.4,115.08,8.57,8.57,7017,19,26.0,28.58,5.67,11.43,0.09,23.84
Allegiant Air,G4,2022,10,8531,12.19,13.66,17.3,11.12,120.11,6.85,120,1.4,13,0.15,2183,57.03,15.98,40.04,61.55,120.7,8.24,8.24,8531,13,27.61,28.41,2.07,11.47,0.1,25.53
Allegiant Air,G4,2022,11,8122,18.23,14.47,20.62,17.9,122.76,6.89,123,1.51,24,0.29,2496,65.53,17.48,44.36,72.47,122.39,7.84,7.84,8122,24,24.88,41.65,3.79,12.69,0.21,31.11
Allegiant Air,G4,2022,12,10421,25.76,15.77,25.15,27.28,124.98,7.54,550,5.27,50,0.47,3858,70.37,19.35,47.92,79.1,125.93,9.02,9.02,10421,50,24.91,37.13,8.51,15.73,0.16,32.5
Allegiant Air,G4,2023,1,8615,17.5,15.97,22.79,15.8,125.95,7.4,115,1.33,22,0.25,2412,73.16,20.69,56.84,80.96,129.67,9.03,9.03,8615,22,22.92,34.36,11.23,19.26,0.08,27.21
Allegiant Air,G4,2023,2,8508,12.99,14.88,20.72,9.96,126.97,7.09,58,0.68,22,0.25,1943,71.23,19.8,59.91,78.47,131.1,8.45,8.45,8508,22,22.56,35.31,13.48,14.14,1.05,26.05
Allegiant Air,G4,2023,3,11070,21.35,15.8,26.4,22.72,127.23,7.47,94,0.84,31,0.28,3840,68.26,19.78,57.3,77.81,127.93,8.69,8.69,11070,31,24.0,34.62,5.8,20.48,0.11,32.58
Allegiant Air,G4,2023,4,10492,19.93,14.51,19.84,17.87,125.11,7.34,139,1.32,39,0.37,2754,87.1,17.83,50.03,92.56,124.29,8.66,8.66,10492,39,22.95,34.83,7.57,23.67,0.22,31.54
Allegiant Air,G4,2023,5,9422,10.16,14.15,15.29,8.35,120.05,7.19,15,0.15,25,0.26,1991,67.58,18.05,43.69,74.49,120.56,8.93,8.93,9422,25,25.0,25.96,5.94,15.04,0.81,26.57
Allegiant Air,G4,2023,6,11483,17.86,14.28,18.66,18.98,118.62,7.76,64,0.55,36,0.31,3272,74.23,17.04,45.06,83.77,121.2,10.26,10.26,11483,36,28.19,41.92,8.21,21.27,0.13,31.32
Allegiant Air,G4,2023,7,12181,23.9,14.27,16.0,26.09,118.78,8.14,105,0.86,51,0.41,4087,79.81,16.76,32.09,89.2,118.91,10.39,10.39,12181,51,30.34,36.05,8.71,17.4,0.21,35.72
Allegiant Air,G4,2023,8,8813,15.08,13.96,18.32,15.25,118.17,7.67,85,0.96,22,0.24,2355,68.51,16.13,46.13,76.35,119.09,10.06,10.06,8813,22,27.45,33.09,9.64,14.39,0.09,27.56
Allegiant Air,G4,2023,9,6892,11.01,14.11,18.83,9.3,116.35,7.31,22,0.31,15,0.21,1507,65.72,17.15,54.21,72.3,116.82,9.46,9.46,6892,15,32.26,33.46,6.0,12.3,0.13,26.32
Allegiant Air,G4,2023,10,9643,9.79,13.97,17.94,7.94,118.82,6.99,16,0.16,27,0.27,1973,65.32,17.35,54.21,70.78,118.63,8.61,8.61,9643,27,26.14,26.93,3.58,11.33,0.31,27.33
Allegiant Air,G4,2023,11,8940,7.95,14.3,15.33,4.14,121.32,7.0,7,0.07,7,0.07,1701,62.45,17.76,43.81,67.41,121.53,8.58,8.58,8940,7,16.22,26.85,4.53,11.98,0.16,25.62
Allegiant Air,G4,2023,12,9480,11.45,14.85,18.21,5.19,124.06,7.1,62,0.65,35,0.36,1818,78.07,19.15,55.25,82.96,125.06,8.85,8.85,9480,35,30.35,23.77,10.59,16.22,0.21,31.63
Allegiant Air,G4,2024,1,8596,15.4,16.8,22.45,10.52,127.34,7.29,193,2.24,37,0.43,1869,88.34,24.68,69.87,97.25,130.26,9.32,9.32,8596,37,23.51,50.16,18.91,18.39,0.28,31.82
Allegiant Air,G4,2024,2,8486,10.18,15.06,16.74,4.84,128.55,7.03,12,0.14,14,0.16,1498,82.97,20.29,55.21,90.12,133.59,9.04,9.04,8486,14,41.57,34.77,8.84,19.07,0.17,27.69
Allegiant Air,G4,2024,3,11031,15.23,15.28,19.49,10.91,128.46,7.09,71,0.64,19,0.17,2574,82.04,20.18,55.26,88.06,127.98,8.62,8.62,11031,19,21.71,33.19,3.78,24.55,0.15,30.29
Allegiant Air,G4,2024,4,9271,8.08,13.83,14.11,0.42,124.45,6.9,43,0.46,13,0.14,1258,99.13,16.93,58.83,100.91,120.9,8.44,8.44,9271,13,18.0,31.42,6.18,29.48,0.25,31.38
Allegiant Air,G4,2024,5,9567,12.21,13.91,18.57,7.64,120.86,6.88,35,0.36,19,0.19,1977,77.56,16.56,57.7,81.57,121.32,8.24,8.24,9567,19,29.33,39.73,5.84,19.46,0.06,30.64
Allegiant Air,G4,2024,6,12229,16.94,14.08,15.3,14.16,117.68,7.85,146,1.19,40,0.32,3067,78.6,16.38,34.89,83.1,115.3,10.26,10.26,12229,40,30.19,33.34,7.06,10.63,0.33,34.75
Allegiant Air,G4,2024,7,12861,21.09,14.32,14.93,20.16,118.25,8.16,415,3.22,27,0.2,3678,81.65,16.62,29.76,88.35,116.14,10.87,10.87,12861,27,35.81,30.22,10.86,11.52,0.3,33.28
Allegiant Air,G4,2024,8,9244,16.61,14.32,17.4,13.76,116.9,7.61,199,2.15,29,0.31,2246,83.95,16.58,46.04,88.93,116.43,10.06,10.06,9244,29,28.68,30.54,10.65,13.53,0.2,34.31
Allegiant Air,G4,2024,9,6889,7.68,14.28,15.77,2.72,114.87,7.16,157,2.27,11,0.15,1144,74.88,16.85,55.23,78.06,111.87,9.48,9.48,6889,11,24.16,35.43,7.79,8.93,0.06,27.34
Allegiant Air,G4,2024,10,9195,8.01,14.19,13.0,2.88,119.03,7.14,588,6.39,19,0.2,1304,85.1,16.92,41.29,86.41,116.17,8.93,8.93,9195,19,21.47,23.83,7.36,11.48,0.08,30.81
Allegiant Air,G4,2024,11,8757,5.92,14.16,12.85,0.73,122.13,6.83,5,0.05,10,0.11,1379,70.59,18.31,42.96,73.85,119.49,7.78,7.78,8757,10,24.5,23.48,6.58,11.7,0.14,27.74
Allegiant Air,G4,2024,12,11084,23.25,15.32,20.55,18.02,125.51,7.69,154,1.38,72,0.64,2903,98.19,19.12,49.85,101.28,123.05,9.44,9.44,11084,72,30.3,35.22,14.04,16.77,0.11,37.53
Allegiant Air,G4,2025,1,9345,15.47,16.58,20.81,9.54,128.85,7.71,119,1.27,20,0.21,2183,83.9,22.1,58.51,88.76,127.77,9.43,9.43,9345,20,28.14,37.09,15.86,14.9,0.22,32.5
Allegiant Air,G4,2025,2,9371,17.62,16.71,20.07,13.23,131.0,7.51,88,0.93,34,0.36,2316,86.61,23.14,53.8,94.23,131.69,8.96,8.96,9371,34,33.08,38.94,10.73,23.83,0.29,34.7
Allegiant Air,G4,2025,3,13355,13.4,15.04,17.06,9.4,129.19,7.31,79,0.59,29,0.21,2954,80.59,19.2,48.61,86.28,128.28,8.64,8.64,13355,29,26.03,36.08,5.41,22.61,0.44,33.48
Allegiant Air,G4,2025,4,10926,9.88,14.22,15.66,6.55,128.08,7.03,10,0.09,22,0.2,2271,69.79,16.88,46.09,75.53,122.55,8.31,8.31,10926,22,24.47,29.14,5.0,12.01,1.82,31.19
Allegiant Air,G4,2025,5,11079,14.58,14.28,16.37,12.18,121.69,7.11,17,0.15,22,0.19,2633,79.95,16.8,44.25,85.07,118.18,8.75,8.75,11079,22,26.91,36.9,12.02,12.86,0.03,33.55
Allegiant Air,G4,2025,6,13783,19.62,14.5,17.14,19.59,117.92,7.97,57,0.41,50,0.36,4183,75.32,16.66,36.22,83.05,115.34,10.34,10.34,13783,50,35.96,35.07,10.56,12.92,0.34,37.32
Allegiant Air,G4,2025,7,13978,21.56,14.59,15.15,21.36,118.14,7.97,62,0.44,61,0.43,4171,83.78,16.98,30.69,91.46,117.88,10.56,10.56,13978,61,28.31,32.0,10.89,15.15,0.12,37.28
Allegiant Air,G4,2025,8,10499,17.68,14.66,12.62,15.78,116.31,7.87,7,0.06,31,0.29,2513,93.4,16.71,28.74,100.04,115.74,10.52,10.52,10499,31,28.8,29.54,14.27,12.35,0.26,36.18
Allegiant Air,G4,2025,9,6925,6.68,14.2,13.61,3.51,114.3,6.9,1,0.01,10,0.14,1177,72.64,17.44,47.26,77.61,114.36,9.13,9.13,6925,10,25.5,29.25,10.05,12.23,0.23,28.77
Allegiant Air,G4,2025,10,10470,10.73,14.4,12.75,8.99,118.88,7.13,5,0.04,27,0.25,2308,69.39,17.66,31.53,76.07,114.18,8.78,8.78,10470,27,22.29,28.55,5.69,12.35,0.08,32.85
Allegiant Air,G4,2025,11,9652,11.12,15.42,16.47,9.93,121.77,6.83,78,0.8,34,0.35,2196,69.61,21.06,46.75,78.43,121.68,7.93,7.93,9652,34,25.73,36.75,9.57,18.13,0.12,32.52
American Airlines Inc.,AA,2015,1,44059,10.59,16.68,18.92,6.95,144.82,9.0,900,2.04,85,0.19,9529,53.23,20.41,50.82,58.29,148.19,10.73,10.73,44059,85,58.76,27.53,2.6,10.54,0.06,23.7
American Airlines Inc.,AA,2015,2,39835,10.25,17.81,19.64,7.53,145.54,9.08,2554,6.41,101,0.25,7925,52.68,25.37,58.25,63.3,152.26,11.19,11.19,39835,101,59.96,37.71,6.46,15.65,0.06,20.11
American Airlines Inc.,AA,2015,3,45966,11.08,16.88,18.9,6.69,146.06,9.13,1428,3.1,98,0.21,9765,53.75,20.57,52.94,58.37,148.49,10.21,10.21,45966,98,59.12,29.86,1.88,11.14,0.04,22.57
American Airlines Inc.,AA,2015,4,44770,10.55,17.46,18.21,4.93,146.2,9.14,354,0.79,237,0.52,8734,58.91,22.31,55.17,64.3,152.12,10.08,10.08,44770,237,77.79,30.77,5.35,14.57,0.04,24.83
American Airlines Inc.,AA,2015,5,44710,11.11,17.78,17.13,5.17,147.09,8.81,884,1.97,215,0.48,8617,61.52,23.03,55.49,66.61,147.56,9.51,9.51,44710,215,86.68,36.38,7.17,14.06,0.05,24.41
American Airlines Inc.,AA,2015,6,44360,14.18,17.98,20.87,8.19,146.58,9.53,539,1.21,207,0.46,9807,64.77,23.03,62.12,67.91,148.76,10.57,10.57,44360,207,73.44,38.24,3.7,13.91,0.06,27.52
American Airlines Inc.,AA,2015,7,81434,9.72,18.16,15.78,3.87,138.68,8.81,562,0.69,222,0.27,15480,54.44,24.18,49.78,58.32,142.32,10.0,10.0,81434,222,55.8,34.62,2.4,13.27,0.1,23.14
American Airlines Inc.,AA,2015,8,79748,9.35,18.11,16.39,3.19,138.07,8.83,790,0.99,250,0.31,14448,55.7,23.58,47.09,59.71,141.7,10.41,10.41,79748,250,51.13,36.38,2.97,13.77,0.17,20.66
American Airlines Inc.,AA,2015,9,73379,4.96,17.9,16.63,-1.43,134.3,8.57,353,0.48,138,0.18,10074,50.01,24.31,52.73,55.11,138.32,9.82,9.82,73379,138,49.21,31.42,2.6,13.14,0.11,17.49
American Airlines Inc.,AA,2015,10,77290,5.31,17.79,15.88,-0.58,133.53,8.65,725,0.93,184,0.23,10179,51.74,23.81,49.52,57.83,137.43,10.16,10.16,77290,184,72.79,30.96,3.38,13.75,0.1,18.89
American Airlines Inc.,AA,2015,11,73871,6.44,17.84,16.49,0.77,134.35,8.71,552,0.74,187,0.25,11304,51.5,22.94,48.33,57.19,139.28,10.45,10.45,73871,187,59.58,32.53,3.5,14.11,0.38,19.13
American Airlines Inc.,AA,2015,12,76562,9.11,17.93,15.96,4.14,138.49,8.82,1278,1.66,206,0.26,14417,52.11,23.02,39.18,58.7,148.87,10.55,10.55,76562,206,63.26,39.2,3.29,14.28,0.16,20.02
American Airlines Inc.,AA,2016,1,75580,7.1,17.97,17.71,1.93,135.87,8.65,2720,3.59,124,0.16,12444,50.31,23.38,50.9,55.88,146.81,10.58,10.58,75580,124,58.51,28.47,2.91,11.84,0.11,17.52
American Airlines Inc.,AA,2016,2,71440,5.96,18.23,17.32,0.89,135.67,8.67,1003,1.4,137,0.19,10999,51.34,25.44,53.75,59.4,142.17,10.52,10.52,71440,137,49.57,39.57,2.95,17.03,0.09,19.31
American Airlines Inc.,AA,2016,3,79119,7.64,18.14,16.65,3.57,138.16,8.81,431,0.54,174,0.21,14702,49.89,23.44,45.61,57.28,147.16,10.18,10.18,79119,174,63.43,32.46,2.26,14.3,0.2,21.3
American Airlines Inc.,AA,2016,4,74859,5.83,18.02,16.57,1.85,137.07,8.82,660,0.88,170,0.22,11513,50.57,24.39,46.45,58.84,146.4,10.57,10.57,74859,170,62.07,33.38,3.07,15.62,0.09,19.92
American Airlines Inc.,AA,2016,5,78678,8.34,18.27,16.63,5.02,136.7,9.29,493,0.62,263,0.33,14440,53.78,24.21,40.2,62.61,139.46,11.65,11.65,78678,263,66.37,36.32,4.76,15.43,0.1,21.55
American Airlines Inc.,AA,2016,6,79648,15.05,18.81,15.6,12.89,140.34,9.64,831,1.04,278,0.34,20864,59.65,23.7,34.98,66.79,145.92,11.64,11.64,79648,278,64.02,38.56,3.92,14.35,0.09,26.62
American Airlines Inc.,AA,2016,7,81678,16.49,18.84,14.86,14.15,140.89,9.75,1432,1.75,334,0.4,22191,61.79,23.75,33.38,68.88,144.8,11.79,11.79,81678,334,64.64,45.8,4.09,16.1,0.1,27.24
American Airlines Inc.,AA,2016,8,80241,14.87,19.22,18.99,12.56,138.44,9.73,1498,1.86,317,0.39,20756,60.35,24.04,44.22,67.54,144.63,11.88,11.88,80241,317,68.41,44.26,4.08,16.37,0.19,24.93
American Airlines Inc.,AA,2016,9,72460,5.91,18.77,16.89,2.06,132.74,9.23,243,0.33,114,0.15,11982,47.7,25.64,51.71,56.34,140.67,10.66,10.66,72460,114,57.67,32.06,2.71,15.84,0.07,18.24
American Airlines Inc.,AA,2016,10,75171,4.59,18.44,16.7,-0.02,133.87,9.19,825,1.09,86,0.11,10603,45.14,24.79,55.13,51.34,147.14,10.49,10.49,75171,86,64.72,28.37,0.64,14.34,0.1,16.64
American Airlines Inc.,AA,2016,11,71819,4.23,18.11,14.14,-1.69,134.58,8.91,181,0.25,87,0.12,10207,42.74,23.96,49.35,50.77,144.22,10.35,10.35,71819,87,55.98,27.57,0.77,15.16,0.14,17.19
American Airlines Inc.,AA,2016,12,73802,9.34,18.55,16.04,5.68,140.76,9.08,550,0.74,132,0.17,14752,51.91,23.82,43.81,59.29,158.38,11.27,11.27,73802,132,56.02,33.4,2.68,13.87,0.13,22.22
American Airlines Inc.,AA,2017,1,73132,7.5,18.81,19.25,3.3,138.32,9.08,980,1.34,205,0.28,13999,46.22,24.65,53.08,55.37,154.15,10.53,10.53,73132,205,67.37,33.06,2.35,15.37,0.17,18.74
American Airlines Inc.,AA,2017,2,67123,4.29,18.19,16.42,-1.22,136.49,8.95,791,1.17,115,0.17,9046,48.62,24.73,54.57,55.93,156.88,10.25,10.25,67123,115,64.48,31.21,1.71,15.42,0.05,17.8
American Airlines Inc.,AA,2017,3,78114,7.81,18.81,16.13,3.41,138.13,9.11,1225,1.56,134,0.17,14113,50.27,24.74,46.95,57.02,146.72,10.38,10.38,78114,134,69.86,31.85,1.26,14.68,0.1,21.09
American Airlines Inc.,AA,2017,4,73656,9.67,18.85,19.86,6.0,137.25,9.22,745,1.01,142,0.19,14819,55.82,25.06,55.62,64.16,147.36,10.51,10.51,73656,142,67.98,37.77,1.95,18.39,0.07,24.82
American Airlines Inc.,AA,2017,5,77328,8.34,18.99,18.9,4.27,137.41,9.28,498,0.64,161,0.2,14699,51.3,25.85,54.52,59.01,148.17,10.53,10.53,77328,161,59.45,38.51,1.21,18.0,0.09,21.31
American Airlines Inc.,AA,2017,6,77129,14.13,19.6,19.76,11.21,141.37,9.84,1294,1.67,241,0.31,19143,59.46,25.63,49.14,67.13,145.96,11.38,11.38,77129,241,72.86,43.62,3.91,17.62,0.09,26.6
American Airlines Inc.,AA,2017,7,79403,14.75,19.32,18.17,11.18,141.89,10.18,1506,1.89,330,0.41,19527,62.03,25.06,44.99,68.58,143.12,12.06,12.06,79403,330,73.55,50.45,4.65,16.06,0.17,26.99
American Airlines Inc.,AA,2017,8,79269,9.66,19.32,17.46,6.53,140.26,9.68,994,1.25,236,0.29,16471,52.11,25.41,47.98,59.69,145.82,11.21,11.21,79269,236,72.14,43.54,2.73,16.2,0.14,21.92
American Airlines Inc.,AA,2017,9,72061,4.11,18.32,14.96,-0.62,133.85,9.29,3328,4.61,113,0.15,8934,49.23,25.36,52.52,56.37,138.0,10.73,10.73,72061,113,68.93,32.01,2.5,14.4,0.16,17.9
American Airlines Inc.,AA,2017,10,75712,5.07,18.36,15.51,0.98,134.43,9.22,362,0.47,119,0.15,10803,48.64,24.13,54.24,55.07,144.8,10.26,10.26,75712,119,56.24,28.99,1.11,14.88,0.14,18.62
American Airlines Inc.,AA,2017,11,69677,3.36,17.89,13.97,-3.52,135.12,9.11,103,0.14,80,0.11,7638,47.94,23.23,51.0,51.95,148.09,9.97,9.97,69677,80,57.72,27.26,0.73,10.97,0.56,17.76
American Airlines Inc.,AA,2017,12,73744,7.91,18.98,17.13,2.75,140.65,9.42,312,0.42,116,0.15,12834,51.67,26.46,48.84,59.34,148.24,11.34,11.34,73744,116,55.07,35.68,3.41,14.07,0.09,21.07
American Airlines Inc.,AA,2018,1,73598,6.93,19.1,18.57,0.42,139.22,9.22,1478,2.0,106,0.14,11319,54.66,26.55,56.02,59.71,138.89,10.08,10.08,73598,106,60.74,31.75,3.29,13.36,0.1,20.43
American Airlines Inc.,AA,2018,2,68389,7.38,19.3,19.38,2.0,138.85,9.16,855,1.25,173,0.25,12131,50.28,26.07,57.24,58.09,143.05,10.11,10.11,68389,173,72.95,34.73,2.99,16.23,0.06,20.44
American Airlines Inc.,AA,2018,3,78208,6.22,18.37,16.58,-0.21,138.72,9.14,2489,3.18,117,0.14,11200,51.19,23.49,55.4,54.53,144.71,10.11,10.11,78208,117,49.56,32.06,1.57,10.93,0.12,20.15
American Airlines Inc.,AA,2018,4,74384,6.66,18.68,18.18,0.51,137.61,8.97,456,0.61,161,0.21,11337,54.23,24.43,54.9,59.36,142.59,9.9,9.9,74384,161,73.22,31.74,2.55,14.0,0.07,21.37
American Airlines Inc.,AA,2018,5,77957,11.32,18.48,20.38,5.95,137.74,9.74,966,1.23,240,0.3,15472,61.9,23.87,55.34,67.15,140.93,11.38,11.38,77957,240,67.08,41.32,3.73,15.96,0.04,26.51
American Airlines Inc.,AA,2018,6,78363,13.98,18.72,20.98,9.79,139.71,10.17,1397,1.78,254,0.32,18925,59.23,23.32,48.01,64.29,141.72,11.86,11.86,78363,254,74.99,43.25,4.51,13.18,0.06,26.38
American Airlines Inc.,AA,2018,7,80736,16.9,19.28,21.75,13.01,140.37,10.29,1873,2.31,265,0.32,22048,61.83,24.3,49.03,67.24,143.74,11.38,11.38,80736,265,69.01,47.08,4.72,15.06,0.1,27.12
American Airlines Inc.,AA,2018,8,80406,14.54,19.36,18.75,11.22,139.07,10.25,1417,1.76,297,0.36,20376,59.63,24.85,41.24,66.91,144.03,11.98,11.98,80406,297,74.65,43.43,4.29,17.01,0.06,25.08
American Airlines Inc.,AA,2018,9,75129,9.48,18.75,18.17,5.84,135.69,9.93,1442,1.91,235,0.31,14618,57.47,24.82,50.67,65.94,138.18,11.86,11.86,75129,235,83.78,37.04,4.34,17.35,0.6,22.49
American Airlines Inc.,AA,2018,10,78963,9.75,18.6,20.39,6.4,134.62,9.49,676,0.85,195,0.24,15834,55.4,23.72,54.39,62.79,142.11,10.8,10.8,78963,195,83.4,31.57,3.33,14.21,0.05,24.78
American Airlines Inc.,AA,2018,11,74564,8.46,18.49,19.51,4.92,134.64,9.33,510,0.68,119,0.15,13579,53.09,24.2,49.61,60.5,139.33,10.93,10.93,74564,119,66.33,34.8,2.67,14.74,0.08,21.07
American Airlines Inc.,AA,2018,12,76121,8.08,18.4,19.22,3.89,137.6,9.5,1386,1.82,184,0.24,13955,49.01,23.22,46.64,56.63,144.61,11.37,11.37,76121,184,86.7,33.65,2.97,13.59,0.12,20.25
American Airlines Inc.,AA,2019,1,77017,7.8,18.83,19.75,3.27,135.28,9.34,1511,1.96,152,0.19,13741,51.07,25.56,53.79,58.62,139.78,10.97,10.97,77017,152,59.9,33.85,3.12,15.73,0.11,19.95
American Airlines Inc.,AA,2019,2,71059,10.83,19.06,21.44,7.17,136.07,9.29,860,1.21,167,0.23,16203,50.81,25.41,53.12,59.22,147.56,10.42,10.42,71059,167,60.47,33.94,2.36,15.44,0.08,22.6
American Airlines Inc.,AA,2019,3,80027,11.11,18.34,20.23,6.07,136.49,9.05,1719,2.14,86,0.1,15580,60.18,22.63,54.9,64.47,145.82,10.13,10.13,80027,86,59.75,31.34,2.31,11.11,0.07,28.02
American Airlines Inc.,AA,2019,4,76765,12.79,18.31,20.8,7.95,134.85,9.34,2634,3.43,213,0.27,15897,63.92,22.7,52.84,69.19,136.7,10.75,10.75,76765,213,66.78,43.0,3.65,14.99,0.08,26.96
American Airlines Inc.,AA,2019,5,81666,17.72,18.44,21.36,14.06,134.61,9.53,2772,3.39,246,0.3,21118,67.32,22.72,48.66,73.4,138.93,10.97,10.97,81666,246,79.6,48.08,5.22,16.05,0.05,30.49
American Airlines Inc.,AA,2019,6,80090,19.1,19.1,18.12,15.29,135.97,9.71,3671,4.58,351,0.43,22365,65.0,23.81,37.75,70.53,138.66,11.11,11.11,80090,351,78.58,49.51,3.77,14.79,0.14,28.91
American Airlines Inc.,AA,2019,7,81801,16.26,18.62,16.25,10.07,134.83,9.72,2554,3.12,353,0.43,18577,70.8,23.67,37.96,74.1,138.63,11.23,11.23,81801,353,69.41,50.94,4.85,14.69,0.09,30.26
American Airlines Inc.,AA,2019,8,82689,14.74,19.08,16.69,9.24,134.11,9.86,1869,2.26,263,0.31,18900,65.82,25.17,41.55,70.92,137.13,11.31,11.31,82689,263,76.76,49.45,4.23,16.39,0.16,28.05
American Airlines Inc.,AA,2019,9,77663,7.98,17.94,18.38,1.57,129.5,9.47,1130,1.45,110,0.14,12023,62.64,23.25,52.49,66.83,136.53,11.1,11.1,77663,110,57.58,32.78,1.64,16.35,0.09,25.36
American Airlines Inc.,AA,2019,10,81028,9.53,18.43,20.43,4.22,130.36,9.06,867,1.07,204,0.25,14708,58.82,23.95,52.91,64.1,134.28,9.96,9.96,81028,204,77.06,35.24,2.33,14.83,0.06,24.83
American Airlines Inc.,AA,2019,11,77566,7.27,18.05,16.9,0.66,132.34,9.07,387,0.49,104,0.13,11368,59.98,23.65,48.42,64.15,138.57,10.03,10.03,77566,104,59.82,28.62,1.59,11.36,0.09,24.92
American Airlines Inc.,AA,2019,12,79405,9.84,18.65,17.8,3.86,135.85,9.2,177,0.22,134,0.16,14617,56.94,24.53,41.38,62.01,143.74,10.42,10.42,79405,134,66.88,30.71,1.58,13.91,0.09,24.44
American Airlines Inc.,AA,2020,1,76276,7.65,18.4,18.77,0.27,134.85,8.91,685,0.89,119,0.15,11348,61.87,23.93,52.06,65.79,141.97,9.87,9.87,76276,119,59.93,33.33,2.56,11.77,0.16,24.17
American Airlines Inc.,AA,2020,2,72402,8.79,18.54,20.43,1.17,133.94,8.91,725,1.0,100,0.13,11347,65.37,24.68,56.17,69.61,132.76,9.83,9.83,72402,100,71.79,34.13,2.12,14.18,0.1,25.51
American Airlines Inc.,AA,2020,3,80330,2.69,17.11,14.01,-4.32,136.63,8.34,15282,19.02,95,0.11,7760,55.83,22.6,47.1,61.87,147.12,9.18,9.18,80330,95,66.03,28.56,1.39,13.55,0.07,20.39
American Airlines Inc.,AA,2020,4,42362,-3.11,13.71,7.81,-15.63,131.77,6.47,16574,39.12,25,0.05,1487,66.45,17.2,56.54,64.68,144.24,6.83,6.83,42362,25,57.32,20.97,2.1,6.93,0.14,12.02
American Airlines Inc.,AA,2020,5,21904,-2.21,14.02,7.53,-15.05,129.28,6.89,21,0.09,30,0.13,987,64.01,17.97,61.56,61.69,138.39,7.74,7.74,21904,30,59.33,22.24,3.93,6.58,1.03,15.39
American Airlines Inc.,AA,2020,6,27054,-0.27,14.68,8.92,-8.55,132.9,7.13,8,0.02,56,0.2,1787,58.72,19.3,57.08,61.77,144.15,8.53,8.53,27054,56,68.91,23.64,5.63,9.36,0.15,12.9
American Airlines Inc.,AA,2020,7,46161,0.98,15.57,13.57,-4.34,133.53,8.25,307,0.66,137,0.29,4405,55.71,20.68,60.7,63.82,134.77,10.92,10.92,46161,137,63.95,26.1,6.59,13.03,0.17,16.84
American Airlines Inc.,AA,2020,8,46807,-0.05,15.84,13.34,-5.2,130.36,7.97,198,0.42,143,0.3,4289,46.67,22.44,56.02,56.13,135.45,9.01,9.01,46807,143,100.54,28.45,5.92,14.03,0.4,11.94
American Airlines Inc.,AA,2020,9,38890,1.08,16.16,15.15,-4.86,130.77,7.66,169,0.43,90,0.23,3470,49.29,21.41,60.74,56.41,136.11,8.65,8.65,38890,90,63.75,27.27,4.45,14.92,0.56,11.27
American Airlines Inc.,AA,2020,10,40644,3.39,16.63,15.49,-1.8,133.07,7.99,38,0.09,42,0.1,4816,51.07,21.99,59.91,57.42,140.92,9.2,9.2,40644,42,61.72,26.89,2.72,11.93,0.33,16.57
American Airlines Inc.,AA,2020,11,38480,1.12,16.95,14.11,-6.6,138.96,8.16,45,0.11,43,0.11,3528,52.14,23.3,53.0,58.15,146.33,9.14,9.14,38480,43,55.41,27.47,1.74,11.39,0.35,14.21
American Airlines Inc.,AA,2020,12,38496,3.3,17.68,16.24,-3.72,142.47,8.13,210,0.54,55,0.14,4327,57.33,24.77,54.49,64.44,152.29,9.59,9.59,38496,55,71.49,32.85,3.71,15.83,0.12,15.38
American Airlines Inc.,AA,2021,1,38226,3.25,17.8,16.91,-6.07,140.02,7.84,258,0.67,62,0.16,3927,67.66,25.75,68.47,72.01,140.7,8.87,8.87,38226,62,62.74,30.25,6.22,19.89,0.27,16.11
American Airlines Inc.,AA,2021,2,34256,6.43,18.91,20.23,-2.07,141.32,8.06,2140,6.24,68,0.19,4404,66.9,30.23,70.33,74.96,146.31,9.36,9.36,34256,68,96.84,33.63,13.07,15.7,0.28,17.18
American Airlines Inc.,AA,2021,3,47648,4.37,17.36,17.11,-6.13,140.07,8.54,296,0.62,95,0.19,4657,70.98,23.56,66.74,73.43,143.66,9.63,9.63,47648,95,58.89,29.04,3.29,15.16,0.37,20.93
American Airlines Inc.,AA,2021,4,52305,4.85,17.33,14.63,-5.0,138.13,8.46,336,0.64,75,0.14,5769,62.78,24.03,57.1,67.25,145.03,9.14,9.14,52305,75,65.18,33.05,3.27,13.58,0.66,19.84
American Airlines Inc.,AA,2021,5,61032,10.05,16.96,16.21,1.37,140.45,8.72,607,0.99,263,0.43,8909,78.07,22.2,56.96,80.85,140.66,9.43,9.43,61032,263,70.73,35.31,6.75,15.11,0.27,27.1
American Airlines Inc.,AA,2021,6,70426,20.18,17.35,17.33,13.42,139.63,9.45,2400,3.4,262,0.37,17591,76.8,20.96,42.1,78.52,138.83,10.56,10.56,70426,262,73.11,42.03,5.23,11.79,0.26,31.27
American Airlines Inc.,AA,2021,7,72965,19.23,17.46,17.75,11.97,139.3,9.4,1223,1.67,360,0.49,17935,75.77,21.31,43.53,76.72,135.26,10.1,10.1,72965,360,69.75,41.12,4.74,10.46,0.25,32.42
American Airlines Inc.,AA,2021,8,73455,17.9,17.34,18.31,10.49,138.47,9.5,3551,4.83,390,0.53,16357,78.38,20.82,51.4,79.49,137.26,11.19,11.19,73455,390,84.66,40.32,6.43,11.84,0.22,29.51
American Airlines Inc.,AA,2021,9,67576,7.74,16.74,15.18,-0.57,135.0,8.8,759,1.12,132,0.19,9190,71.17,21.06,61.05,72.26,134.1,9.37,9.37,67576,132,69.12,35.69,3.09,10.72,0.28,27.21
American Airlines Inc.,AA,2021,10,73778,13.0,16.94,16.8,5.05,134.24,8.77,3106,4.2,147,0.19,13299,73.77,20.38,55.61,73.61,137.62,9.28,9.28,73778,147,63.2,34.23,1.85,10.22,0.25,28.73
American Airlines Inc.,AA,2021,11,72908,9.61,16.97,12.48,0.56,133.91,8.67,1347,1.84,106,0.14,11169,68.02,19.58,49.95,65.92,135.37,9.75,9.75,72908,106,67.17,29.48,0.73,5.84,0.28,27.23
American Airlines Inc.,AA,2021,12,71824,9.61,17.41,12.89,1.58,136.81,8.78,455,0.63,130,0.18,11578,65.01,21.55,47.89,66.92,149.0,10.19,10.19,71824,130,53.82,29.42,1.06,9.09,0.3,27.38
American Airlines Inc.,AA,2022,1,69400,7.92,17.81,13.94,-1.07,135.64,8.47,2939,4.23,91,0.13,9763,70.79,24.59,50.69,73.41,136.48,10.41,10.41,69400,91,51.79,33.9,2.88,10.16,0.17,25.19
American Airlines Inc.,AA,2022,2,64867,12.84,18.11,16.29,8.45,134.22,8.47,5362,8.26,102,0.15,12749,66.47,23.86,50.12,72.78,137.9,9.95,9.95,64867,102,65.51,36.95,4.77,12.63,0.2,24.34
American Airlines Inc.,AA,2022,3,71264,9.95,17.62,17.08,4.52,135.99,8.32,770,1.08,192,0.26,12774,61.4,23.06,51.82,67.79,140.54,9.24,9.24,71264,192,70.98,35.78,2.0,13.71,0.19,24.91
American Airlines Inc.,AA,2022,4,67177,13.23,17.77,23.84,7.77,135.71,8.47,1350,2.0,198,0.29,13531,67.85,22.49,68.2,72.37,137.54,9.17,9.17,67177,198,63.48,42.71,2.82,12.81,0.14,29.97
American Airlines Inc.,AA,2022,5,71652,14.15,17.73,22.16,9.02,132.86,8.96,1154,1.61,215,0.3,15390,68.09,21.85,59.44,72.4,131.99,10.0,10.0,71652,215,73.61,41.45,4.47,12.33,0.07,29.3
American Airlines Inc.,AA,2022,6,74979,23.5,17.82,22.22,19.52,132.67,9.16,4713,6.28,285,0.38,21877,75.05,21.09,48.69,78.15,131.75,10.02,10.02,74979,285,72.19,51.07,4.68,10.77,0.1,32.79
American Airlines Inc.,AA,2022,7,76614,21.36,17.83,21.19,17.23,133.58,8.8,2448,3.19,263,0.34,21810,74.02,21.13,49.01,77.26,128.77,9.55,9.55,76614,263,69.18,40.14,4.11,10.12,0.13,35.06
American Airlines Inc.,AA,2022,8,78327,17.46,17.97,19.7,13.46,132.0,8.75,3302,4.21,333,0.42,19519,70.6,22.01,54.25,75.19,130.19,9.65,9.65,78327,333,88.5,48.95,5.57,12.06,0.16,29.99
American Airlines Inc.,AA,2022,9,72211,12.58,17.51,18.27,7.28,129.47,8.57,1303,1.8,163,0.22,13822,72.56,21.94,55.23,76.26,130.13,9.42,9.42,72211,163,66.93,34.41,3.33,10.21,0.1,31.73
American Airlines Inc.,AA,2022,10,77601,11.98,17.33,18.46,6.55,128.7,8.39,578,0.74,148,0.19,13568,76.6,21.34,60.27,79.66,130.04,9.12,9.12,77601,148,84.04,33.94,2.79,10.36,0.15,35.88
American Airlines Inc.,AA,2022,11,73904,13.75,17.91,17.58,9.57,131.17,8.57,801,1.08,150,0.2,15379,72.61,21.99,54.4,77.08,133.39,9.38,9.38,73904,150,80.24,32.77,2.39,10.59,0.12,34.81
American Airlines Inc.,AA,2022,12,76149,21.04,18.38,20.23,16.9,132.18,8.86,1174,1.54,174,0.22,20690,78.45,21.83,52.26,82.32,132.54,9.81,9.81,76149,174,64.69,34.76,4.07,9.43,0.13,39.94
American Airlines Inc.,AA,2023,1,74999,14.61,18.82,19.18,10.78,131.58,8.75,1417,1.88,128,0.17,16691,71.78,24.21,59.07,78.48,133.27,9.84,9.84,74999,128,70.1,38.24,3.37,17.48,0.21,30.7
American Airlines Inc.,AA,2023,2,71289,14.33,18.14,15.35,9.49,131.72,8.62,1447,2.02,110,0.15,15124,73.32,22.32,50.04,77.52,137.42,9.24,9.24,71289,110,63.14,33.86,2.72,9.75,0.2,36.3
American Airlines Inc.,AA,2023,3,78705,18.68,18.54,17.02,15.65,132.0,8.82,859,1.09,216,0.27,20810,73.57,22.31,45.26,79.49,137.82,9.48,9.48,78705,216,86.14,35.06,2.93,11.87,0.11,37.85
American Airlines Inc.,AA,2023,4,77039,18.97,18.15,16.06,15.27,129.03,8.95,1235,1.6,241,0.31,19385,78.79,22.2,43.87,84.42,130.85,9.63,9.63,77039,241,74.1,45.48,3.72,12.51,0.12,39.78
American Airlines Inc.,AA,2023,5,79782,16.54,17.65,13.58,10.07,126.47,9.42,401,0.5,223,0.27,16502,85.27,20.93,37.0,86.81,123.64,10.53,10.53,79782,223,79.88,36.63,3.94,8.87,0.21,40.65
American Airlines Inc.,AA,2023,6,80416,26.72,18.72,12.62,22.7,130.21,9.8,954,1.18,426,0.52,24149,89.11,22.98,29.92,94.47,130.29,11.08,11.08,80416,426,76.32,52.07,5.72,12.58,0.11,46.07
American Airlines Inc.,AA,2023,7,83013,29.63,18.6,14.58,24.98,129.68,9.83,1346,1.62,290,0.34,25955,94.09,22.39,35.15,97.4,129.02,11.02,11.02,83013,290,65.25,46.65,4.54,11.56,0.12,48.48
American Airlines Inc.,AA,2023,8,85157,24.73,18.02,12.56,17.68,128.32,9.57,1198,1.4,266,0.31,21278,102.06,21.22,30.78,102.58,127.88,10.46,10.46,85157,266,70.51,38.54,3.88,8.87,0.18,53.71
American Airlines Inc.,AA,2023,9,76972,14.78,18.55,15.91,8.61,129.38,9.44,640,0.83,259,0.33,15570,79.96,23.81,50.13,83.84,127.13,10.5,10.5,76972,259,72.05,47.64,3.9,12.23,0.15,37.84
American Airlines Inc.,AA,2023,10,81344,11.04,17.89,13.47,4.57,129.42,9.17,434,0.53,139,0.17,13521,75.97,21.85,55.86,78.21,129.14,10.17,10.17,81344,139,72.91,34.14,2.52,9.06,0.17,36.42
American Airlines Inc.,AA,2023,11,76407,8.24,17.87,12.07,2.07,131.93,9.12,11,0.01,73,0.09,11533,66.96,21.83,45.45,70.27,133.7,10.25,10.25,76407,73,58.37,28.73,1.06,8.87,0.23,28.45
American Airlines Inc.,AA,2023,12,75408,10.13,18.22,13.06,4.06,135.1,9.4,36,0.04,124,0.16,13332,65.49,22.44,46.03,69.27,134.08,10.64,10.64,75408,124,56.22,30.36,0.9,9.38,0.22,30.98
American Airlines Inc.,AA,2024,1,77346,22.7,19.53,19.69,19.17,135.78,9.47,1248,1.61,209,0.27,22292,80.16,24.78,54.11,86.99,135.78,10.65,10.65,77346,209,66.92,49.5,6.71,12.71,0.27,39.92
American Airlines Inc.,AA,2024,2,74870,10.58,18.12,14.91,4.83,133.48,9.21,125,0.16,110,0.14,13964,65.58,22.49,51.58,70.13,135.85,10.25,10.25,74870,110,63.1,32.65,1.88,9.98,0.19,31.18
American Airlines Inc.,AA,2024,3,82259,21.69,18.57,17.91,16.54,133.72,9.34,892,1.08,250,0.3,21978,83.05,22.29,43.07,86.64,131.94,10.26,10.26,82259,250,85.96,40.7,3.84,11.39,0.17,44.49
American Airlines Inc.,AA,2024,4,81216,17.66,18.01,17.83,12.75,131.55,9.5,787,0.96,217,0.26,19380,77.33,21.22,46.84,81.43,129.91,10.92,10.92,81216,217,85.07,38.47,4.87,12.01,0.14,39.12
American Airlines Inc.,AA,2024,5,86765,32.84,18.66,15.86,30.23,130.71,10.21,3005,3.46,481,0.55,30736,89.2,21.72,31.7,94.86,130.6,11.77,11.77,86765,481,90.86,50.24,6.74,13.95,0.15,44.78
American Airlines Inc.,AA,2024,6,85581,29.15,18.34,12.61,23.04,128.56,10.43,1942,2.26,349,0.4,26802,89.93,21.24,27.25,91.01,126.61,12.0,12.0,85581,349,73.88,48.93,5.12,9.89,0.13,45.84
American Airlines Inc.,AA,2024,7,88291,36.39,18.67,10.79,31.78,130.01,10.48,2208,2.5,376,0.42,32526,95.56,21.37,19.45,97.81,125.32,12.04,12.04,88291,376,67.85,46.4,4.0,9.92,0.13,53.55
American Airlines Inc.,AA,2024,8,85963,26.44,18.58,14.29,21.59,128.22,10.25,2461,2.86,313,0.36,25825,86.5,21.93,28.93,89.33,125.06,11.94,11.94,85963,313,71.45,52.7,5.24,11.07,0.13,43.66
American Airlines Inc.,AA,2024,9,80709,11.34,18.56,17.13,5.64,126.37,10.3,546,0.67,112,0.13,15485,67.13,22.44,48.38,70.76,124.98,12.16,12.16,80709,112,66.06,35.51,3.06,10.36,0.12,30.6
American Airlines Inc.,AA,2024,10,86812,9.19,17.9,14.51,2.04,126.06,10.05,766,0.88,91,0.1,13578,68.53,21.03,49.79,70.12,123.9,12.2,12.2,86812,91,60.07,33.44,2.11,8.5,0.16,31.13
American Airlines Inc.,AA,2024,11,76757,9.43,18.08,14.09,2.57,131.6,9.46,491,0.63,157,0.2,12529,67.51,22.7,55.84,71.55,132.37,10.72,10.72,76757,157,88.79,33.83,2.73,10.92,0.18,31.09
American Airlines Inc.,AA,2024,12,77737,18.17,18.83,18.84,10.74,135.03,10.06,781,1.0,273,0.35,17390,81.24,22.95,53.43,83.55,132.38,12.07,12.07,77737,273,103.65,45.52,5.65,11.19,0.13,38.32
American Airlines Inc.,AA,2025,1,75088,13.0,19.05,17.4,5.56,135.9,9.66,2802,3.73,204,0.27,13860,74.06,26.03,55.53,80.08,137.29,11.77,11.77,75088,204,62.98,46.79,5.89,13.6,0.14,30.61
American Airlines Inc.,AA,2025,2,69876,13.3,19.12,16.59,7.01,134.83,9.64,925,1.32,143,0.2,14135,71.99,25.79,48.99,78.79,137.16,10.9,10.9,69876,143,65.28,39.83,4.06,14.1,0.11,31.35
American Airlines Inc.,AA,2025,3,82536,15.91,18.71,15.75,10.73,136.38,9.93,1255,1.52,238,0.28,18743,74.4,23.58,43.69,80.5,137.73,11.06,11.06,82536,238,84.41,44.89,4.55,14.19,0.09,35.72
American Airlines Inc.,AA,2025,4,82261,16.01,18.34,15.73,11.93,135.11,9.67,1178,1.43,226,0.27,19766,71.04,22.31,44.62,77.16,136.77,10.62,10.62,82261,226,87.44,40.3,4.15,12.38,0.08,35.66
American Airlines Inc.,AA,2025,5,86123,18.04,18.91,14.49,13.98,133.64,10.05,1309,1.51,318,0.36,22398,73.7,23.53,35.58,80.3,134.55,11.34,11.34,86123,318,80.52,48.04,6.54,14.75,0.1,34.92
American Airlines Inc.,AA,2025,6,85419,26.32,18.91,11.04,23.08,134.83,10.78,2096,2.45,340,0.39,27213,82.69,22.88,21.01,88.59,133.86,12.81,12.81,85419,340,72.13,54.84,7.08,13.7,0.07,41.44
American Airlines Inc.,AA,2025,7,87852,31.46,19.04,12.34,26.97,134.76,10.67,2959,3.36,515,0.58,29516,91.04,22.79,22.31,94.5,133.39,12.09,12.09,87852,515,71.25,59.89,6.14,12.79,0.07,46.22
American Airlines Inc.,AA,2025,8,83024,24.96,18.49,17.91,20.44,132.51,10.6,1603,1.93,424,0.51,24735,84.66,21.76,43.61,87.86,129.31,12.6,12.6,83024,424,98.46,48.44,5.68,11.32,0.11,43.44
American Airlines Inc.,AA,2025,9,77306,15.29,18.32,19.44,8.34,129.68,10.11,933,1.2,251,0.32,15942,82.39,22.77,58.29,84.69,129.34,11.72,11.72,77306,251,74.73,42.05,5.13,12.13,0.1,36.24
American Airlines Inc.,AA,2025,10,85483,15.8,18.8,17.49,10.11,130.36,10.12,556,0.65,167,0.19,19680,74.7,23.42,53.56,78.55,129.98,11.67,11.67,85483,167,72.84,38.83,2.37,11.9,0.09,37.8
American Eagle Airlines Inc.,MQ,2015,1,29900,16.08,17.55,30.42,18.16,69.02,10.58,2288,7.65,44,0.14,9497,50.4,22.69,63.99,63.34,69.79,14.75,14.75,29900,44,27.57,43.38,5.7,16.02,0.1,25.98
American Eagle Airlines Inc.,MQ,2015,2,26940,18.6,18.72,34.33,21.3,69.01,10.36,3887,14.42,61,0.22,8625,51.16,25.01,69.0,65.13,70.73,14.04,14.04,26940,61,18.73,50.37,7.34,17.38,0.08,26.32
American Eagle Airlines Inc.,MQ,2015,3,28146,12.31,16.38,27.72,11.01,68.75,9.3,2031,7.21,53,0.18,6978,50.67,21.09,68.87,59.29,72.32,11.79,11.79,28146,53,21.79,39.45,4.5,13.53,0.16,23.02
American Eagle Airlines Inc.,MQ,2015,4,25695,8.89,16.48,23.32,5.13,69.58,8.32,858,3.33,109,0.42,4949,53.92,21.69,66.01,61.25,76.25,10.05,10.05,25695,109,39.6,43.64,8.24,17.01,0.17,20.47
American Eagle Airlines Inc.,MQ,2015,5,25431,9.55,16.46,23.61,5.46,68.43,8.59,947,3.72,79,0.31,4802,57.91,21.4,69.42,64.66,73.33,10.84,10.84,25431,79,47.91,48.61,10.16,14.99,0.14,21.19
American Eagle Airlines Inc.,MQ,2015,6,25407,13.15,17.04,27.75,9.63,68.09,9.1,1326,5.21,90,0.35,6156,54.45,22.05,67.38,60.29,71.65,10.99,10.99,25407,90,38.31,47.91,5.45,15.51,0.11,22.33
American Eagle Airlines Inc.,MQ,2015,7,24750,9.06,16.31,24.26,3.98,66.73,8.7,634,2.56,69,0.27,4584,56.27,22.55,73.48,61.02,72.91,10.59,10.59,24750,69,40.51,37.72,5.03,15.41,0.05,23.57
American Eagle Airlines Inc.,MQ,2015,8,23881,8.27,15.68,22.32,1.89,65.06,8.42,703,2.94,62,0.25,3900,60.24,20.9,71.91,62.13,69.83,10.13,10.13,23881,62,34.78,41.28,3.73,13.79,0.07,23.03
American Eagle Airlines Inc.,MQ,2015,9,21202,4.6,15.57,18.33,-2.16,63.75,8.91,368,1.73,35,0.16,2843,54.4,21.66,62.89,59.41,68.09,12.41,12.41,21202,35,33.55,38.26,4.58,15.0,0.13,19.98
American Eagle Airlines Inc.,MQ,2015,10,21982,3.45,15.68,17.7,-3.73,63.74,8.31,273,1.24,48,0.21,2288,60.82,22.04,69.65,65.21,70.58,10.3,10.3,21982,48,45.74,33.93,6.09,11.29,0.09,22.63
American Eagle Airlines Inc.,MQ,2015,11,20305,7.2,16.02,18.97,0.22,64.91,9.13,905,4.45,69,0.33,2706,68.99,22.61,68.19,75.15,70.1,13.08,13.08,20305,69,39.0,55.12,10.0,17.43,0.02,24.31
American Eagle Airlines Inc.,MQ,2015,12,20993,7.08,16.2,19.92,0.66,64.52,8.93,805,3.83,97,0.46,3219,57.56,23.82,66.18,64.24,70.89,11.46,11.46,20993,97,36.0,46.7,11.95,13.14,0.19,21.65
American Eagle Airlines Inc.,MQ,2018,1,22505,8.86,19.16,25.92,7.06,69.65,8.83,861,3.82,60,0.26,4777,48.73,26.7,67.9,58.04,71.69,10.67,10.67,22505,60,40.15,39.66,6.19,13.76,0.04,22.53
American Eagle Airlines Inc.,MQ,2018,2,20684,10.31,19.33,28.66,9.15,71.07,8.56,1269,6.13,78,0.37,4727,50.59,26.64,73.58,61.18,75.23,10.04,10.04,20684,78,35.6,53.53,7.51,16.81,0.03,24.54
American Eagle Airlines Inc.,MQ,2018,3,23685,3.18,17.94,20.61,-0.1,69.31,8.57,758,3.2,30,0.12,3152,44.12,24.61,65.08,50.53,74.61,9.61,9.61,23685,30,50.42,36.56,2.75,11.51,0.08,19.84
American Eagle Airlines Inc.,MQ,2018,4,24068,4.86,18.52,22.25,2.37,68.82,8.45,580,2.4,62,0.25,3916,45.87,26.0,65.99,55.69,73.47,10.0,10.0,24068,62,54.7,42.02,4.58,15.94,0.02,21.16
American Eagle Airlines Inc.,MQ,2018,5,25365,9.13,18.03,25.04,5.45,69.08,9.04,939,3.7,87,0.34,4731,59.46,24.52,73.64,67.15,72.65,11.03,11.03,25365,87,53.97,49.7,6.66,18.5,0.08,26.65
American Eagle Airlines Inc.,MQ,2018,6,25965,12.81,18.92,29.68,11.07,70.93,9.23,1228,4.72,99,0.38,6352,56.54,25.29,74.35,65.06,75.0,10.88,10.88,25965,99,59.22,51.22,4.64,17.63,0.02,27.28
American Eagle Airlines Inc.,MQ,2018,7,26140,9.88,18.68,26.66,7.39,71.19,9.05,1070,4.09,68,0.26,5583,53.12,25.17,70.04,60.54,75.35,9.91,9.91,26140,68,63.92,49.69,4.07,16.43,0.08,25.97
American Eagle Airlines Inc.,MQ,2018,8,26434,9.54,18.93,26.19,7.47,70.33,8.88,1200,4.53,88,0.33,5514,54.31,26.55,70.94,63.91,74.72,10.42,10.42,26434,88,68.3,54.47,5.47,21.16,0.04,24.34
American Eagle Airlines Inc.,MQ,2018,9,24848,5.69,18.35,22.58,3.16,67.74,8.77,876,3.52,64,0.25,4114,51.93,26.43,70.31,61.95,71.47,10.36,10.36,24848,64,63.56,47.71,5.95,20.61,0.03,22.12
American Eagle Airlines Inc.,MQ,2018,10,26249,5.12,18.25,22.27,2.82,67.43,8.57,523,1.99,76,0.28,4492,46.5,26.0,66.41,56.25,69.96,9.91,9.91,26249,76,54.47,44.77,5.36,16.55,0.05,21.99
American Eagle Airlines Inc.,MQ,2018,11,24611,6.58,19.11,23.29,4.24,67.69,8.51,779,3.16,62,0.25,4459,50.63,27.53,66.86,60.03,70.14,9.96,9.96,24611,62,58.85,39.91,5.36,17.13,0.01,24.65
American Eagle Airlines Inc.,MQ,2018,12,25611,7.43,19.61,25.39,4.75,68.41,8.47,572,2.23,76,0.29,5325,44.88,27.12,64.44,53.85,70.69,9.71,9.71,25611,76,46.39,42.18,4.71,13.88,0.04,22.07
American Eagle Airlines Inc.,MQ,2019,1,25702,9.09,21.1,27.76,7.95,71.08,8.59,1939,7.54,50,0.19,5845,47.08,30.75,68.72,58.61,74.18,9.95,9.95,25702,50,41.36,42.29,4.89,19.05,0.03,22.94
American Eagle Airlines Inc.,MQ,2019,2,23336,14.63,20.4,30.24,13.82,72.04,8.75,1417,6.07,82,0.35,6311,57.39,27.3,68.72,67.35,74.07,10.33,10.33,23336,82,40.01,47.52,5.41,16.42,0.03,29.17
American Eagle Airlines Inc.,MQ,2019,3,26749,5.6,18.23,21.74,2.6,70.85,8.4,379,1.41,49,0.18,4299,52.23,24.71,64.22,59.54,74.24,9.88,9.88,26749,49,43.01,34.79,3.23,12.82,0.02,26.12
American Eagle Airlines Inc.,MQ,2019,4,26176,7.12,17.8,22.01,3.78,68.97,8.56,1038,3.96,75,0.28,4229,59.61,25.2,68.13,68.58,73.98,10.28,10.28,26176,75,58.07,43.99,6.89,18.69,0.1,25.76
American Eagle Airlines Inc.,MQ,2019,5,28797,11.55,18.16,26.47,9.82,71.13,8.86,1034,3.59,82,0.28,6340,60.43,23.55,70.13,69.15,74.96,10.2,10.2,28797,82,58.25,51.13,7.32,18.78,0.02,28.53
American Eagle Airlines Inc.,MQ,2019,6,28456,15.42,19.43,30.43,14.32,72.17,9.17,1297,4.55,139,0.48,7511,61.02,25.55,71.04,69.87,74.7,10.65,10.65,28456,139,62.01,53.02,5.29,19.1,0.04,29.01
American Eagle Airlines Inc.,MQ,2019,7,29568,12.29,18.58,26.69,9.37,71.24,9.19,1298,4.38,99,0.33,6221,65.44,24.72,71.65,72.69,72.99,11.14,11.14,29568,99,64.85,58.2,5.74,18.69,0.02,30.81
American Eagle Airlines Inc.,MQ,2019,8,29942,9.49,18.51,24.88,6.75,70.94,9.09,1038,3.46,102,0.34,6073,56.07,24.41,66.02,63.43,76.76,10.71,10.71,29942,102,64.4,54.49,5.74,16.86,0.03,26.76
American Eagle Airlines Inc.,MQ,2019,9,27251,6.4,18.35,23.0,3.83,71.08,8.89,776,2.84,46,0.16,4575,54.97,24.56,69.78,63.84,72.93,11.07,11.07,27251,46,45.69,44.27,4.27,19.61,0.05,24.99
American Eagle Airlines Inc.,MQ,2019,10,28058,6.34,18.78,22.55,4.49,71.43,8.99,420,1.49,62,0.22,5027,50.81,26.2,63.27,61.74,74.2,10.96,10.96,28058,62,60.02,39.52,5.06,17.51,0.06,24.21
American Eagle Airlines Inc.,MQ,2019,11,25957,4.0,18.92,20.64,0.55,71.78,8.99,415,1.59,45,0.17,3921,45.1,26.62,58.88,54.79,73.85,11.31,11.31,25957,45,44.48,41.33,3.85,13.73,0.08,20.55
American Eagle Airlines Inc.,MQ,2019,12,27117,10.08,19.25,26.01,6.44,72.86,9.01,379,1.39,88,0.32,5533,59.75,25.69,69.57,66.67,75.72,10.89,10.89,27117,88,65.63,41.0,7.07,13.53,0.05,31.67
American Eagle Airlines Inc.,MQ,2020,1,26201,7.78,20.07,25.2,3.98,73.18,8.83,834,3.18,82,0.31,4980,53.11,27.83,67.94,61.16,72.58,10.19,10.19,26201,82,67.01,40.66,6.92,13.49,0.05,26.33
American Eagle Airlines Inc.,MQ,2020,2,24193,5.68,19.6,23.22,1.8,73.84,8.92,445,1.83,41,0.16,4150,50.93,28.58,67.72,60.98,76.35,10.53,10.53,24193,41,56.97,36.68,3.42,16.22,0.04,25.88
American Eagle Airlines Inc.,MQ,2020,3,27041,0.4,17.41,16.77,-3.43,75.6,8.32,3656,13.52,34,0.12,2761,43.57,24.92,59.65,53.88,82.76,9.85,9.85,27041,34,45.02,34.13,3.74,14.65,0.05,18.9
American Eagle Airlines Inc.,MQ,2020,4,14310,-6.44,13.76,7.14,-15.56,70.54,7.24,5563,38.87,8,0.05,340,38.44,21.7,55.92,47.54,87.67,9.82,9.82,14310,8,30.45,23.66,4.77,12.66,0.09,9.7
American Eagle Airlines Inc.,MQ,2020,5,9369,-2.1,15.21,12.95,-9.3,76.82,7.95,124,1.32,9,0.09,664,43.23,21.19,62.26,53.68,86.86,12.15,12.15,9369,9,63.33,28.29,5.15,14.23,0.12,19.06
American Eagle Airlines Inc.,MQ,2020,6,11163,-0.13,15.96,15.31,-1.83,79.75,7.98,2,0.01,17,0.15,1140,40.07,22.52,57.55,53.67,85.79,10.75,10.75,11163,17,52.23,33.34,5.53,15.46,0.06,16.14
American Eagle Airlines Inc.,MQ,2020,7,17856,0.71,16.45,16.83,-0.11,74.2,8.41,68,0.38,30,0.16,2251,40.66,22.74,60.85,55.41,77.43,11.44,11.44,17856,30,64.13,34.07,5.46,16.69,0.09,18.55
American Eagle Airlines Inc.,MQ,2020,8,16483,-0.64,16.32,13.83,-2.22,69.98,8.29,95,0.57,29,0.17,1584,43.94,23.71,48.56,58.61,74.27,10.88,10.88,16483,29,65.29,43.63,13.49,17.59,0.09,13.47
American Eagle Airlines Inc.,MQ,2020,9,15390,-0.2,17.19,16.33,-1.26,72.02,8.13,105,0.68,31,0.2,1644,39.15,24.18,57.2,54.56,76.7,9.98,9.98,15390,31,57.54,39.08,7.91,19.52,0.07,11.96
American Eagle Airlines Inc.,MQ,2020,10,16624,2.3,18.55,20.24,2.8,74.76,8.43,104,0.62,25,0.15,2726,35.91,27.0,59.22,51.12,80.27,10.68,10.68,16624,25,49.18,35.51,6.46,18.19,0.11,16.86
American Eagle Airlines Inc.,MQ,2020,11,15953,-0.79,18.98,17.01,-2.73,77.44,8.34,24,0.15,18,0.11,1776,29.86,30.4,49.72,44.65,78.33,9.98,9.98,15953,18,51.35,39.71,4.0,15.82,0.17,8.94
American Eagle Airlines Inc.,MQ,2020,12,16860,3.02,20.0,21.98,0.33,78.21,8.66,182,1.07,30,0.17,2563,40.21,30.03,63.49,53.56,81.44,10.94,10.94,16860,30,51.3,39.85,5.48,19.72,0.14,15.32
American Eagle Airlines Inc.,MQ,2021,1,17666,3.72,21.2,23.89,-0.83,79.67,8.51,331,1.87,44,0.24,2635,47.22,32.92,73.59,60.49,82.85,10.65,10.65,17666,44,47.48,43.21,9.61,25.43,0.24,13.78
American Eagle Airlines Inc.,MQ,2021,2,15650,7.85,22.68,29.27,4.77,81.09,8.8,2233,14.26,45,0.28,2867,48.5,36.08,79.56,63.48,84.85,10.56,10.56,15650,45,45.69,47.32,15.29,22.91,0.04,15.31
American Eagle Airlines Inc.,MQ,2021,3,19776,2.59,19.13,20.09,-3.32,80.06,8.79,231,1.16,42,0.21,2224,53.0,28.13,66.94,62.84,85.35,10.49,10.49,19776,42,52.95,32.82,6.93,20.53,0.12,20.02
American Eagle Airlines Inc.,MQ,2021,4,19609,2.78,18.13,20.12,-2.33,79.07,8.3,127,0.64,58,0.29,2539,45.07,26.54,65.94,55.5,85.39,9.63,9.63,19609,58,61.22,37.47,6.91,16.33,0.16,20.36
American Eagle Airlines Inc.,MQ,2021,5,21513,7.09,17.42,21.29,3.11,77.41,8.81,472,2.19,78,0.36,3237,62.46,24.25,66.25,73.42,85.19,10.75,10.75,21513,78,74.15,42.38,13.7,20.99,0.2,25.95
American Eagle Airlines Inc.,MQ,2021,6,23530,12.99,16.77,24.01,7.96,74.29,9.29,352,1.49,84,0.35,4885,66.57,21.55,61.01,71.49,78.26,11.38,11.38,23530,84,70.25,48.88,10.24,16.03,0.14,29.48
American Eagle Airlines Inc.,MQ,2021,7,24278,11.39,16.81,23.13,6.19,74.47,9.22,217,0.89,63,0.25,4782,63.12,21.57,59.4,67.78,78.84,10.84,10.84,24278,63,69.56,47.56,5.35,12.3,0.06,30.4
American Eagle Airlines Inc.,MQ,2021,8,24058,9.98,16.99,21.68,6.13,73.94,9.63,875,3.63,97,0.4,4398,62.01,22.06,56.57,69.69,80.47,12.8,12.8,24058,97,68.03,53.63,11.79,17.36,0.12,24.13
American Eagle Airlines Inc.,MQ,2021,9,21735,1.97,16.32,17.09,-2.51,73.85,8.83,141,0.64,37,0.17,2289,48.08,22.06,58.82,56.34,81.14,11.34,11.34,21735,37,70.71,37.6,5.39,14.83,0.05,18.2
American Eagle Airlines Inc.,MQ,2021,10,22778,4.79,16.51,20.07,0.66,74.4,8.82,478,2.09,36,0.15,3096,50.79,22.32,64.28,58.34,78.5,11.03,11.03,22778,36,53.16,42.04,5.91,16.87,0.06,19.09
American Eagle Airlines Inc.,MQ,2021,11,22327,3.23,16.53,17.73,-3.61,75.68,8.43,58,0.25,28,0.12,2470,47.32,21.13,50.39,51.32,81.65,10.57,10.57,22327,28,55.0,38.2,2.78,8.8,0.28,18.97
American Eagle Airlines Inc.,MQ,2021,12,22845,6.19,16.94,21.04,-0.19,77.78,8.54,185,0.8,54,0.23,3434,50.91,22.35,59.43,55.39,84.66,10.46,10.46,22845,54,45.32,35.45,6.66,10.01,0.1,21.29
American Eagle Airlines Inc.,MQ,2022,1,22205,5.14,17.79,20.7,-1.32,76.89,8.95,669,3.01,39,0.17,3248,49.32,26.91,62.49,57.08,81.86,11.63,11.63,22205,39,60.57,42.38,5.88,14.27,0.11,18.95
American Eagle Airlines Inc.,MQ,2022,2,20764,8.08,17.64,23.3,1.87,78.19,8.56,2065,9.94,25,0.12,3241,56.3,25.49,68.47,62.3,83.48,10.66,10.66,20764,25,68.66,40.62,9.25,13.43,0.25,21.23
American Eagle Airlines Inc.,MQ,2022,3,22538,5.9,16.65,19.79,0.51,78.78,8.2,358,1.58,60,0.26,3344,50.75,22.86,55.53,58.05,88.8,9.77,9.77,22538,60,72.33,42.45,6.61,13.43,0.16,20.21
American Eagle Airlines Inc.,MQ,2022,4,21790,7.1,16.83,22.47,3.99,79.32,8.72,364,1.67,62,0.28,3789,49.91,22.24,64.17,58.13,86.91,10.75,10.75,21790,62,67.08,38.61,6.59,13.74,0.11,21.0
American Eagle Airlines Inc.,MQ,2022,5,21352,7.14,16.76,21.75,3.16,76.98,8.96,222,1.03,63,0.29,3664,49.73,21.46,59.4,57.02,84.49,11.1,11.1,21352,63,68.95,47.32,6.74,13.22,0.09,19.8
American Eagle Airlines Inc.,MQ,2022,6,20312,7.14,16.26,18.96,4.06,76.34,8.92,143,0.7,64,0.31,3460,52.53,21.01,47.74,59.53,85.17,11.18,11.18,20312,64,65.29,43.48,7.76,13.09,0.05,20.47
American Eagle Airlines Inc.,MQ,2022,7,21857,7.86,16.29,22.02,4.49,77.16,8.71,130,0.59,58,0.26,3853,55.0,20.83,63.88,61.45,80.36,10.65,10.65,21857,58,65.32,43.34,6.22,13.68,0.09,26.7
American Eagle Airlines Inc.,MQ,2022,8,21866,9.56,16.58,22.79,6.17,75.82,8.8,542,2.47,67,0.3,4039,60.84,21.56,64.94,68.12,82.63,11.08,11.08,21866,67,76.98,50.26,11.11,16.44,0.11,24.37
American Eagle Airlines Inc.,MQ,2022,9,19921,3.79,16.08,18.55,0.38,74.9,8.73,216,1.08,23,0.11,2626,50.57,21.43,62.13,58.54,83.91,10.65,10.65,19921,23,56.87,37.07,5.52,12.86,0.05,23.72
American Eagle Airlines Inc.,MQ,2022,10,19258,3.78,16.38,17.79,0.06,76.45,8.43,66,0.34,31,0.16,2382,52.14,21.06,54.46,60.06,84.5,11.18,11.18,19258,31,85.06,37.11,7.03,13.23,0.14,22.65
American Eagle Airlines Inc.,MQ,2022,11,17425,7.93,17.64,23.18,5.46,77.84,8.49,302,1.73,39,0.22,3358,50.44,24.2,62.64,59.62,84.29,10.14,10.14,17425,39,71.75,40.53,6.38,13.96,0.08,22.95
American Eagle Airlines Inc.,MQ,2022,12,18808,14.67,18.88,28.61,13.25,79.9,9.03,473,2.51,39,0.2,4901,58.22,24.96,65.26,67.75,84.94,11.13,11.13,18808,39,46.29,45.58,11.56,12.96,0.07,28.47
American Eagle Airlines Inc.,MQ,2023,1,18851,8.65,19.6,26.34,7.32,80.41,8.63,482,2.55,42,0.22,4276,45.0,28.35,65.61,57.32,82.55,10.93,10.93,18851,42,55.58,43.75,5.86,18.79,0.07,20.39
American Eagle Airlines Inc.,MQ,2023,2,17230,5.76,17.27,20.78,2.19,81.25,8.43,415,2.4,43,0.24,2749,48.92,23.89,59.2,57.82,87.62,10.19,10.19,17230,43,58.35,40.05,5.39,12.49,0.15,22.03
American Eagle Airlines Inc.,MQ,2023,3,19380,9.55,17.81,22.4,7.86,81.68,8.52,277,1.42,62,0.31,4284,49.44,22.94,50.54,59.36,90.1,10.01,10.01,19380,62,67.04,38.78,6.16,13.55,0.12,25.21
American Eagle Airlines Inc.,MQ,2023,4,18139,8.82,17.0,22.25,6.23,82.09,8.39,348,1.91,56,0.3,3414,55.74,22.41,60.02,66.28,90.81,9.89,9.89,18139,56,74.92,45.36,9.27,16.04,0.13,26.53
American Eagle Airlines Inc.,MQ,2023,5,17643,5.32,16.81,18.69,0.75,81.2,8.71,48,0.27,31,0.17,2637,49.42,22.4,48.89,57.11,85.65,11.13,11.13,17643,31,63.35,37.55,6.42,13.13,0.2,20.97
American Eagle Airlines Inc.,MQ,2023,6,17184,10.01,17.62,21.74,8.3,80.66,8.92,98,0.57,51,0.29,3879,50.01,24.08,48.49,61.33,86.08,10.68,10.68,17184,51,72.05,47.96,6.9,16.54,0.04,24.43
American Eagle Airlines Inc.,MQ,2023,7,19534,10.17,16.89,23.54,7.15,79.59,8.92,141,0.72,37,0.18,4109,54.83,22.3,60.66,62.78,85.8,11.4,11.4,19534,37,79.89,46.64,6.09,13.91,0.07,28.05
American Eagle Airlines Inc.,MQ,2023,8,20410,6.65,17.14,20.16,1.84,78.6,8.75,137,0.67,43,0.21,3205,55.03,22.38,54.51,61.34,84.07,10.63,10.63,20410,43,69.82,42.53,5.46,12.19,0.19,27.13
American Eagle Airlines Inc.,MQ,2023,9,18789,6.41,18.28,20.6,2.45,82.08,8.99,69,0.36,55,0.29,3233,47.28,24.79,48.47,56.33,86.4,11.49,11.49,18789,55,76.14,49.62,4.75,14.58,0.09,23.42
American Eagle Airlines Inc.,MQ,2023,10,20254,5.53,18.21,20.26,1.65,81.93,8.94,191,0.94,28,0.13,3318,45.1,23.89,48.17,53.47,84.94,11.44,11.44,20254,28,67.14,44.73,4.33,13.07,0.12,21.39
American Eagle Airlines Inc.,MQ,2023,11,19756,4.85,18.11,20.63,-0.06,82.31,8.68,43,0.21,13,0.06,2822,49.5,23.28,56.96,55.36,86.55,10.75,10.75,19756,13,71.23,32.64,2.83,10.34,0.11,24.79
American Eagle Airlines Inc.,MQ,2023,12,20433,4.55,18.21,20.93,-1.12,82.86,8.64,42,0.2,42,0.2,2905,45.88,24.64,57.63,52.11,88.96,10.39,10.39,20433,42,53.0,34.02,5.65,10.44,0.19,22.23
American Eagle Airlines Inc.,MQ,2024,1,20751,15.33,19.99,29.27,13.45,82.55,9.04,932,4.49,78,0.37,5474,59.39,26.81,65.43,69.08,86.06,11.07,11.07,20751,78,51.79,52.84,11.43,14.8,0.12,30.27
American Eagle Airlines Inc.,MQ,2024,2,20117,3.09,17.6,18.19,-1.97,79.25,8.42,41,0.2,31,0.15,2464,45.95,25.26,51.35,54.63,86.18,10.31,10.31,20117,31,63.12,42.7,6.24,12.72,0.16,20.3
American Eagle Airlines Inc.,MQ,2024,3,22725,8.37,18.04,20.7,4.51,79.47,8.67,292,1.28,47,0.2,4374,52.51,24.26,47.5,60.7,84.73,10.23,10.23,22725,47,62.39,44.46,6.75,13.47,0.13,26.61
American Eagle Airlines Inc.,MQ,2024,4,23148,8.56,17.68,21.25,5.48,78.88,8.89,350,1.51,46,0.19,4377,54.18,23.26,51.79,63.61,83.47,10.88,10.88,23148,46,69.36,43.97,9.34,13.9,0.09,26.78
American Eagle Airlines Inc.,MQ,2024,5,24488,21.81,18.72,26.5,21.4,80.54,9.47,790,3.22,124,0.5,7830,67.69,23.38,49.14,77.5,83.17,11.04,11.04,24488,124,72.29,55.93,11.08,16.5,0.1,35.2
American Eagle Airlines Inc.,MQ,2024,6,25111,16.58,17.84,24.5,13.19,76.56,9.83,407,1.62,59,0.23,6973,61.5,21.85,50.11,66.58,76.38,11.51,11.51,25111,59,71.85,45.37,5.37,11.33,0.09,34.11
American Eagle Airlines Inc.,MQ,2024,7,26111,16.0,17.87,24.75,13.47,77.24,10.02,280,1.07,62,0.23,7455,57.86,21.79,49.91,63.96,76.32,12.23,12.23,26111,62,61.58,45.56,4.28,11.54,0.08,32.19
American Eagle Airlines Inc.,MQ,2024,8,25925,8.46,17.48,22.08,5.03,76.43,10.09,191,0.73,55,0.21,5114,51.97,22.71,55.82,59.8,79.38,13.81,13.81,25925,55,64.3,44.26,3.73,12.98,0.07,27.37
American Eagle Airlines Inc.,MQ,2024,9,23598,4.17,18.06,21.01,0.1,77.76,9.98,140,0.59,20,0.08,3586,43.19,22.92,58.08,51.68,79.33,14.42,14.42,23598,20,80.3,31.5,2.37,12.83,0.07,21.96
American Eagle Airlines Inc.,MQ,2024,10,23564,2.36,16.84,18.35,-4.53,76.9,9.75,64,0.27,12,0.05,2506,47.37,20.55,59.88,52.01,79.22,15.33,15.33,23564,12,53.75,30.97,2.67,10.87,0.12,20.38
American Eagle Airlines Inc.,MQ,2024,11,21834,4.2,17.63,20.36,-1.03,80.7,9.2,198,0.9,40,0.18,2824,50.22,24.77,63.77,60.38,84.99,12.35,12.35,21834,40,66.0,45.11,7.01,15.57,0.07,22.9
American Eagle Airlines Inc.,MQ,2024,12,22586,11.55,18.54,26.78,6.66,82.7,9.3,300,1.32,79,0.34,4456,64.06,24.76,73.96,71.01,86.41,11.4,11.4,22586,79,71.67,49.74,11.45,13.33,0.11,30.95
American Eagle Airlines Inc.,MQ,2025,1,21892,9.01,19.3,24.52,4.81,83.13,9.19,1030,4.7,29,0.13,3841,60.95,29.28,69.99,72.8,88.15,12.16,12.16,21892,29,68.46,53.08,10.72,16.62,0.1,26.38
American Eagle Airlines Inc.,MQ,2025,2,19995,7.41,18.92,23.37,3.47,83.3,9.08,346,1.73,40,0.2,3750,51.56,28.01,64.21,62.3,86.95,11.12,11.12,19995,40,50.06,45.15,6.52,15.32,0.07,24.53
American Eagle Airlines Inc.,MQ,2025,3,24034,8.45,18.18,22.55,5.69,84.06,9.11,662,2.75,76,0.31,4738,52.45,24.47,60.54,61.73,86.92,10.88,10.88,24034,76,60.23,43.74,6.36,14.14,0.11,26.14
American Eagle Airlines Inc.,MQ,2025,4,24345,9.0,17.72,25.08,6.93,77.96,9.74,601,2.46,60,0.24,5098,52.28,22.25,67.19,62.63,83.61,12.1,12.1,24345,60,62.89,48.98,7.69,15.55,0.04,26.1
American Eagle Airlines Inc.,MQ,2025,5,25534,9.88,18.07,23.54,7.64,77.22,10.0,595,2.33,65,0.25,5313,54.81,23.34,57.83,64.69,81.86,12.29,12.29,25534,65,63.3,50.2,9.65,15.76,0.07,26.22
American Eagle Airlines Inc.,MQ,2025,6,26838,13.0,18.54,23.75,11.52,75.54,10.48,459,1.71,85,0.31,7094,52.56,23.26,47.4,61.43,77.21,12.9,12.9,26838,85,73.1,51.51,6.37,13.49,0.06,28.38
American Eagle Airlines Inc.,MQ,2025,7,27489,13.2,18.61,22.5,10.61,75.29,10.47,637,2.31,100,0.36,7053,54.65,23.93,44.08,62.35,75.99,12.94,12.94,27489,100,58.66,59.75,7.06,13.59,0.05,29.36
American Eagle Airlines Inc.,MQ,2025,8,26570,9.54,18.42,23.59,7.01,74.3,10.39,398,1.49,100,0.37,5522,54.45,23.68,57.79,63.46,75.19,13.39,13.39,26570,100,78.42,66.4,9.34,14.03,0.09,30.16
American Eagle Airlines Inc.,MQ,2025,9,25170,5.74,17.93,19.96,1.59,75.29,10.22,192,0.76,64,0.25,3966,53.65,23.15,53.57,62.01,77.99,13.45,13.45,25170,64,66.96,47.09,7.15,15.83,0.0,27.39
American Eagle Airlines Inc.,MQ,2025,10,27348,6.46,18.45,21.74,3.43,74.78,10.88,136,0.49,43,0.15,5004,46.87,24.04,53.94,55.96,77.56,15.45,15.45,27348,43,74.3,50.24,4.3,14.77,0.08,26.29
American Eagle Airlines Inc.,MQ,2025,11,24683,7.44,19.48,22.15,2.69,78.13,10.09,1213,4.91,50,0.2,4179,56.52,29.5,59.49,68.56,81.25,13.8,13.8,24683,50,58.0,49.9,8.77,20.76,0.08,27.34
Atlantic Southeast Airlines,EV,2015,1,49925,9.75,17.18,25.27,8.53,74.12,7.7,1702,3.4,139,0.27,10991,52.6,23.22,68.62,60.34,76.87,8.98,8.98,49925,139,23.24,38.09,1.74,14.95,0.0,23.11
Atlantic Southeast Airlines,EV,2015,2,45138,11.23,17.79,27.45,10.41,73.19,7.83,3002,6.65,131,0.29,10542,52.03,24.33,70.35,59.81,75.92,9.38,9.38,45138,131,24.82,41.53,2.09,14.6,0.0,22.98
Atlantic Southeast Airlines,EV,2015,3,54190,8.89,16.48,24.02,6.73,74.14,7.45,2135,3.93,180,0.33,10592,53.84,20.91,68.22,59.02,75.65,8.49,8.49,54190,180,21.92,38.32,1.49,12.87,0.0,24.06
Atlantic Southeast Airlines,EV,2015,4,49296,6.79,16.19,21.15,4.82,74.98,7.28,929,1.88,232,0.47,8602,52.77,20.53,63.6,59.44,78.66,8.21,8.21,49296,232,27.18,39.93,1.19,15.43,0.0,21.13
Atlantic Southeast Airlines,EV,2015,5,49213,10.08,16.35,24.03,7.72,74.37,7.58,1041,2.11,234,0.47,9728,60.65,21.12,70.37,67.58,78.48,8.91,8.91,49213,234,27.33,48.21,2.21,16.69,0.0,26.72
Atlantic Southeast Airlines,EV,2015,6,49119,15.23,17.1,28.42,13.95,73.2,7.93,1742,3.54,223,0.45,12504,62.99,21.64,70.36,69.22,77.12,9.27,9.27,49119,223,25.46,42.07,1.83,17.6,0.0,27.03
Atlantic Southeast Airlines,EV,2015,7,50381,9.05,16.64,23.66,6.92,71.66,7.85,909,1.8,151,0.29,9652,57.66,21.73,69.1,62.95,75.63,9.12,9.12,50381,151,22.92,39.27,1.06,16.03,0.0,24.65
Atlantic Southeast Airlines,EV,2015,8,48554,7.78,16.49,21.99,5.15,71.71,7.77,728,1.49,158,0.32,8444,58.6,21.77,67.59,63.57,74.52,8.85,8.85,48554,158,27.14,44.99,1.43,15.53,0.0,24.65
Atlantic Southeast Airlines,EV,2015,9,43721,3.58,16.26,18.33,0.85,71.21,7.58,266,0.6,88,0.2,5860,52.15,22.09,63.19,58.57,75.24,8.67,8.67,43721,88,23.46,36.48,1.22,15.34,0.0,19.94
Atlantic Southeast Airlines,EV,2015,10,45728,4.63,16.61,20.16,2.3,71.23,7.61,477,1.04,120,0.26,6707,52.38,21.43,67.16,57.61,75.93,8.52,8.52,45728,120,34.28,30.85,0.68,14.24,0.0,21.08
Atlantic Southeast Airlines,EV,2015,11,42572,7.14,16.94,20.85,4.41,71.61,7.59,783,1.83,145,0.34,7261,57.51,22.36,64.01,63.28,75.09,8.56,8.56,42572,145,24.23,40.68,1.61,16.41,0.0,23.32
Atlantic Southeast Airlines,EV,2015,12,44140,9.97,16.91,24.19,6.68,71.05,7.41,1517,3.43,193,0.43,8301,62.63,21.9,73.43,67.82,76.0,8.45,8.45,44140,193,22.94,41.33,1.37,15.33,0.0,26.99
Atlantic Southeast Airlines,EV,2016,1,41970,6.1,17.44,21.26,1.62,70.39,7.36,1427,3.4,95,0.22,6375,58.07,24.56,69.98,63.18,72.48,8.86,8.86,41970,95,24.37,37.4,1.67,13.32,0.0,21.98
Atlantic Southeast Airlines,EV,2016,2,39926,8.5,17.69,24.2,4.09,70.53,7.32,1465,3.66,120,0.3,7013,62.99,24.34,76.66,67.38,72.14,8.33,8.33,39926,120,22.68,39.94,0.9,15.69,0.0,25.3
Atlantic Southeast Airlines,EV,2016,3,44584,6.39,16.68,20.24,2.76,70.21,7.27,611,1.37,143,0.32,6838,61.86,22.29,67.73,67.46,75.06,8.18,8.18,44584,143,24.29,40.76,1.46,16.29,0.0,24.25
Atlantic Southeast Airlines,EV,2016,4,40773,4.16,16.64,18.88,-0.08,70.24,7.24,623,1.52,90,0.22,5118,60.29,22.25,67.63,65.87,75.79,8.31,8.31,40773,90,20.79,37.56,1.21,16.0,0.0,21.31
Atlantic Southeast Airlines,EV,2016,5,41294,6.2,17.1,20.59,2.79,69.32,7.26,452,1.09,133,0.32,6249,60.99,22.97,66.68,67.02,74.16,8.41,8.41,41294,133,30.28,42.37,1.79,17.39,0.0,21.75
Atlantic Southeast Airlines,EV,2016,6,42975,11.71,17.66,24.71,7.95,69.17,7.48,1254,2.91,190,0.44,7981,73.71,23.35,73.25,78.23,73.44,8.29,8.29,42975,190,29.93,44.37,1.46,16.07,0.0,28.41
Atlantic Southeast Airlines,EV,2016,7,43562,18.19,17.78,28.72,14.36,68.78,7.57,2319,5.32,221,0.5,10119,81.98,22.85,77.51,85.51,71.13,8.51,8.51,43562,221,25.45,54.15,1.78,17.79,0.0,33.01
Atlantic Southeast Airlines,EV,2016,8,43255,14.97,17.71,27.95,11.35,69.73,7.61,1609,3.71,174,0.4,9616,74.59,22.23,77.36,78.14,72.74,8.7,8.7,43255,174,28.27,44.01,1.12,16.14,0.0,30.59
Atlantic Southeast Airlines,EV,2016,9,38994,7.68,17.21,21.46,3.37,70.51,7.28,324,0.83,119,0.3,6147,69.88,22.41,70.74,73.24,73.82,8.1,8.1,38994,119,24.75,35.39,1.18,15.62,0.0,25.2
Atlantic Southeast Airlines,EV,2016,10,39645,6.79,16.79,20.46,1.38,69.91,7.26,318,0.8,71,0.17,5694,70.52,20.99,70.27,70.7,73.2,7.9,7.9,39645,71,25.31,33.21,1.13,14.83,0.0,23.84
Atlantic Southeast Airlines,EV,2016,11,36499,8.98,17.12,21.84,3.38,70.4,7.21,345,0.94,105,0.28,5847,75.87,21.38,75.34,76.58,75.0,7.84,7.84,36499,105,24.8,39.75,1.29,15.53,0.0,28.34
Atlantic Southeast Airlines,EV,2016,12,37513,15.78,18.13,28.07,12.3,72.25,7.53,1142,3.04,116,0.3,8670,74.32,23.01,73.08,77.87,76.14,8.48,8.48,37513,116,20.86,35.76,2.15,16.25,0.0,28.64
Atlantic Southeast Airlines,EV,2017,1,35037,17.73,18.63,29.14,13.17,72.71,7.55,1159,3.3,146,0.41,8236,82.7,23.4,76.91,85.21,74.65,8.58,8.58,35037,146,25.46,39.88,1.36,15.79,0.0,31.72
Atlantic Southeast Airlines,EV,2017,2,30444,8.11,17.47,22.18,1.36,71.86,7.07,657,2.15,92,0.3,4621,75.26,22.26,76.33,75.29,74.65,7.56,7.56,30444,92,24.29,35.52,1.38,15.99,0.0,26.19
Atlantic Southeast Airlines,EV,2017,3,35235,14.32,17.91,25.66,9.68,71.26,7.17,1284,3.64,81,0.22,7179,80.7,22.94,73.96,82.17,75.23,7.88,7.88,35235,81,26.81,37.75,0.98,15.84,0.0,30.41
Atlantic Southeast Airlines,EV,2017,4,30789,16.19,18.06,27.39,11.57,73.54,7.22,911,2.95,102,0.33,6484,87.66,23.45,80.46,90.79,76.37,7.91,7.91,30789,102,25.73,41.74,1.89,17.95,0.0,32.85
Atlantic Southeast Airlines,EV,2017,5,30851,14.24,18.0,25.79,10.02,72.27,7.28,726,2.35,100,0.32,6337,81.91,23.68,76.28,85.06,75.5,8.15,8.15,30851,100,30.3,42.74,0.86,21.46,0.0,28.79
Atlantic Southeast Airlines,EV,2017,6,30131,15.58,18.77,25.71,12.26,71.2,7.67,654,2.17,99,0.32,6755,79.78,25.65,68.98,85.1,74.12,8.93,8.93,30131,99,26.11,49.43,1.29,25.03,0.0,27.9
Atlantic Southeast Airlines,EV,2017,7,29231,14.51,18.48,24.41,10.76,72.43,7.69,884,3.02,104,0.35,6159,79.8,24.89,67.99,84.24,75.71,8.95,8.95,29231,104,27.85,45.69,1.64,25.03,0.0,26.83
Atlantic Southeast Airlines,EV,2017,8,28807,11.89,18.66,25.59,7.67,72.44,7.66,1945,6.75,98,0.34,5411,74.91,24.99,75.95,78.8,76.78,8.67,8.67,28807,98,36.69,48.41,1.96,21.8,0.0,27.53
Atlantic Southeast Airlines,EV,2017,9,24040,6.54,18.27,21.75,1.54,72.42,7.56,996,4.14,56,0.23,3517,69.02,25.55,74.52,72.69,75.51,8.58,8.58,24040,56,28.17,43.23,0.61,21.1,0.0,22.35
Atlantic Southeast Airlines,EV,2017,10,23622,10.68,18.63,24.92,6.32,74.21,7.42,329,1.39,55,0.23,4200,79.07,24.66,80.08,82.08,77.11,8.2,8.2,23622,55,36.7,43.0,1.11,19.59,0.0,27.59
Atlantic Southeast Airlines,EV,2017,11,20595,4.39,18.79,21.0,-2.11,74.01,7.45,65,0.31,19,0.09,2730,63.6,26.37,77.32,65.16,75.63,8.54,8.54,20595,19,28.0,32.96,1.0,19.88,0.0,21.75
Atlantic Southeast Airlines,EV,2017,12,20759,12.74,20.28,28.5,8.35,75.53,7.91,356,1.71,49,0.23,4496,69.94,28.68,78.12,75.93,78.1,9.33,9.33,20759,49,28.78,45.3,3.56,22.93,0.0,24.63
Atlantic Southeast Airlines,EV,2018,1,20176,13.65,20.27,29.1,7.97,73.77,7.77,997,4.94,57,0.28,4080,79.26,28.19,85.22,82.0,75.79,9.0,9.0,20176,57,26.98,43.56,4.06,19.35,0.0,27.5
Atlantic Southeast Airlines,EV,2018,2,17967,13.84,20.39,27.19,9.97,75.84,7.78,386,2.14,66,0.36,4053,74.33,27.94,72.08,80.9,78.73,8.82,8.82,17967,66,26.42,45.87,3.61,23.35,0.0,26.22
Atlantic Southeast Airlines,EV,2018,3,21016,8.45,18.78,22.35,4.04,76.2,7.58,937,4.45,47,0.22,3404,71.8,26.08,69.54,76.06,80.09,8.63,8.63,21016,47,25.82,39.79,1.38,19.34,0.0,23.63
Atlantic Southeast Airlines,EV,2018,4,17659,8.92,19.56,24.59,4.06,74.62,7.49,243,1.37,51,0.28,3091,72.35,27.53,77.99,78.09,79.52,8.43,8.43,17659,51,25.74,42.68,2.85,24.58,0.0,25.03
Atlantic Southeast Airlines,EV,2018,5,16709,8.62,18.53,21.04,2.25,72.69,7.86,180,1.07,59,0.35,2604,78.55,25.5,65.34,82.78,75.7,9.48,9.48,16709,59,38.06,41.1,4.68,27.99,0.0,21.63
Atlantic Southeast Airlines,EV,2018,6,16595,12.66,18.73,22.87,8.99,75.2,7.95,173,1.04,83,0.5,3348,77.78,25.34,61.4,83.96,78.5,9.26,9.26,16595,83,26.07,47.91,2.95,27.44,0.0,24.01
Atlantic Southeast Airlines,EV,2018,7,16548,12.54,18.63,23.61,9.38,75.53,7.96,461,2.78,56,0.33,3263,77.77,25.16,65.87,83.83,79.57,9.29,9.29,16548,56,27.0,54.4,2.49,26.7,0.0,26.74
Atlantic Southeast Airlines,EV,2018,8,17367,14.82,18.59,24.02,12.04,75.05,8.1,636,3.66,58,0.33,3827,79.13,24.41,62.53,84.77,78.52,9.54,9.54,17367,58,26.26,47.57,3.46,27.03,0.0,26.39
Atlantic Southeast Airlines,EV,2018,9,15456,11.84,18.64,23.93,9.9,74.82,8.13,284,1.83,58,0.37,3387,68.99,24.13,64.64,76.52,78.75,9.42,9.42,15456,58,30.08,40.9,3.13,25.2,0.0,24.93
Atlantic Southeast Airlines,EV,2018,10,15358,12.02,19.38,25.23,10.94,72.74,7.99,330,2.14,35,0.22,3400,68.53,26.01,67.86,76.8,76.95,8.86,8.86,15358,35,29.71,46.47,2.66,26.12,0.0,22.77
Atlantic Southeast Airlines,EV,2018,11,14273,16.45,20.62,27.6,15.74,75.15,8.45,413,2.89,35,0.24,3601,75.58,27.44,69.04,84.03,79.5,9.77,9.77,14273,35,31.58,42.5,2.84,26.1,0.0,26.45
Atlantic Southeast Airlines,EV,2018,12,13882,16.25,20.61,30.35,14.27,74.11,8.29,630,4.53,32,0.23,3455,74.18,26.64,75.82,80.97,77.43,9.4,9.4,13882,32,32.62,43.55,4.28,26.45,0.0,26.09
Atlantic Southeast Airlines,EV,2019,1,13197,15.51,21.41,28.89,13.41,73.96,8.35,964,7.3,31,0.23,3022,77.17,29.25,74.02,84.9,77.38,9.71,9.71,13197,31,27.71,41.77,4.04,27.39,0.0,27.35
Atlantic Southeast Airlines,EV,2019,2,11448,16.56,21.66,31.23,15.24,74.35,8.3,527,4.6,40,0.34,2909,74.55,28.08,76.4,82.49,77.71,9.35,9.35,11448,40,26.5,43.86,3.96,28.15,0.0,23.61
Atlantic Southeast Airlines,EV,2019,3,12942,11.96,21.12,28.28,10.23,73.35,8.03,432,3.33,43,0.33,2752,70.82,27.78,76.72,77.4,76.15,8.69,8.69,12942,43,30.56,35.14,1.27,28.14,0.0,25.19
Atlantic Southeast Airlines,EV,2019,4,11301,17.03,20.22,31.05,14.37,71.76,7.99,848,7.5,38,0.33,2645,80.55,25.66,81.72,85.42,76.28,8.67,8.67,11301,38,44.74,49.37,2.8,30.01,0.0,27.21
Atlantic Southeast Airlines,EV,2019,5,9290,19.56,20.09,28.17,17.25,71.65,8.55,551,5.93,34,0.36,2294,85.86,26.63,69.18,92.96,77.1,10.05,10.05,9290,34,27.79,47.55,7.11,33.57,0.0,24.51
Atlantic Southeast Airlines,EV,2019,6,9786,31.65,20.7,35.77,31.92,73.17,8.75,602,6.15,55,0.56,3306,93.48,25.61,73.36,100.92,76.84,9.76,9.76,9786,55,29.48,52.12,5.5,33.25,0.0,30.7
Atlantic Southeast Airlines,EV,2019,7,11182,22.43,20.28,31.14,22.75,71.58,8.68,569,5.08,37,0.33,3092,86.78,25.39,72.58,94.68,72.97,9.88,9.88,11182,37,32.05,53.72,3.72,35.91,0.0,27.32
Atlantic Southeast Airlines,EV,2019,8,11351,22.89,21.29,30.42,23.29,73.5,8.62,671,5.91,40,0.35,3105,89.27,26.9,68.87,97.25,75.86,9.73,9.73,11351,40,35.27,46.34,2.47,34.08,0.0,28.17
Atlantic Southeast Airlines,EV,2019,9,11386,13.7,21.38,27.92,11.71,72.69,8.47,504,4.42,19,0.16,2679,70.61,28.71,70.3,79.39,74.63,9.6,9.6,11386,19,38.52,48.34,2.11,31.44,0.0,21.46
Atlantic Southeast Airlines,EV,2019,10,10425,12.2,22.27,29.12,10.98,76.47,8.67,96,0.92,23,0.22,2620,61.91,29.94,70.97,71.17,80.69,9.38,9.38,10425,23,31.82,46.79,2.01,31.67,0.0,21.63
Atlantic Southeast Airlines,EV,2019,11,11193,8.16,21.51,23.06,4.22,75.97,8.38,89,0.79,18,0.16,1931,70.52,30.19,67.16,77.35,80.16,9.84,9.84,11193,18,35.44,39.71,1.76,24.93,0.0,18.92
Atlantic Southeast Airlines,EV,2019,12,11212,18.78,22.26,30.28,15.07,76.6,8.75,233,2.07,39,0.34,2697,88.17,29.48,77.07,94.37,82.06,10.49,10.49,11212,39,33.25,55.05,3.08,32.44,0.0,29.09
Atlantic Southeast Airlines,EV,2020,1,10591,4.51,22.22,24.11,-0.27,78.87,8.42,147,1.38,41,0.38,1613,56.28,31.83,71.15,64.58,87.03,9.99,9.99,10591,41,32.53,39.05,3.15,27.08,0.0,14.77
Atlantic Southeast Airlines,EV,2020,2,11450,3.5,21.96,23.57,-0.91,78.77,8.15,78,0.68,19,0.16,1684,54.6,32.44,74.21,63.65,83.66,9.29,9.29,11450,19,32.78,36.44,1.95,29.39,0.0,15.42
Atlantic Southeast Airlines,EV,2020,3,12421,-2.75,19.3,16.41,-8.64,78.8,7.71,2092,16.84,22,0.17,913,40.91,29.1,68.44,50.38,89.22,8.9,8.9,12421,22,30.45,35.46,1.09,21.76,0.0,11.68
Atlantic Southeast Airlines,EV,2020,4,4656,-5.12,16.25,10.69,-16.82,72.19,6.47,1334,28.65,5,0.1,164,60.82,24.65,76.69,62.44,72.22,7.62,7.62,4656,5,20.57,31.2,7.92,19.23,0.0,4.21
Atlantic Southeast Airlines,EV,2020,5,2464,-3.79,16.38,11.37,-11.31,61.65,6.4,103,4.18,14,0.56,141,57.7,22.77,60.04,65.22,66.18,8.75,8.75,2464,14,61.64,28.77,7.73,21.39,0.0,10.2
Atlantic Southeast Airlines,EV,2020,6,2151,-0.46,15.27,14.14,0.62,62.18,7.02,8,0.37,5,0.23,242,49.94,23.15,67.14,65.58,66.7,8.92,8.92,2151,5,17.0,47.37,23.98,26.79,0.0,5.0
Atlantic Southeast Airlines,EV,2020,7,2860,-4.05,15.81,11.76,-2.11,58.44,5.99,22,0.76,3,0.1,259,28.43,23.57,52.01,46.45,67.79,8.33,8.33,2860,3,26.66,28.66,1.36,25.91,0.0,4.91
Atlantic Southeast Airlines,EV,2020,8,3296,-4.57,15.05,10.01,-6.27,59.42,5.44,197,5.97,8,0.24,193,37.88,22.24,52.66,49.53,65.35,6.66,6.66,3296,8,24.5,27.4,2.88,24.89,0.0,5.55
Atlantic Southeast Airlines,EV,2020,9,2336,-2.44,16.19,13.74,-10.02,64.47,5.4,54,2.31,2,0.08,135,46.11,24.72,70.84,53.97,68.77,6.08,6.08,2336,2,14.5,32.33,0.71,32.67,0.0,5.87
Delta Airlines Inc.,DL,2015,1,64421,5.9,18.55,20.18,-2.04,117.36,7.28,678,1.05,67,0.1,8186,51.1,27.31,56.95,56.12,123.43,8.95,8.95,64421,67,26.41,30.19,5.05,14.6,0.07,14.7
Delta Airlines Inc.,DL,2015,2,60884,12.22,18.92,26.34,5.61,116.92,7.55,1696,2.78,118,0.19,11586,60.01,26.88,69.25,64.81,122.69,9.28,9.28,60884,118,26.07,43.09,9.01,14.62,0.01,19.15
Delta Airlines Inc.,DL,2015,3,74166,8.44,17.66,19.18,2.07,116.94,7.26,524,0.7,135,0.18,11231,54.27,25.19,51.64,59.36,129.48,8.66,8.66,74166,135,26.68,32.82,4.79,14.93,0.01,16.78
Delta Airlines Inc.,DL,2015,4,72170,6.23,17.31,16.93,0.08,116.08,7.02,147,0.2,127,0.17,9219,52.3,23.86,43.67,57.88,124.04,8.41,8.41,72170,127,27.38,32.18,3.91,15.24,0.02,16.51
Delta Airlines Inc.,DL,2015,5,74815,7.48,16.94,16.33,0.14,115.3,7.06,143,0.19,201,0.26,9264,65.36,23.78,32.88,68.47,121.78,8.61,8.61,74815,201,35.59,33.63,5.44,17.61,0.02,20.65
Delta Airlines Inc.,DL,2015,6,77255,10.87,17.94,16.23,4.41,115.7,7.32,239,0.3,256,0.33,13295,62.2,24.31,31.49,65.55,117.19,8.93,8.93,77255,256,30.29,36.59,6.09,17.01,0.03,20.88
Delta Airlines Inc.,DL,2015,7,80741,8.27,18.01,17.12,1.2,116.58,7.18,106,0.13,249,0.3,12370,54.84,24.88,39.33,58.35,119.44,8.85,8.85,80741,249,28.6,33.29,3.56,14.88,0.03,18.8
Delta Airlines Inc.,DL,2015,8,80947,7.74,17.61,16.06,0.65,116.39,7.27,69,0.08,203,0.25,11492,57.04,24.19,35.63,60.07,120.31,8.96,8.96,80947,203,29.55,36.52,4.56,14.66,0.02,18.8
Delta Airlines Inc.,DL,2015,9,72063,3.51,17.07,16.21,-3.7,112.23,7.22,6,0.0,107,0.14,6712,50.93,24.52,46.49,55.91,120.27,9.07,9.07,72063,107,27.27,28.69,3.52,14.14,0.02,13.94
Delta Airlines Inc.,DL,2015,10,75552,3.21,16.64,17.72,-5.01,112.94,7.18,17,0.02,77,0.1,5881,54.19,22.84,57.45,56.34,118.5,8.6,8.6,75552,77,28.64,29.83,1.34,12.04,0.01,13.04
Delta Airlines Inc.,DL,2015,11,72228,4.53,17.08,18.07,-3.17,113.14,7.05,14,0.01,76,0.1,7519,51.11,24.25,53.15,55.28,117.66,8.45,8.45,72228,76,27.85,31.54,2.68,13.18,0.1,14.66
Delta Airlines Inc.,DL,2015,12,70639,10.52,17.84,20.38,2.5,118.76,7.13,185,0.26,166,0.23,11268,66.09,24.27,54.59,69.1,126.39,8.6,8.6,70639,166,31.94,38.45,7.74,15.53,0.03,22.6
Delta Airlines Inc.,DL,2016,1,69711,7.51,18.5,19.08,-0.83,116.68,7.03,974,1.39,88,0.12,9234,58.79,27.55,48.15,63.67,120.35,8.86,8.86,69711,88,31.78,39.82,6.63,14.5,0.01,17.77
Delta Airlines Inc.,DL,2016,2,67771,7.95,18.27,19.56,-1.59,115.98,6.96,313,0.46,169,0.24,8720,65.26,26.74,51.72,68.62,117.79,8.58,8.58,67771,169,30.24,37.6,6.6,16.94,0.03,20.33
Delta Airlines Inc.,DL,2016,3,78210,5.97,17.35,16.73,-2.14,117.95,6.78,58,0.07,142,0.18,9300,56.63,25.1,36.99,60.15,124.87,8.05,8.05,78210,142,25.92,35.2,3.03,14.62,0.04,17.41
Delta Airlines Inc.,DL,2016,4,76607,4.63,16.81,17.06,-4.52,114.97,6.71,53,0.06,94,0.12,7294,60.57,23.37,49.0,62.34,118.6,8.02,8.02,76607,94,28.23,29.86,2.4,13.12,0.01,17.01
Delta Airlines Inc.,DL,2016,5,80556,5.49,16.78,16.51,-2.12,114.18,6.7,39,0.04,118,0.14,9005,55.61,22.69,47.12,57.67,114.32,8.18,8.18,80556,118,28.47,32.29,2.38,11.84,0.05,16.19
Delta Airlines Inc.,DL,2016,6,81517,10.16,17.9,15.64,2.56,115.46,7.05,13,0.01,239,0.29,13259,63.83,24.99,29.64,66.84,121.63,8.89,8.89,81517,239,36.77,36.42,4.62,15.73,0.03,23.02
Delta Airlines Inc.,DL,2016,7,83677,13.85,18.02,12.01,5.57,117.98,7.19,241,0.28,310,0.37,14828,78.71,25.21,10.6,80.51,120.84,9.22,9.22,83677,310,31.5,52.79,6.22,22.04,0.02,25.5
Delta Airlines Inc.,DL,2016,8,84540,16.69,17.5,17.05,8.17,116.96,7.51,1807,2.13,173,0.2,15000,94.41,22.52,38.21,93.95,123.73,10.31,10.31,84540,173,29.23,41.18,2.51,15.04,0.11,31.04
Delta Airlines Inc.,DL,2016,9,75475,4.17,16.75,16.69,-4.25,112.06,7.0,10,0.01,134,0.17,7268,55.42,23.73,50.23,59.05,120.41,8.95,8.95,75475,134,29.51,34.68,3.6,14.75,0.05,14.79
Delta Airlines Inc.,DL,2016,10,78967,2.54,16.35,16.0,-6.85,111.94,6.86,473,0.59,72,0.09,5636,53.04,22.66,51.69,54.32,131.12,9.38,9.38,78967,72,30.44,30.09,0.74,14.19,0.06,11.73
Delta Airlines Inc.,DL,2016,11,74103,3.5,16.63,16.85,-6.28,112.39,6.84,0,0.0,79,0.1,6317,52.75,23.64,53.37,55.34,121.99,8.83,8.83,74103,79,28.35,29.93,1.8,14.3,0.07,13.67
Delta Airlines Inc.,DL,2016,12,71612,11.67,18.31,18.79,4.4,121.17,7.37,135,0.18,116,0.16,13077,61.24,25.57,38.69,66.02,136.59,9.79,9.79,71612,116,30.72,35.99,5.56,15.54,0.04,19.27
Delta Airlines Inc.,DL,2017,1,69813,13.56,18.47,16.65,4.3,119.49,7.47,782,1.12,189,0.27,12507,75.32,25.42,27.98,79.26,130.77,10.41,10.41,69813,189,33.16,43.03,9.57,16.83,0.03,21.96
Delta Airlines Inc.,DL,2017,2,65313,4.78,17.07,16.98,-6.32,118.25,6.86,356,0.54,95,0.14,6428,59.33,24.47,56.25,61.11,146.75,9.75,9.75,65313,95,25.71,33.58,4.76,16.73,0.01,16.1
Delta Airlines Inc.,DL,2017,3,79070,7.41,17.23,15.68,-1.88,120.11,6.93,439,0.55,137,0.17,9773,65.23,24.68,38.49,67.79,139.12,9.32,9.32,79070,137,29.85,31.9,5.0,19.02,0.03,19.36
Delta Airlines Inc.,DL,2017,4,77046,19.35,16.97,17.91,11.23,118.28,7.13,3151,4.08,177,0.22,14493,100.93,21.35,41.2,101.13,126.39,9.18,9.18,77046,177,37.04,39.84,15.45,19.6,0.03,30.52
Delta Airlines Inc.,DL,2017,5,80742,10.15,17.19,16.38,3.44,116.65,7.0,56,0.06,175,0.21,13694,62.34,23.26,37.65,64.91,129.85,9.09,9.09,80742,175,30.21,34.15,1.58,21.75,0.02,19.43
Delta Airlines Inc.,DL,2017,6,81033,10.34,18.09,14.04,3.15,119.76,7.29,93,0.11,194,0.23,13681,63.07,25.72,26.8,66.54,122.36,8.96,8.96,81033,194,28.22,39.31,3.44,19.8,0.06,20.27
Delta Airlines Inc.,DL,2017,7,83604,10.47,18.18,14.91,2.78,121.71,7.33,36,0.04,241,0.28,13817,66.11,25.57,29.46,68.61,120.25,9.13,9.13,83604,241,30.56,40.1,3.86,18.76,0.15,20.27
Delta Airlines Inc.,DL,2017,8,84805,6.12,17.38,14.45,-2.16,120.15,7.23,191,0.22,163,0.19,10307,57.29,24.99,34.78,59.01,130.17,9.0,9.0,84805,163,33.75,33.83,2.2,16.17,0.09,16.97
Delta Airlines Inc.,DL,2017,9,75505,3.94,16.69,14.91,-3.93,115.48,7.0,1705,2.25,125,0.16,6702,61.58,23.91,45.32,64.35,121.71,8.56,8.56,75505,125,25.4,35.08,5.55,17.68,0.04,13.69
Delta Airlines Inc.,DL,2017,10,79476,5.02,16.48,16.08,-2.23,115.56,6.93,10,0.01,85,0.1,8316,59.54,22.17,49.67,61.02,128.85,8.26,8.26,79476,85,27.21,27.58,1.63,18.73,0.12,16.51
Delta Airlines Inc.,DL,2017,11,74348,1.47,16.17,13.91,-8.97,115.29,6.82,0,0.0,60,0.08,4642,50.97,23.3,49.45,53.65,145.02,8.98,8.98,74348,60,24.4,28.61,1.69,13.48,0.09,10.68
Delta Airlines Inc.,DL,2017,12,72805,9.34,18.68,17.98,-1.16,122.96,7.57,2141,2.94,167,0.22,9735,68.71,29.05,46.59,74.6,130.07,11.12,11.12,72805,167,27.38,43.94,10.58,19.79,0.08,16.35
Delta Airlines Inc.,DL,2018,1,71253,9.73,17.88,20.58,-1.16,121.03,7.36,1538,2.15,115,0.16,9543,76.43,26.16,59.29,78.0,121.25,9.67,9.67,71253,115,24.69,39.84,13.81,18.92,0.01,22.02
Delta Airlines Inc.,DL,2018,2,66302,6.61,17.71,18.6,-3.45,121.12,7.11,70,0.1,122,0.18,7848,64.51,27.84,58.04,69.51,131.72,8.4,8.4,66302,122,30.05,38.69,6.18,16.45,0.07,20.84
Delta Airlines Inc.,DL,2018,3,81365,6.0,17.14,14.31,-2.04,121.07,7.02,869,1.06,102,0.12,9634,55.12,24.4,40.21,58.81,136.37,8.57,8.57,81365,102,25.78,35.46,6.08,14.19,0.07,15.27
Delta Airlines Inc.,DL,2018,4,79013,5.82,16.96,15.26,-0.65,119.45,7.02,268,0.33,138,0.17,10347,53.13,24.87,40.98,59.99,139.83,8.45,8.45,79013,138,32.0,34.9,3.87,16.9,0.03,16.74
Delta Airlines Inc.,DL,2018,5,81735,6.78,16.87,14.68,1.48,119.02,7.25,23,0.02,178,0.21,12078,53.07,23.32,29.19,59.23,126.04,8.81,8.81,81735,178,29.4,35.84,3.84,17.82,0.08,15.27
Delta Airlines Inc.,DL,2018,6,83653,13.04,17.64,13.64,5.7,121.75,7.59,131,0.15,271,0.32,15033,74.09,23.98,17.99,77.69,118.34,9.49,9.49,83653,271,32.95,41.8,7.65,18.31,0.03,26.05
Delta Airlines Inc.,DL,2018,7,86544,11.04,17.55,14.2,3.22,123.52,7.65,128,0.14,288,0.33,13957,71.37,25.1,27.76,74.47,127.58,9.55,9.55,86544,288,30.97,41.37,6.09,21.76,0.03,24.86
Delta Airlines Inc.,DL,2018,8,87966,10.49,17.49,14.97,3.03,121.65,7.75,156,0.17,230,0.26,14290,68.41,24.52,29.55,71.48,131.95,10.01,10.01,87966,230,29.83,46.74,4.65,21.57,0.05,23.28
Delta Airlines Inc.,DL,2018,9,78075,4.14,16.46,16.08,-3.0,117.02,7.39,112,0.14,134,0.17,8915,51.6,23.81,45.21,57.69,123.97,9.88,9.88,78075,134,31.95,34.5,3.2,18.29,0.07,14.96
Delta Airlines Inc.,DL,2018,10,82134,3.16,16.3,15.21,-3.54,116.26,7.19,74,0.09,110,0.13,8017,48.13,23.28,43.57,53.69,126.7,9.03,9.03,82134,110,31.46,30.87,2.9,14.46,0.02,14.37
Delta Airlines Inc.,DL,2018,11,76236,7.71,17.51,17.38,1.24,117.76,7.39,104,0.13,125,0.16,12540,50.65,24.22,43.87,56.94,116.93,9.17,9.17,76236,125,33.17,36.88,4.37,16.76,0.01,17.44
Delta Airlines Inc.,DL,2018,12,75006,4.09,17.64,16.6,-6.12,123.17,7.38,54,0.07,105,0.13,7987,49.0,25.3,49.42,53.3,132.69,9.39,9.39,75006,105,28.05,33.13,3.94,14.9,0.01,13.41
Delta Airlines Inc.,DL,2019,1,73836,7.13,18.35,17.38,-1.71,122.93,7.27,328,0.44,105,0.14,9403,65.04,27.65,49.66,70.67,131.68,9.2,9.2,73836,105,29.79,42.38,7.75,20.52,0.01,18.79
Delta Airlines Inc.,DL,2019,2,67337,11.3,18.71,18.52,3.98,122.86,7.49,64,0.09,156,0.23,12183,65.53,27.72,45.03,72.82,136.73,8.87,8.87,67337,156,29.61,38.95,8.92,19.54,0.09,22.78
Delta Airlines Inc.,DL,2019,3,84208,5.94,16.83,14.29,-2.17,122.39,7.25,66,0.07,77,0.09,9744,59.98,24.1,40.93,63.55,137.71,8.67,8.67,84208,77,28.68,36.21,4.66,14.68,0.07,18.11
Delta Airlines Inc.,DL,2019,4,81949,8.71,16.41,14.69,0.95,120.9,7.44,146,0.17,160,0.19,11025,74.25,22.99,39.38,78.39,128.29,9.15,9.15,81949,160,29.51,38.82,4.9,21.45,0.04,24.8
Delta Airlines Inc.,DL,2019,5,85579,7.23,16.64,14.89,-0.11,119.95,7.53,0,0.0,222,0.25,11193,62.57,23.18,34.81,66.68,134.43,9.57,9.57,85579,222,33.72,37.64,3.67,19.6,0.07,19.07
Delta Airlines Inc.,DL,2019,6,87350,12.34,17.38,15.41,6.63,122.8,7.99,167,0.19,338,0.38,17078,64.13,23.61,30.83,68.87,126.93,9.84,9.84,87350,338,38.79,42.76,4.21,18.51,0.07,22.55
Delta Airlines Inc.,DL,2019,7,90812,14.2,17.16,11.32,7.63,123.97,8.09,355,0.39,358,0.39,16692,79.32,22.95,12.82,82.45,126.38,10.62,10.62,90812,358,32.32,49.6,5.28,20.98,0.05,26.7
Delta Airlines Inc.,DL,2019,8,91278,10.13,17.47,13.23,3.68,122.87,8.11,216,0.23,224,0.24,14907,66.2,25.15,22.28,71.22,133.02,10.53,10.53,91278,224,30.8,49.79,3.3,20.57,0.07,20.59
Delta Airlines Inc.,DL,2019,9,81745,4.23,16.42,12.53,-1.97,117.84,7.71,407,0.49,184,0.22,8707,57.23,23.41,29.21,63.32,131.71,9.67,9.67,81745,184,34.82,34.01,3.54,19.37,0.03,15.84
Delta Airlines Inc.,DL,2019,10,86322,4.57,17.05,15.38,-0.55,117.99,7.82,10,0.01,133,0.15,11428,46.22,23.67,48.6,53.12,122.25,9.36,9.36,86322,133,30.68,32.4,1.83,16.72,0.08,13.67
Delta Airlines Inc.,DL,2019,11,80046,3.75,16.82,15.6,-3.26,118.32,7.44,57,0.07,69,0.08,8217,51.44,26.36,49.94,58.9,128.21,8.97,8.97,80046,69,28.62,36.59,4.04,16.47,0.04,15.49
Delta Airlines Inc.,DL,2019,12,81524,7.77,17.87,16.72,0.19,123.7,7.74,26,0.03,93,0.11,12444,53.14,26.41,39.16,59.04,135.43,9.6,9.6,81524,93,25.64,37.94,3.48,17.49,0.03,17.32
Delta Airlines Inc.,DL,2020,1,80067,3.89,17.39,15.19,-4.41,124.07,7.4,41,0.05,98,0.12,8459,52.15,26.92,44.35,59.17,133.53,8.68,8.68,80067,98,27.28,34.61,5.4,16.66,0.07,14.09
Delta Airlines Inc.,DL,2020,2,75446,6.65,17.42,16.72,-1.16,123.08,7.52,18,0.02,90,0.11,9878,62.13,25.55,50.81,68.52,122.15,8.75,8.75,75446,90,25.19,39.98,4.37,17.55,0.03,25.27
Delta Airlines Inc.,DL,2020,3,86291,1.57,15.6,11.54,-7.38,125.89,6.99,19657,22.77,95,0.11,5307,59.48,21.59,43.09,63.98,140.45,8.86,8.86,86291,95,26.21,27.08,1.77,14.54,0.05,12.52
Delta Airlines Inc.,DL,2020,4,26002,-0.81,12.94,11.14,-4.97,114.74,5.29,6894,26.51,16,0.06,1523,50.16,17.42,59.07,58.72,135.06,6.14,6.14,26002,16,20.41,29.78,0.73,12.13,0.06,3.98
Delta Airlines Inc.,DL,2020,5,16952,-1.43,12.27,9.99,-6.21,113.41,5.41,23,0.13,14,0.08,836,48.05,14.92,47.47,53.49,136.79,6.71,6.71,16952,14,21.28,26.5,1.48,9.25,0.0,4.15
Delta Airlines Inc.,DL,2020,6,21865,-1.16,12.72,11.36,-5.57,116.86,5.84,10,0.04,29,0.13,1165,47.0,17.1,60.39,53.85,129.85,7.33,7.33,21865,29,23.13,25.44,2.63,10.21,0.31,7.97
Delta Airlines Inc.,DL,2020,7,37269,0.93,13.48,10.78,-0.95,125.04,6.57,479,1.28,146,0.39,3403,48.11,18.45,49.64,57.59,129.35,8.75,8.75,37269,146,24.39,33.16,2.74,12.9,0.33,10.38
Delta Airlines Inc.,DL,2020,8,47458,0.6,13.95,11.6,-3.14,121.39,6.62,114,0.24,122,0.25,4031,46.55,19.99,47.25,54.95,125.09,8.09,8.09,47458,122,29.62,30.27,3.58,13.56,0.31,9.9
Delta Airlines Inc.,DL,2020,9,44323,-1.28,13.12,9.36,-6.84,120.19,6.52,76,0.17,45,0.1,2045,55.23,17.88,59.04,60.63,130.73,7.9,7.9,44323,45,26.88,27.47,3.85,10.29,0.44,11.61
Delta Airlines Inc.,DL,2020,10,46775,-0.7,13.63,8.58,-6.1,125.08,6.68,46,0.09,72,0.15,2902,48.36,20.11,34.73,56.84,143.07,7.99,7.99,46775,72,27.19,27.83,3.9,12.86,0.23,9.1
Delta Airlines Inc.,DL,2020,11,49275,-0.91,14.44,8.23,-3.44,128.22,6.55,845,1.71,38,0.07,3952,38.17,22.59,27.24,50.69,149.76,7.51,7.51,49275,38,26.52,30.08,1.41,14.73,0.31,8.44
Delta Airlines Inc.,DL,2020,12,49378,1.94,15.28,11.82,1.57,133.88,6.77,566,1.14,49,0.09,6419,40.48,22.3,39.23,53.38,153.01,8.39,8.39,49378,49,23.01,29.49,2.94,15.79,0.11,8.62
Delta Airlines Inc.,DL,2021,1,48239,1.6,15.48,11.89,-4.89,135.1,6.49,92,0.19,47,0.09,4347,58.73,22.88,49.48,66.33,147.11,7.59,7.59,48239,47,26.55,28.63,2.23,18.48,0.15,13.75
Delta Airlines Inc.,DL,2021,2,43738,2.67,16.12,12.58,-3.39,135.64,6.75,868,1.98,58,0.13,4571,52.04,27.35,44.11,63.79,154.68,8.23,8.23,43738,58,22.89,35.9,9.01,16.19,0.17,9.83
Delta Airlines Inc.,DL,2021,3,55856,1.12,14.63,9.66,-6.96,135.71,6.87,150,0.26,56,0.1,4030,57.74,21.5,38.15,64.68,147.67,8.47,8.47,55856,56,20.0,28.27,2.22,13.44,0.2,10.74
Delta Airlines Inc.,DL,2021,4,55500,3.65,14.6,10.02,-5.55,134.99,7.06,347,0.62,81,0.14,4795,72.11,19.51,42.07,74.8,142.02,8.9,8.9,55500,81,32.15,35.88,5.38,13.66,0.79,15.6
Delta Airlines Inc.,DL,2021,5,61115,5.15,14.46,10.9,-3.61,134.11,7.17,7,0.01,100,0.16,5850,62.25,18.86,38.03,65.0,146.38,8.83,8.83,61115,100,27.51,29.99,3.61,11.86,0.24,14.1
Delta Airlines Inc.,DL,2021,6,65882,7.74,14.99,12.92,-0.14,128.43,7.64,12,0.01,162,0.24,8561,60.39,19.38,28.13,62.64,141.55,9.75,9.75,65882,162,28.72,32.17,3.36,11.77,0.16,14.27
Delta Airlines Inc.,DL,2021,7,70002,9.84,15.51,10.8,1.75,126.92,7.53,63,0.08,247,0.35,10273,65.81,20.24,8.68,67.55,133.08,9.37,9.37,70002,247,29.9,37.48,4.41,11.4,0.29,16.36
Delta Airlines Inc.,DL,2021,8,70653,8.15,15.25,12.62,0.58,126.15,7.54,113,0.15,180,0.25,9566,63.03,20.06,28.3,65.13,137.9,9.51,9.51,70653,180,27.97,31.94,4.39,11.47,0.16,15.05
Delta Airlines Inc.,DL,2021,9,67597,4.59,14.61,11.3,-1.59,123.87,7.29,295,0.43,97,0.14,6646,62.03,18.65,34.1,64.75,135.09,8.86,8.86,67597,97,29.76,33.08,3.79,11.19,0.26,14.06
Delta Airlines Inc.,DL,2021,10,70518,5.62,14.92,13.69,-0.83,124.15,7.45,35,0.04,86,0.12,8006,58.44,18.81,42.72,62.03,136.05,9.41,9.41,70518,86,25.5,32.1,2.01,11.53,0.17,15.08
Delta Airlines Inc.,DL,2021,11,70361,4.48,15.53,12.42,-2.46,122.63,7.19,14,0.01,58,0.08,7018,56.61,20.28,40.57,59.2,133.03,8.85,8.85,70361,58,25.39,30.06,1.74,8.93,0.85,13.93
Delta Airlines Inc.,DL,2021,12,68537,12.78,16.62,14.89,5.1,127.07,7.82,1635,2.38,147,0.21,12298,69.3,21.94,34.34,73.18,146.4,10.2,10.2,68537,147,31.43,41.71,6.23,11.21,0.1,19.5
Delta Airlines Inc.,DL,2022,1,68963,7.86,17.2,16.21,-0.22,126.52,7.44,2237,3.24,153,0.22,9780,61.43,24.0,42.59,64.5,132.5,9.25,9.25,68963,153,47.93,34.61,3.61,10.8,0.06,15.35
Delta Airlines Inc.,DL,2022,2,62755,7.57,16.99,15.82,-1.0,125.7,7.33,892,1.42,60,0.09,8344,62.67,25.11,44.99,66.43,136.15,8.86,8.86,62755,60,27.14,36.9,4.78,12.24,0.12,16.23
Delta Airlines Inc.,DL,2022,3,75366,12.21,16.04,13.5,4.92,126.41,7.51,436,0.57,142,0.18,13696,67.93,20.9,25.69,71.56,134.05,9.03,9.03,75366,142,32.14,38.77,3.41,12.9,0.06,21.45
Delta Airlines Inc.,DL,2022,4,73076,12.13,15.91,13.26,5.27,126.2,7.43,815,1.11,152,0.2,12889,69.19,20.64,24.82,72.36,133.66,8.77,8.77,73076,152,29.74,39.27,2.33,12.14,0.03,20.59
Delta Airlines Inc.,DL,2022,5,76300,11.57,15.42,12.41,4.66,125.33,7.58,2227,2.91,182,0.23,12590,68.46,18.92,23.9,69.55,135.4,9.1,9.1,76300,182,30.15,41.67,2.66,10.1,0.03,17.42
Delta Airlines Inc.,DL,2022,6,76887,14.42,15.78,7.27,6.55,124.83,7.89,2946,3.83,197,0.25,14463,73.64,19.84,10.25,73.25,132.27,9.81,9.81,76887,197,28.73,44.37,3.01,11.73,0.05,20.54
Delta Airlines Inc.,DL,2022,7,78767,12.94,16.37,5.73,5.99,124.87,7.89,788,1.0,177,0.22,15113,69.52,20.69,12.57,70.71,123.09,9.54,9.54,78767,177,31.14,37.01,2.78,9.92,0.05,20.63
Delta Airlines Inc.,DL,2022,8,78673,10.2,16.12,5.46,3.31,125.0,7.96,572,0.72,192,0.24,12337,70.74,21.39,17.9,73.04,129.88,10.18,10.18,78673,192,28.99,44.03,3.67,13.72,0.05,17.93
Delta Airlines Inc.,DL,2022,9,74760,4.57,15.61,10.72,-3.48,123.2,7.78,745,0.99,97,0.12,7379,63.04,21.04,40.76,64.94,137.61,10.12,10.12,74760,97,25.23,32.21,2.08,10.64,0.1,15.67
Delta Airlines Inc.,DL,2022,10,75987,5.49,15.77,12.95,-2.0,122.47,7.79,325,0.42,68,0.08,8350,62.78,20.4,41.97,64.46,137.43,10.23,10.23,75987,68,25.04,29.84,1.28,10.44,0.1,14.71
Delta Airlines Inc.,DL,2022,11,75867,7.06,16.93,14.51,0.68,123.17,7.91,483,0.63,115,0.15,10427,58.89,23.8,43.85,64.68,136.23,9.87,9.87,75867,115,33.14,37.12,3.33,12.37,0.06,16.06
Delta Airlines Inc.,DL,2022,12,75771,13.14,17.56,14.25,5.93,127.0,8.47,1851,2.44,128,0.16,14688,65.37,23.34,28.22,68.68,139.29,10.83,10.83,75771,128,29.82,37.42,5.89,10.68,0.05,18.45
Delta Airlines Inc.,DL,2023,1,75174,13.35,18.33,15.79,6.4,129.17,8.28,586,0.77,169,0.22,15242,67.72,24.38,35.32,72.43,138.7,10.29,10.29,75174,169,28.87,42.68,5.58,13.37,0.04,20.52
Delta Airlines Inc.,DL,2023,2,69152,10.34,17.34,14.35,2.18,127.44,8.08,968,1.39,121,0.17,10846,71.21,23.33,37.85,74.71,146.13,10.22,10.22,69152,121,30.25,35.79,4.51,11.16,0.06,20.32
Delta Airlines Inc.,DL,2023,3,82791,13.11,17.47,13.05,6.54,127.99,8.21,1589,1.91,177,0.21,17243,63.3,22.57,25.52,67.29,141.49,9.89,9.89,82791,177,30.69,42.52,3.27,12.74,0.03,20.6
Delta Airlines Inc.,DL,2023,4,80230,11.21,16.62,13.53,4.39,125.92,8.13,1837,2.28,155,0.19,14248,65.51,21.04,28.54,68.65,134.04,9.76,9.76,80230,155,31.01,38.55,2.4,12.34,0.06,19.21
Delta Airlines Inc.,DL,2023,5,84459,6.98,15.92,12.16,-1.12,124.16,8.08,417,0.49,95,0.11,10692,63.47,19.7,32.94,64.05,125.79,9.74,9.74,84459,95,30.32,31.62,2.17,8.12,0.09,16.65
Delta Airlines Inc.,DL,2023,6,85929,17.14,16.74,7.74,10.01,125.34,8.55,1249,1.45,269,0.31,19643,72.95,20.94,5.85,74.55,128.69,10.38,10.38,85929,269,31.83,46.42,3.17,11.83,0.07,22.8
Delta Airlines Inc.,DL,2023,7,89751,18.35,17.01,5.94,10.93,126.16,8.53,1353,1.5,332,0.36,20990,76.18,21.46,-1.82,77.09,129.49,10.39,10.39,89751,332,30.18,46.44,3.84,12.65,0.04,24.22
Delta Airlines Inc.,DL,2023,8,89057,13.75,16.76,8.6,5.58,126.04,8.42,1509,1.69,296,0.33,16444,76.93,21.36,7.05,78.53,124.6,10.14,10.14,89057,296,32.18,37.86,4.9,12.74,0.05,24.43
Delta Airlines Inc.,DL,2023,9,81701,8.48,16.42,10.95,1.12,125.95,8.37,418,0.51,187,0.22,11195,72.1,22.12,37.63,74.99,135.71,10.72,10.72,81701,187,31.9,46.77,3.17,14.66,0.06,20.5
Delta Airlines Inc.,DL,2023,10,85367,3.61,16.2,10.54,-4.83,125.62,8.13,57,0.06,79,0.09,7950,59.4,21.38,43.3,60.89,135.75,9.81,9.81,85367,79,27.28,30.63,1.65,8.21,0.1,14.62
Delta Airlines Inc.,DL,2023,11,80353,2.66,16.72,9.78,-6.49,126.45,8.08,11,0.01,64,0.07,6937,56.09,23.5,43.67,59.59,138.24,10.14,10.14,80353,64,33.75,31.25,1.04,9.62,0.07,14.01
Delta Airlines Inc.,DL,2023,12,81022,4.62,17.12,12.41,-6.37,129.68,8.24,22,0.02,95,0.11,7827,66.52,23.38,48.51,67.37,132.97,10.05,10.05,81022,95,27.96,32.22,3.7,10.59,0.14,16.31
Delta Airlines Inc.,DL,2024,1,74384,11.82,18.84,20.49,4.36,130.57,8.69,478,0.64,184,0.24,13930,68.14,26.43,59.94,74.61,133.31,10.92,10.92,74384,184,35.12,47.28,9.26,14.17,0.07,20.71
Delta Airlines Inc.,DL,2024,2,71218,4.23,17.15,14.66,-4.24,128.29,8.09,97,0.13,101,0.14,7995,55.86,23.79,51.91,61.34,144.72,10.28,10.28,71218,101,30.27,35.36,2.35,13.02,0.15,13.38
Delta Airlines Inc.,DL,2024,3,82668,8.72,17.27,14.84,2.0,129.03,8.17,111,0.13,130,0.15,13512,61.92,22.86,43.13,66.29,131.7,9.69,9.69,82668,130,30.71,37.47,2.1,14.41,0.02,19.26
Delta Airlines Inc.,DL,2024,4,82832,8.17,16.75,13.25,2.45,127.76,8.29,117,0.14,126,0.15,12925,62.91,20.98,34.88,66.46,137.31,10.12,10.12,82832,126,30.61,34.11,1.97,13.67,0.1,19.92
Delta Airlines Inc.,DL,2024,5,88381,12.82,17.14,15.32,8.35,126.69,8.5,163,0.18,264,0.29,18717,64.77,21.71,38.64,70.15,133.97,10.28,10.28,88381,264,30.93,39.92,3.08,15.08,0.06,24.56
Delta Airlines Inc.,DL,2024,6,89065,12.77,17.43,11.3,6.27,126.68,8.79,191,0.21,289,0.32,17582,67.77,22.68,19.69,70.9,137.04,10.96,10.96,89065,289,30.87,40.51,3.16,15.06,0.03,21.07
Delta Airlines Inc.,DL,2024,7,92296,27.5,18.2,10.67,22.6,127.63,9.27,6053,6.55,365,0.39,25676,93.64,22.55,12.05,97.0,126.61,11.25,11.25,92296,365,30.72,46.56,2.76,13.08,0.03,28.17
Delta Airlines Inc.,DL,2024,8,90397,12.38,17.3,10.95,5.96,126.79,8.73,717,0.79,260,0.28,17157,71.28,23.08,17.06,74.26,134.79,10.99,10.99,90397,260,31.13,45.92,3.26,16.23,0.03,21.73
Delta Airlines Inc.,DL,2024,9,84545,5.12,16.65,11.53,-1.51,126.68,8.35,330,0.39,143,0.16,10847,59.68,21.33,30.96,62.24,130.04,9.97,9.97,84545,143,30.88,32.47,3.59,9.84,0.05,17.51
Delta Airlines Inc.,DL,2024,10,88300,2.92,16.3,11.71,-4.68,126.03,8.25,799,0.9,85,0.09,8428,59.48,20.88,40.9,60.07,136.88,10.04,10.04,88300,85,24.34,29.87,1.37,8.04,0.05,15.65
Delta Airlines Inc.,DL,2024,11,81825,3.37,17.05,11.48,-4.0,128.39,7.94,24,0.02,95,0.11,9182,55.11,22.98,42.66,58.7,136.4,9.31,9.31,81825,95,30.07,32.95,2.51,11.79,0.04,14.7
Delta Airlines Inc.,DL,2024,12,83283,11.27,18.39,14.66,4.32,132.42,8.59,67,0.08,159,0.19,16320,62.43,24.04,36.98,65.28,134.78,10.14,10.14,83283,159,37.34,35.23,2.96,11.88,0.05,20.15
Delta Airlines Inc.,DL,2025,1,76306,12.97,18.99,19.4,5.22,133.41,8.45,2137,2.8,144,0.18,14302,74.61,26.33,53.51,79.2,134.88,10.37,10.37,76306,144,37.81,53.51,9.16,15.55,0.02,21.37
Delta Airlines Inc.,DL,2025,2,71333,11.35,18.82,19.73,3.89,130.51,8.38,164,0.22,108,0.15,14191,64.99,26.27,52.81,69.97,137.95,9.65,9.65,71333,108,31.64,42.03,4.12,14.36,0.04,20.49
Delta Airlines Inc.,DL,2025,3,84487,10.36,17.34,14.54,3.93,131.74,8.25,416,0.49,214,0.25,15447,67.2,22.42,38.26,72.23,138.18,9.73,9.73,84487,214,29.85,42.34,2.8,15.6,0.03,23.86
Delta Airlines Inc.,DL,2025,4,84188,8.72,17.24,12.59,3.8,130.96,8.26,430,0.51,198,0.23,14849,61.94,22.41,27.53,68.27,136.62,9.83,9.83,84188,198,36.3,42.35,3.12,13.83,0.04,20.35
Delta Airlines Inc.,DL,2025,5,89931,12.49,17.63,13.42,8.0,128.73,8.66,195,0.21,264,0.29,19694,64.34,22.79,28.93,70.36,130.85,10.26,10.26,89931,264,36.68,40.95,3.06,16.97,0.06,22.28
Delta Airlines Inc.,DL,2025,6,91122,18.13,17.99,9.43,13.05,128.77,8.92,1571,1.72,396,0.43,23332,73.69,23.31,13.26,77.59,127.81,10.62,10.62,91122,396,34.94,52.17,4.38,15.99,0.04,24.92
Delta Airlines Inc.,DL,2025,7,94066,17.34,18.05,8.77,12.02,127.83,8.92,1320,1.4,501,0.53,22918,74.96,23.73,11.48,78.92,129.99,10.81,10.81,94066,501,37.77,60.79,4.39,16.76,0.02,25.45
Delta Airlines Inc.,DL,2025,8,90313,9.54,17.0,11.99,2.79,127.76,8.7,687,0.76,304,0.33,15208,69.87,21.93,28.74,71.58,130.32,10.32,10.32,90313,304,33.18,39.83,3.8,12.79,0.03,21.22
Delta Airlines Inc.,DL,2025,9,84875,4.59,16.67,12.96,-1.86,126.14,8.31,85,0.1,160,0.18,10481,64.22,22.65,49.64,67.48,139.17,10.03,10.03,84875,160,32.27,36.46,1.8,14.54,0.06,19.01
Delta Airlines Inc.,DL,2025,10,90097,7.21,17.28,14.47,2.06,126.19,8.28,329,0.36,158,0.17,14315,62.23,23.5,48.42,66.83,135.38,9.77,9.77,90097,158,33.32,36.38,1.17,14.79,0.05,20.88
Delta Airlines Inc.,DL,2025,11,84475,8.98,18.12,14.01,3.06,128.96,8.13,1439,1.7,164,0.19,14575,68.18,26.05,45.72,74.19,136.9,9.5,9.5,84475,164,31.24,38.72,2.1,19.47,0.07,21.99
Endeavor Air Inc.,9E,2018,1,18255,12.05,22.89,29.44,3.22,74.81,7.62,1113,6.09,32,0.17,3145,80.63,31.98,82.85,85.0,76.84,9.6,9.6,18255,32,29.87,39.09,12.68,18.62,0.0,28.11
Endeavor Air Inc.,9E,2018,2,17384,13.12,22.18,29.6,5.0,76.51,7.21,421,2.42,58,0.33,3206,83.81,30.91,84.62,86.73,83.07,8.0,8.0,17384,58,30.36,42.95,8.51,19.25,0.0,33.68
Endeavor Air Inc.,9E,2018,3,21276,8.53,21.63,26.33,3.41,72.67,7.12,1533,7.2,30,0.14,3586,59.46,29.06,68.45,64.08,76.23,8.03,8.03,21276,30,22.59,36.46,2.34,14.17,0.08,24.9
Endeavor Air Inc.,9E,2018,4,20917,11.75,21.86,28.55,6.78,72.05,7.55,541,2.58,60,0.28,3986,73.21,29.89,78.17,79.0,78.18,8.09,8.09,20917,60,41.16,36.31,4.96,20.32,0.01,34.52
Endeavor Air Inc.,9E,2018,5,21103,8.75,21.15,23.9,1.9,73.55,7.31,221,1.04,46,0.21,3285,72.44,28.35,65.63,76.09,79.09,8.86,8.86,21103,46,34.27,47.38,6.64,20.89,0.0,26.43
Endeavor Air Inc.,9E,2018,6,21969,10.86,22.05,26.16,4.3,73.58,7.48,148,0.67,61,0.27,3932,72.56,29.57,65.89,77.36,76.95,9.18,9.18,21969,61,32.85,50.78,5.45,20.61,0.02,30.45
Endeavor Air Inc.,9E,2018,7,21476,13.23,22.85,27.2,7.63,73.31,7.52,657,3.05,59,0.27,4116,79.92,32.22,68.41,86.35,79.41,9.14,9.14,21476,59,30.85,55.11,6.09,29.4,0.0,32.84
Endeavor Air Inc.,9E,2018,8,22836,15.59,22.87,27.86,10.52,73.11,7.58,1118,4.89,47,0.2,4616,85.2,31.35,67.89,91.71,78.58,9.09,9.09,22836,47,36.38,70.69,5.63,32.11,0.02,33.37
Endeavor Air Inc.,9E,2018,9,19687,7.78,22.12,23.9,2.78,75.1,7.3,143,0.72,39,0.19,3302,68.11,30.84,64.07,74.85,80.28,8.91,8.91,19687,39,38.07,45.95,4.15,26.24,0.0,27.29
Endeavor Air Inc.,9E,2018,10,20976,5.69,21.45,23.82,1.32,76.58,7.2,89,0.42,35,0.16,3400,56.52,29.46,65.66,62.72,81.71,8.4,8.4,20976,35,27.65,33.76,2.34,18.11,0.01,25.28
Endeavor Air Inc.,9E,2018,11,19516,10.54,22.24,27.27,5.92,75.76,7.34,255,1.3,38,0.19,4146,61.36,29.94,66.29,68.63,79.83,8.49,8.49,19516,38,35.17,38.32,4.04,18.36,0.04,29.47
Endeavor Air Inc.,9E,2018,12,20712,9.95,21.86,24.82,0.74,74.48,7.19,116,0.56,55,0.26,3379,78.38,28.73,65.35,80.96,76.07,8.23,8.23,20712,55,33.48,33.62,6.42,15.4,0.06,35.49
Endeavor Air Inc.,9E,2019,1,20212,11.56,23.3,28.62,4.34,74.51,7.26,341,1.68,36,0.17,4018,73.03,32.46,75.75,78.21,80.63,8.5,8.5,20212,36,30.09,41.81,6.18,21.82,0.0,33.69
Endeavor Air Inc.,9E,2019,2,18311,12.06,22.4,28.94,4.37,75.31,7.39,632,3.45,40,0.21,3684,69.98,31.28,76.64,75.67,80.57,8.34,8.34,18311,40,27.8,37.55,6.62,17.11,0.02,32.51
Endeavor Air Inc.,9E,2019,3,22386,8.12,20.18,22.87,1.28,74.15,7.26,186,0.83,38,0.16,3439,72.81,27.8,65.51,75.97,77.26,7.95,7.95,22386,38,30.29,35.05,4.2,15.99,0.01,34.16
Endeavor Air Inc.,9E,2019,4,21039,12.2,20.15,25.08,6.52,75.9,7.38,385,1.82,63,0.29,3995,78.36,27.01,68.25,82.98,80.47,8.5,8.5,21039,63,31.15,38.1,4.07,21.14,0.0,36.18
Endeavor Air Inc.,9E,2019,5,21099,7.51,20.22,21.78,0.71,73.02,7.42,214,1.01,30,0.14,3155,70.33,29.02,61.02,74.89,78.8,9.33,9.33,21099,30,43.32,55.16,3.33,24.13,0.0,28.23
Endeavor Air Inc.,9E,2019,6,21899,21.25,21.33,27.32,15.44,71.64,7.87,563,2.57,83,0.37,5447,89.97,28.25,62.7,93.7,75.84,9.23,9.23,21899,83,39.81,53.55,6.15,21.53,0.0,42.74
Endeavor Air Inc.,9E,2019,7,22323,15.03,20.45,22.66,7.59,70.15,7.88,758,3.39,50,0.22,4163,89.91,28.45,53.34,93.83,73.53,9.92,9.92,22323,50,38.73,60.11,8.15,25.45,0.02,35.57
Endeavor Air Inc.,9E,2019,8,23344,11.13,21.16,22.11,4.45,70.49,7.86,667,2.85,48,0.2,4125,75.19,31.29,51.32,81.01,74.84,9.77,9.77,23344,48,32.32,61.49,4.25,24.66,0.01,30.49
Endeavor Air Inc.,9E,2019,9,20916,3.48,19.56,19.79,-4.1,70.13,7.22,112,0.53,31,0.14,2368,65.69,29.97,67.69,72.38,75.37,8.81,8.81,20916,31,37.7,44.04,3.55,23.58,0.0,25.53
Endeavor Air Inc.,9E,2019,10,21527,6.35,20.38,23.82,0.0,72.68,7.38,113,0.52,28,0.13,3482,59.79,28.73,71.57,64.62,78.71,8.44,8.44,21527,28,34.92,37.89,1.94,20.98,0.01,26.47
Endeavor Air Inc.,9E,2019,11,20830,4.42,19.3,20.88,-4.06,71.88,7.07,40,0.19,23,0.11,2482,64.53,29.24,70.56,68.65,77.06,8.19,8.19,20830,23,36.5,28.01,1.66,14.16,0.01,28.38
Endeavor Air Inc.,9E,2019,12,23381,10.41,20.78,24.75,0.94,72.26,7.38,246,1.05,57,0.24,3973,72.59,31.81,70.33,77.02,77.86,8.71,8.71,23381,57,27.72,43.04,5.7,18.62,0.03,31.96
Endeavor Air Inc.,9E,2020,1,23088,4.79,19.3,19.56,-6.13,70.71,7.03,76,0.32,37,0.16,2523,75.63,29.4,68.5,78.41,73.84,8.17,8.17,23088,37,26.12,29.13,8.27,15.7,0.02,28.75
Endeavor Air Inc.,9E,2020,2,21654,8.84,19.99,24.42,-0.46,71.2,7.14,81,0.37,44,0.2,3431,74.89,29.47,77.08,78.9,74.06,8.21,8.21,21654,44,33.4,33.12,4.49,17.86,0.0,35.76
Endeavor Air Inc.,9E,2020,3,26004,-0.34,16.91,15.53,-12.27,70.51,6.62,3438,13.22,21,0.08,1608,62.85,24.77,75.09,63.42,74.58,7.47,7.47,26004,21,27.73,24.02,2.37,11.16,0.02,21.3
Endeavor Air Inc.,9E,2020,4,6283,-3.54,13.93,9.7,-7.87,56.84,5.12,1916,30.49,3,0.04,281,50.32,20.74,60.81,57.96,62.91,5.6,5.6,6283,3,21.8,28.23,3.75,10.6,0.0,5.57
Endeavor Air Inc.,9E,2020,5,7423,-3.45,13.05,8.55,-8.25,60.6,5.1,860,11.58,1,0.01,250,64.2,16.22,57.39,67.86,66.41,5.06,5.06,7423,1,8.33,22.67,4.43,6.8,0.11,3.88
Endeavor Air Inc.,9E,2020,6,9155,-2.6,12.97,9.4,-8.28,59.47,5.48,143,1.56,7,0.07,388,68.33,18.37,64.44,73.64,63.39,6.38,6.38,9155,7,24.71,16.7,3.47,9.07,0.17,7.64
Endeavor Air Inc.,9E,2020,7,16292,-0.85,13.74,12.08,-4.2,59.08,6.25,17,0.1,28,0.17,1233,48.71,21.36,59.56,59.93,67.42,8.07,8.07,16292,28,27.14,30.98,5.2,15.34,0.25,11.16
Endeavor Air Inc.,9E,2020,8,17899,0.83,13.78,13.71,-6.61,60.29,5.99,169,0.94,27,0.15,1302,67.13,21.24,76.21,72.16,65.19,6.69,6.69,17899,27,30.96,31.05,6.97,11.16,0.05,18.11
Endeavor Air Inc.,9E,2020,9,18931,-2.55,12.69,9.99,-10.05,60.04,5.9,46,0.24,4,0.02,619,59.63,17.46,72.43,60.67,63.87,6.76,6.76,18931,4,27.25,20.27,2.89,6.58,0.14,8.65
Endeavor Air Inc.,9E,2020,10,21639,-0.66,13.4,12.14,-7.31,61.04,5.99,28,0.12,22,0.1,1224,60.45,22.3,72.16,66.35,65.31,6.71,6.71,21639,22,23.63,28.71,4.74,10.89,0.02,13.94
Endeavor Air Inc.,9E,2020,11,21081,-1.98,13.9,11.44,-10.22,61.67,6.07,2,0.0,21,0.09,1013,47.81,27.06,64.92,56.0,64.32,7.47,7.47,21081,21,27.66,26.44,2.51,14.16,0.04,11.64
Endeavor Air Inc.,9E,2020,12,22010,1.58,15.43,15.49,-4.46,63.47,6.34,166,0.75,26,0.11,1895,58.59,26.74,68.62,66.8,68.0,7.49,7.49,22010,26,21.62,25.83,5.41,13.17,0.05,15.81
Endeavor Air Inc.,9E,2021,1,19506,1.6,15.98,15.22,-7.64,61.78,6.11,23,0.11,25,0.12,1388,77.39,27.34,72.58,82.21,63.01,6.98,6.98,19506,25,28.56,28.85,17.04,14.3,0.05,20.4
Endeavor Air Inc.,9E,2021,2,17360,2.64,16.44,15.06,-6.25,60.85,6.35,524,3.01,28,0.16,1422,72.22,30.99,56.63,81.26,64.21,7.85,7.85,17360,28,26.56,30.36,22.44,13.97,0.06,21.15
Endeavor Air Inc.,9E,2021,3,21394,-0.87,14.16,12.28,-10.71,59.97,6.01,0,0.0,24,0.11,1122,55.04,24.06,59.86,61.45,64.79,7.07,7.07,21394,24,23.16,21.27,4.05,13.22,0.06,13.91
Endeavor Air Inc.,9E,2021,4,22563,-0.51,14.16,12.88,-11.78,59.89,6.03,0,0.0,21,0.09,1031,66.57,22.07,71.88,67.16,62.73,7.03,7.03,22563,21,27.95,27.86,6.2,8.79,0.04,15.42
Endeavor Air Inc.,9E,2021,5,24116,2.66,14.53,15.76,-6.62,60.44,6.21,13,0.05,22,0.09,1762,73.98,20.7,75.88,76.21,63.64,7.09,7.09,24116,22,27.5,30.03,5.69,12.08,0.18,27.9
Endeavor Air Inc.,9E,2021,6,25278,5.89,15.47,19.14,-2.96,61.98,6.67,38,0.15,58,0.22,2810,72.4,21.42,73.83,73.87,64.95,8.25,8.25,25278,58,29.51,35.59,6.98,12.72,0.03,23.43
Endeavor Air Inc.,9E,2021,7,25069,6.23,16.19,16.91,-2.18,62.48,6.84,112,0.44,81,0.32,2780,75.01,23.64,49.44,78.0,66.4,9.04,9.04,25069,81,38.62,47.84,7.95,17.97,0.06,23.53
Endeavor Air Inc.,9E,2021,8,23098,5.1,15.95,17.94,-0.86,61.95,6.94,66,0.28,60,0.25,2635,67.12,22.79,62.58,73.02,66.84,8.76,8.76,23098,60,29.96,36.88,6.6,15.07,0.07,21.13
Endeavor Air Inc.,9E,2021,9,21952,1.37,15.14,14.57,-4.28,61.66,6.64,80,0.36,16,0.07,1511,66.48,22.01,60.85,71.68,65.89,8.18,8.18,21952,16,26.56,42.43,5.66,19.02,0.12,17.04
Endeavor Air Inc.,9E,2021,10,23502,2.2,15.58,16.19,-4.15,63.42,6.71,0,0.0,33,0.14,1967,61.2,21.06,63.23,65.26,64.49,8.31,8.31,23502,33,29.39,28.2,4.62,10.16,0.02,19.86
Endeavor Air Inc.,9E,2021,11,21151,1.4,17.71,17.15,-5.19,65.8,6.86,15,0.07,21,0.09,1925,47.44,28.04,55.29,54.9,68.02,8.41,8.41,21151,21,31.52,26.73,2.75,12.16,0.13,15.16
Endeavor Air Inc.,9E,2021,12,21890,4.47,18.48,19.12,-3.07,66.41,7.01,115,0.52,33,0.15,2373,66.31,28.06,59.79,73.0,67.85,8.3,8.3,21890,33,31.53,33.48,12.23,13.03,0.04,20.98
Endeavor Air Inc.,9E,2022,1,21660,8.2,20.44,23.38,2.03,65.25,7.38,1346,6.21,39,0.18,3286,68.07,31.96,68.92,76.86,67.62,9.31,9.31,21660,39,36.51,34.0,9.49,14.6,0.04,24.12
Endeavor Air Inc.,9E,2022,2,18958,8.8,20.04,23.51,2.28,66.48,7.12,771,4.06,22,0.11,2871,73.26,31.46,71.13,81.0,72.93,8.4,8.4,18958,22,33.08,41.08,10.83,17.57,0.03,28.36
Endeavor Air Inc.,9E,2022,3,21313,8.53,19.16,22.67,4.28,67.41,6.97,341,1.59,61,0.28,3493,66.19,28.87,65.42,76.13,71.89,8.17,8.17,21313,61,36.52,37.88,6.81,20.36,0.05,27.4
Endeavor Air Inc.,9E,2022,4,20266,6.17,18.7,21.91,0.99,67.49,7.01,209,1.03,27,0.13,2826,63.67,26.77,69.56,70.83,71.22,8.44,8.44,20266,27,26.82,34.9,3.5,17.82,0.04,23.74
Endeavor Air Inc.,9E,2022,5,20385,10.07,19.31,23.16,5.63,67.33,7.51,624,3.06,35,0.17,3210,76.8,27.05,65.72,84.04,72.13,9.74,9.74,20385,35,32.56,59.02,4.78,24.16,0.0,23.06
Endeavor Air Inc.,9E,2022,6,19878,13.39,19.29,24.96,6.81,66.38,7.73,1413,7.1,56,0.28,3178,88.07,26.53,71.1,93.58,70.74,10.2,10.2,19878,56,33.91,54.77,5.68,23.65,0.0,29.69
Endeavor Air Inc.,9E,2022,7,20166,13.12,20.27,26.74,7.37,67.05,7.86,1117,5.53,78,0.38,3660,78.35,28.51,73.81,84.79,71.49,9.93,9.93,20166,78,39.72,46.35,4.26,19.14,0.06,27.97
Endeavor Air Inc.,9E,2022,8,19893,10.54,20.71,22.88,5.01,66.46,7.7,1017,5.11,26,0.13,3300,73.67,30.74,57.71,81.71,71.38,9.99,9.99,19893,26,28.51,69.16,5.46,24.94,0.02,22.39
Endeavor Air Inc.,9E,2022,9,17977,5.67,20.13,21.74,-1.9,68.07,7.55,200,1.11,17,0.09,2215,70.45,31.05,69.65,77.06,73.69,9.32,9.32,17977,17,38.29,36.72,4.27,18.66,0.0,29.12
Endeavor Air Inc.,9E,2022,10,18091,8.64,20.05,23.18,1.53,68.73,8.12,302,1.66,46,0.25,2693,75.32,29.22,68.72,81.08,75.48,10.58,10.58,18091,46,54.93,40.94,3.96,24.26,0.01,29.75
Endeavor Air Inc.,9E,2022,11,16793,7.25,21.63,24.88,3.4,68.24,8.05,270,1.6,53,0.31,2860,58.01,32.54,67.4,69.4,75.02,10.28,10.28,16793,53,49.11,36.97,4.55,22.44,0.0,23.78
Endeavor Air Inc.,9E,2022,12,16660,10.87,22.37,26.74,3.97,67.93,8.3,592,3.55,32,0.19,2942,69.56,32.35,66.67,76.4,70.2,10.31,10.31,16660,32,42.73,43.34,11.53,17.51,0.05,22.01
Endeavor Air Inc.,9E,2023,1,16926,12.1,22.05,27.49,7.2,66.84,8.2,249,1.47,40,0.23,3574,67.56,31.86,68.8,76.69,71.16,10.48,10.48,16926,40,28.69,43.79,8.29,18.16,0.02,27.87
Endeavor Air Inc.,9E,2023,2,14633,5.65,20.54,22.93,-2.86,66.72,7.73,356,2.43,14,0.09,1876,66.17,30.51,72.12,72.17,73.21,9.32,9.32,14633,14,31.26,32.06,7.04,18.27,0.0,24.33
Endeavor Air Inc.,9E,2023,3,16943,6.13,20.81,23.89,0.16,68.5,7.85,232,1.36,31,0.18,2480,59.79,30.36,69.83,67.99,73.04,9.88,9.88,16943,31,42.51,42.29,6.15,17.53,0.08,22.11
Endeavor Air Inc.,9E,2023,4,15574,7.28,20.11,23.21,1.1,67.18,7.9,113,0.72,37,0.23,2300,67.65,28.9,68.38,74.83,73.57,10.15,10.15,15574,37,41.84,40.69,4.44,20.42,0.04,30.79
Endeavor Air Inc.,9E,2023,5,16007,1.19,19.46,19.76,-8.18,67.33,7.82,16,0.09,13,0.08,1247,56.76,27.63,74.01,59.5,72.99,10.31,10.31,16007,13,30.21,29.81,4.32,9.69,0.03,17.75
Endeavor Air Inc.,9E,2023,6,17307,10.18,20.41,25.24,2.21,66.7,7.86,894,5.16,50,0.28,2670,73.8,29.6,71.05,78.69,71.42,9.51,9.51,17307,50,40.11,58.69,5.31,23.68,0.04,26.12
Endeavor Air Inc.,9E,2023,7,17633,14.81,20.55,26.08,7.62,66.57,8.22,1124,6.37,52,0.29,3329,81.38,29.53,65.07,86.63,73.37,10.3,10.3,17633,52,41.46,68.82,7.57,26.04,0.01,29.2
Endeavor Air Inc.,9E,2023,8,18121,10.43,19.97,23.99,1.73,68.07,7.99,325,1.79,45,0.24,2820,81.22,26.77,67.65,84.22,71.21,9.76,9.76,18121,45,32.56,43.25,6.7,15.94,0.01,33.08
Endeavor Air Inc.,9E,2023,9,17319,9.19,20.19,23.19,2.22,66.81,7.82,777,4.48,37,0.21,2546,77.09,29.32,67.39,81.82,70.96,9.28,9.28,17319,37,35.21,63.26,6.85,22.21,0.02,27.22
Endeavor Air Inc.,9E,2023,10,17796,1.29,18.78,18.46,-9.47,69.65,7.78,0,0.0,19,0.1,1343,67.35,26.76,73.75,68.15,73.88,9.11,9.11,17796,19,38.1,27.1,5.46,8.54,0.0,23.11
Endeavor Air Inc.,9E,2023,11,16379,0.67,19.62,19.15,-9.91,71.06,7.73,0,0.0,5,0.03,1341,52.96,29.37,69.4,56.08,76.95,9.09,9.09,16379,5,36.6,27.81,1.9,9.6,0.07,16.73
Endeavor Air Inc.,9E,2023,12,16888,5.72,19.76,22.05,-6.1,70.29,7.59,156,0.92,30,0.17,1882,77.43,27.85,76.21,77.66,73.72,8.53,8.53,16888,30,36.38,25.22,8.03,12.24,0.13,27.81
Endeavor Air Inc.,9E,2024,1,16972,17.05,21.94,30.74,10.56,72.44,7.65,706,4.15,47,0.27,3771,83.9,30.32,79.47,90.17,75.41,8.79,8.79,16972,47,35.25,39.57,12.41,17.11,0.01,36.63
Endeavor Air Inc.,9E,2024,2,15656,3.2,19.72,21.43,-6.49,74.89,7.26,233,1.48,31,0.19,1588,69.94,29.1,85.45,74.2,79.87,8.78,8.78,15656,31,49.61,30.85,4.28,14.0,0.0,31.37
Endeavor Air Inc.,9E,2024,3,17066,4.21,19.5,21.18,-3.76,73.54,7.18,14,0.08,20,0.11,2068,63.85,27.71,70.68,67.81,75.04,8.44,8.44,17066,20,36.45,27.08,3.76,13.64,0.05,25.7
Endeavor Air Inc.,9E,2024,4,16964,4.57,19.78,20.72,-2.24,72.85,7.32,158,0.93,28,0.16,2109,65.08,28.27,65.36,70.37,77.01,8.63,8.63,16964,28,34.39,52.2,3.5,17.36,0.06,25.67
Endeavor Air Inc.,9E,2024,5,16311,9.17,20.31,24.01,3.15,73.0,7.5,203,1.24,50,0.3,2574,76.69,28.37,70.94,83.35,77.05,9.37,9.37,16311,50,36.78,45.83,6.83,20.09,0.08,36.99
Endeavor Air Inc.,9E,2024,6,16702,11.57,21.05,25.99,5.5,71.73,7.88,542,3.24,34,0.2,3151,73.06,29.35,69.06,78.4,75.08,9.51,9.51,16702,34,39.91,49.05,3.3,20.24,0.01,30.1
Endeavor Air Inc.,9E,2024,7,17257,24.02,22.44,34.93,19.75,72.27,8.22,1390,8.05,71,0.41,4559,90.08,30.04,80.96,95.97,74.14,9.77,9.77,17257,71,34.7,55.76,3.15,19.72,0.01,42.26
Endeavor Air Inc.,9E,2024,8,17104,13.09,22.3,26.31,8.23,71.05,8.1,1186,6.93,43,0.25,3306,76.57,32.93,67.25,85.94,75.06,10.41,10.41,17104,43,37.61,73.46,5.24,26.72,0.02,29.87
Endeavor Air Inc.,9E,2024,9,15868,1.7,20.33,18.47,-4.95,70.04,7.51,109,0.68,26,0.16,1524,64.9,29.0,58.0,71.96,70.75,9.76,9.76,15868,26,34.75,33.9,6.38,13.82,0.01,26.3
Endeavor Air Inc.,9E,2024,10,16843,0.03,19.6,17.85,-7.11,69.53,7.38,0,0.0,8,0.04,1326,59.9,28.53,66.71,64.53,72.98,8.8,8.8,16843,8,33.0,22.36,2.43,11.45,0.02,19.85
Endeavor Air Inc.,9E,2024,11,16021,0.81,19.93,19.48,-6.25,71.29,7.16,4,0.02,18,0.11,1551,55.54,30.33,72.87,61.87,73.39,7.96,7.96,16021,18,28.52,28.08,3.75,14.77,0.03,21.58
Endeavor Air Inc.,9E,2024,12,17357,10.94,22.03,26.12,4.35,70.36,7.65,63,0.36,38,0.21,3368,68.09,31.07,64.97,73.77,72.82,9.0,9.0,17357,38,45.61,37.37,5.65,15.28,0.06,31.86
Endeavor Air Inc.,9E,2025,1,18279,11.22,22.27,27.1,4.85,71.52,7.53,694,3.79,20,0.1,3465,74.05,32.06,74.12,80.4,74.63,8.84,8.84,18279,20,34.65,36.77,9.21,14.62,0.04,32.98
Endeavor Air Inc.,9E,2025,2,16896,8.68,22.67,25.75,4.49,71.62,7.45,339,2.0,41,0.24,3312,62.6,34.27,69.48,73.43,75.24,8.6,8.6,16896,41,42.6,44.02,5.93,20.5,0.03,29.84
Endeavor Air Inc.,9E,2025,3,20649,9.81,20.28,23.91,5.47,71.39,7.19,191,0.92,49,0.23,3797,73.64,26.75,67.78,80.08,74.25,8.12,8.12,20649,49,34.86,53.56,6.34,16.05,0.01,34.49
Endeavor Air Inc.,9E,2025,4,20468,13.1,21.26,24.67,8.93,71.32,7.49,113,0.55,30,0.14,4458,74.24,27.4,58.04,79.92,73.93,8.36,8.36,20468,30,41.83,36.8,6.15,12.59,0.04,35.88
Endeavor Air Inc.,9E,2025,5,20762,18.0,22.28,26.99,15.18,71.87,7.75,512,2.46,46,0.22,5378,77.31,29.57,57.61,84.49,75.38,8.64,8.64,20762,46,43.61,54.97,6.25,18.81,0.01,37.84
Endeavor Air Inc.,9E,2025,6,20674,23.41,22.61,28.96,19.11,71.05,8.09,1085,5.24,57,0.27,5796,86.07,30.18,59.6,91.73,74.31,9.54,9.54,20674,57,40.16,69.33,5.15,21.53,0.0,38.86
Endeavor Air Inc.,9E,2025,7,21575,20.02,22.33,26.76,15.42,70.15,7.87,1312,6.08,65,0.3,5411,83.08,29.65,56.58,88.75,74.97,9.31,9.31,21575,65,45.29,76.68,6.28,22.94,0.01,35.05
Endeavor Air Inc.,9E,2025,8,21370,8.52,20.86,21.85,1.42,70.9,7.57,129,0.6,36,0.16,3491,74.75,27.38,58.41,77.8,71.91,9.21,9.21,21370,36,36.56,49.34,4.57,15.33,0.04,31.59
Endeavor Air Inc.,9E,2025,9,20231,3.4,20.85,20.87,-3.15,71.63,7.29,106,0.52,39,0.19,2587,63.76,29.26,66.86,68.47,73.73,8.22,8.22,20231,39,34.65,53.14,2.65,14.73,0.03,25.57
Endeavor Air Inc.,9E,2025,10,21235,6.32,21.85,23.19,2.2,73.07,7.37,280,1.31,28,0.13,3496,62.4,32.55,65.3,70.46,78.73,8.1,8.1,21235,28,34.35,51.52,2.39,18.5,0.03,28.14
Endeavor Air Inc.,9E,2025,11,19420,13.74,22.64,27.8,8.92,74.19,7.36,779,4.01,37,0.19,4160,78.46,33.46,73.85,87.32,78.81,8.29,8.29,19420,37,35.92,46.53,3.46,20.73,0.0,39.32
Frontier Airlines Inc.,F9,2015,1,6829,17.98,15.76,7.58,18.35,129.3,8.4,89,1.3,5,0.07,2151,63.06,19.58,31.09,69.55,133.96,9.32,9.32,6829,5,23.2,30.96,0.6,22.51,0.0,30.97
Frontier Airlines Inc.,F9,2015,2,5809,25.71,16.98,7.26,27.42,130.77,8.72,108,1.85,10,0.17,2274,67.98,21.25,34.15,76.68,137.11,9.93,9.93,5809,10,28.5,34.46,1.88,26.66,0.0,32.22
Frontier Airlines Inc.,F9,2015,3,6950,20.01,15.29,9.12,20.07,128.46,8.62,61,0.87,9,0.12,2350,60.36,18.53,43.35,67.2,132.04,9.94,9.94,6950,9,25.88,35.74,0.75,23.35,0.0,28.02
Frontier Airlines Inc.,F9,2015,4,7148,11.72,15.37,3.49,12.64,128.69,8.63,38,0.53,18,0.25,1908,50.49,19.33,35.86,59.87,132.76,10.08,10.08,7148,18,46.22,30.24,0.63,25.76,0.0,21.73
Frontier Airlines Inc.,F9,2015,5,8118,11.23,15.23,-6.45,13.0,130.9,9.06,25,0.3,18,0.22,2138,53.81,19.7,0.09,64.3,136.02,10.61,10.61,8118,18,60.05,28.82,0.32,25.97,0.0,23.6
Frontier Airlines Inc.,F9,2015,6,7893,19.11,15.91,-10.22,19.71,129.9,9.27,54,0.68,25,0.31,2476,66.45,19.98,-2.54,74.54,134.2,10.8,10.8,7893,25,36.84,42.55,0.81,28.55,0.0,30.44
Frontier Airlines Inc.,F9,2015,7,8090,13.83,15.71,-9.57,14.46,129.57,9.24,33,0.4,19,0.23,2264,56.54,19.8,0.65,65.0,133.97,10.7,10.7,8090,19,68.63,37.02,0.55,25.5,0.0,24.7
Frontier Airlines Inc.,F9,2015,8,8142,8.84,15.59,-7.84,9.17,129.64,9.17,26,0.31,13,0.15,1829,53.14,20.69,9.27,62.17,133.33,10.81,10.81,8142,13,41.84,38.88,1.13,25.97,0.0,22.02
Frontier Airlines Inc.,F9,2015,9,7873,5.09,15.08,-9.34,0.97,129.54,9.06,21,0.26,6,0.07,1094,62.75,20.53,9.57,67.56,134.39,10.76,10.76,7873,6,35.0,31.46,0.63,20.52,0.0,29.66
Frontier Airlines Inc.,F9,2015,10,8101,4.03,14.93,-8.98,0.08,128.88,9.28,12,0.14,4,0.04,1187,48.59,18.9,15.33,53.02,131.84,11.57,11.57,8101,4,21.25,27.21,0.15,17.15,0.0,19.67
Frontier Airlines Inc.,F9,2015,11,7763,11.65,16.39,-9.05,11.16,133.61,9.84,36,0.46,14,0.18,1970,53.75,21.35,1.28,62.48,135.58,11.32,11.32,7763,14,29.85,35.4,0.58,24.47,0.0,23.15
Frontier Airlines Inc.,F9,2015,12,8120,16.05,16.12,-11.37,9.34,133.25,10.07,85,1.04,17,0.2,1929,73.09,19.84,-16.79,75.04,132.83,11.65,11.65,8120,17,29.94,31.4,2.57,23.63,0.0,32.82
Frontier Airlines Inc.,F9,2016,1,7099,6.46,16.14,-5.89,-1.86,138.86,9.63,77,1.08,4,0.05,978,69.73,22.26,13.95,71.29,142.81,11.55,11.55,7099,4,37.25,33.05,1.55,21.08,0.0,30.1
Frontier Airlines Inc.,F9,2016,2,6646,6.06,15.82,-7.9,-5.61,139.31,9.48,104,1.56,16,0.24,725,84.03,20.89,19.52,81.5,143.43,10.94,10.94,6646,16,30.75,33.78,1.96,20.42,0.0,38.96
Frontier Airlines Inc.,F9,2016,3,7057,14.4,16.31,-0.29,5.03,141.72,9.74,181,2.56,18,0.25,1385,83.11,20.27,33.72,81.75,141.2,11.23,11.23,7057,18,39.61,43.13,1.89,21.74,0.0,40.63
Frontier Airlines Inc.,F9,2016,4,7125,4.39,16.16,-7.85,-3.16,138.27,9.63,28,0.39,12,0.16,973,56.46,22.27,10.66,60.83,143.65,11.59,11.59,7125,12,29.83,27.94,0.51,18.47,0.0,28.42
Frontier Airlines Inc.,F9,2016,5,7920,10.53,15.55,-12.37,5.24,135.88,10.24,21,0.26,22,0.27,1528,67.12,19.04,12.65,72.02,139.58,12.95,12.95,7920,22,50.4,36.58,2.33,20.29,0.0,35.0
Frontier Airlines Inc.,F9,2016,6,8107,12.35,16.39,-30.31,8.88,134.8,11.5,7,0.08,20,0.24,1952,58.26,20.86,-46.27,66.28,137.37,15.05,15.05,8107,20,66.75,40.23,0.62,24.96,0.0,25.35
Frontier Airlines Inc.,F9,2016,7,9019,22.47,16.62,-32.23,22.71,134.94,11.94,31,0.34,19,0.21,3260,64.55,19.65,-63.77,73.1,141.23,15.04,15.04,9019,19,47.26,38.22,0.97,23.42,0.0,32.36
Frontier Airlines Inc.,F9,2016,8,8931,18.38,16.53,-21.91,17.16,134.97,12.07,36,0.4,8,0.08,3004,57.18,19.33,-46.2,63.64,139.04,15.1,15.1,8931,8,28.5,29.98,0.96,18.93,0.0,29.14
Frontier Airlines Inc.,F9,2016,9,8646,16.21,15.7,-14.79,12.84,136.24,12.01,43,0.49,10,0.11,2391,64.4,17.67,-29.34,69.41,136.71,16.3,16.3,8646,10,32.1,28.33,0.76,15.54,0.0,34.63
Frontier Airlines Inc.,F9,2016,10,8693,10.2,15.53,-13.9,5.62,137.94,11.22,122,1.4,3,0.03,1803,57.01,17.45,-28.55,60.36,140.79,14.43,14.43,8693,3,21.66,25.91,0.19,14.76,0.0,28.91
Frontier Airlines Inc.,F9,2016,11,7707,3.54,15.07,-9.04,-4.79,144.28,11.05,6,0.07,8,0.1,949,49.69,19.13,-0.97,55.03,155.57,13.79,13.79,7707,8,26.37,26.29,0.14,14.89,0.0,22.56
Frontier Airlines Inc.,F9,2016,12,8171,26.75,16.61,-3.53,23.21,147.25,12.25,523,6.4,10,0.12,2536,81.75,19.7,10.03,88.29,153.25,16.92,16.92,8171,10,30.7,47.06,2.74,18.04,0.0,42.19
Frontier Airlines Inc.,F9,2017,1,7760,16.61,16.64,-4.88,12.07,148.57,10.68,162,2.08,19,0.24,2205,62.21,20.01,-1.36,67.78,157.93,12.87,12.87,7760,19,31.21,41.23,0.87,19.07,0.0,31.09
Frontier Airlines Inc.,F9,2017,2,6710,7.78,15.72,-0.92,-0.95,148.18,10.08,51,0.76,14,0.2,1125,58.33,19.87,28.29,60.95,155.9,11.76,11.76,6710,14,24.71,31.0,0.75,15.79,0.0,27.73
Frontier Airlines Inc.,F9,2017,3,7745,10.04,16.19,7.99,3.81,147.9,10.03,91,1.17,4,0.05,1508,59.52,20.4,36.0,62.81,152.76,11.78,11.78,7745,4,28.75,25.0,0.98,17.96,0.0,30.2
Frontier Airlines Inc.,F9,2017,4,7801,10.87,16.27,4.13,6.16,146.02,10.06,27,0.34,9,0.11,1562,65.67,21.05,21.27,71.92,154.87,11.8,11.8,7801,9,22.1,32.32,0.84,21.72,0.0,34.0
Frontier Airlines Inc.,F9,2017,5,8632,11.29,15.9,3.9,7.72,142.67,10.61,42,0.48,6,0.06,1969,57.65,19.81,15.3,64.4,154.64,13.29,13.29,8632,6,30.0,30.67,0.91,20.52,0.0,31.05
Frontier Airlines Inc.,F9,2017,6,8913,17.26,16.19,6.21,12.03,141.47,10.85,23,0.25,10,0.11,2362,65.6,19.66,23.08,68.73,145.46,13.46,13.46,8913,10,26.3,41.52,1.16,19.86,0.0,32.68
Frontier Airlines Inc.,F9,2017,7,9611,17.64,16.37,2.67,10.1,139.98,11.07,45,0.46,23,0.23,2314,73.05,20.42,11.95,74.29,140.51,13.52,13.52,9611,23,33.86,42.51,1.3,18.51,0.0,39.4
Frontier Airlines Inc.,F9,2017,8,9232,13.55,16.41,1.09,7.76,144.22,10.22,106,1.14,16,0.17,1981,69.22,20.81,13.02,71.56,148.59,12.03,12.03,9232,16,33.11,35.94,0.56,18.27,0.0,36.98
Frontier Airlines Inc.,F9,2017,9,8662,5.72,15.36,-3.28,-1.95,145.67,9.63,274,3.16,14,0.16,1103,63.49,19.88,29.85,65.74,150.93,11.89,11.89,8662,14,38.21,27.31,0.53,15.05,0.0,30.93
Frontier Airlines Inc.,F9,2017,10,9270,10.87,15.45,-5.37,3.97,143.87,9.61,50,0.53,16,0.17,1598,72.4,19.04,10.34,73.99,149.71,11.03,11.03,9270,16,42.0,31.18,0.24,14.96,0.0,39.75
Frontier Airlines Inc.,F9,2017,11,9165,7.39,14.83,3.17,-1.48,142.25,9.52,18,0.19,11,0.12,1259,66.89,17.52,18.08,65.5,154.08,11.38,11.38,9165,11,27.72,31.41,0.27,11.02,0.0,34.83
Frontier Airlines Inc.,F9,2017,12,9526,14.73,16.31,9.38,7.35,142.05,10.13,77,0.8,11,0.11,2222,64.55,20.8,23.78,67.0,142.51,12.53,12.53,9526,11,29.9,33.05,1.28,14.56,0.0,32.51
Frontier Airlines Inc.,F9,2018,1,9707,15.98,16.44,14.56,8.74,142.66,10.23,188,1.93,12,0.12,2235,74.55,20.41,42.14,75.67,144.44,12.18,12.18,9707,12,29.08,31.5,0.92,13.3,0.0,40.67
Frontier Airlines Inc.,F9,2018,2,8712,16.5,16.87,14.45,10.48,143.47,9.93,111,1.27,12,0.13,2157,71.43,21.73,35.75,74.6,144.21,11.12,11.12,8712,12,23.25,35.7,0.69,15.21,0.0,39.85
Frontier Airlines Inc.,F9,2018,3,9376,10.69,16.04,5.76,4.6,142.9,9.66,174,1.85,15,0.15,1830,63.01,20.3,25.87,66.54,153.02,11.36,11.36,9376,15,27.86,35.13,1.1,16.36,0.0,30.06
Frontier Airlines Inc.,F9,2018,4,9614,16.29,15.9,10.87,9.89,137.6,9.69,93,0.96,9,0.09,2169,77.75,19.19,25.24,78.79,140.7,10.77,10.77,9614,9,25.77,30.45,0.73,14.4,0.0,41.81
Frontier Airlines Inc.,F9,2018,5,10297,19.96,15.54,11.78,14.51,135.78,10.09,100,0.97,27,0.26,2780,76.8,18.35,26.78,78.64,139.29,11.56,11.56,10297,27,30.55,37.03,0.64,15.74,0.0,43.3
Frontier Airlines Inc.,F9,2018,6,10207,30.14,16.33,15.52,25.45,134.55,11.08,291,2.85,17,0.16,3746,80.21,18.75,27.08,81.79,137.8,12.29,12.29,10207,17,37.35,42.72,1.2,13.69,0.0,45.7
Frontier Airlines Inc.,F9,2018,7,10686,27.44,16.21,17.34,22.5,134.39,10.66,409,3.82,30,0.28,3865,73.54,18.37,31.93,74.23,138.7,12.03,12.03,10686,30,33.67,39.06,1.28,15.05,0.0,38.83
Frontier Airlines Inc.,F9,2018,8,10710,26.35,16.39,17.92,22.17,133.87,10.52,268,2.5,17,0.15,3846,73.16,18.89,35.14,74.56,136.4,11.56,11.56,10710,17,33.23,36.87,0.6,14.06,0.0,40.69
Frontier Airlines Inc.,F9,2018,9,10352,22.42,15.77,13.12,16.84,132.98,10.36,326,3.14,12,0.11,3155,75.07,17.59,29.67,74.65,135.01,11.55,11.55,10352,12,33.16,28.01,0.38,10.63,0.0,39.13
Frontier Airlines Inc.,F9,2018,10,10516,18.53,15.95,12.97,13.96,134.82,10.07,183,1.74,13,0.12,3143,64.39,18.09,33.47,66.26,140.28,11.1,11.1,10516,13,21.61,34.69,0.16,11.7,0.0,34.23
Frontier Airlines Inc.,F9,2018,11,9939,16.15,16.6,15.84,11.71,139.53,9.81,113,1.13,12,0.12,2842,60.51,19.79,35.72,64.02,144.88,10.82,10.82,9939,12,26.41,33.66,0.54,14.21,0.0,30.66
Frontier Airlines Inc.,F9,2018,12,9916,13.62,16.53,18.02,7.22,142.83,9.61,70,0.7,9,0.09,2459,60.96,19.66,46.07,63.7,148.98,10.91,10.91,9916,9,37.88,26.71,0.26,13.19,0.0,29.8
Frontier Airlines Inc.,F9,2019,1,9647,12.88,17.44,14.02,6.87,143.23,9.87,151,1.56,6,0.06,2362,58.61,22.26,40.64,62.81,149.12,11.1,11.1,9647,6,27.16,38.11,1.44,15.88,0.0,27.21
Frontier Airlines Inc.,F9,2019,2,8750,14.44,17.95,8.82,7.75,143.85,10.08,107,1.22,10,0.11,2131,65.41,23.01,36.39,68.72,148.06,11.49,11.49,8750,10,23.9,28.59,1.69,17.28,0.0,30.92
Frontier Airlines Inc.,F9,2019,3,9845,11.75,16.87,11.01,4.69,141.92,9.82,182,1.84,9,0.09,1942,70.54,21.42,53.4,72.53,146.47,11.09,11.09,9845,9,22.88,26.1,1.03,13.97,0.0,38.12
Frontier Airlines Inc.,F9,2019,4,9819,13.01,16.15,6.24,5.01,141.03,9.93,182,1.85,12,0.12,2004,73.52,19.27,31.72,73.23,142.27,11.71,11.71,9819,12,38.25,37.92,1.1,14.61,0.0,37.39
Frontier Airlines Inc.,F9,2019,5,11383,20.09,16.9,11.14,16.74,136.85,10.83,129,1.13,24,0.21,3607,66.24,19.56,26.33,70.73,143.58,12.77,12.77,11383,24,37.7,32.68,1.14,12.74,0.0,40.13
Frontier Airlines Inc.,F9,2019,6,11647,20.76,17.66,11.0,17.81,137.07,10.99,310,2.66,30,0.25,3848,64.13,21.15,20.18,69.98,141.71,12.81,12.81,11647,30,27.96,36.59,1.34,23.1,0.0,29.55
Frontier Airlines Inc.,F9,2019,7,12535,19.14,17.38,4.49,14.9,135.37,11.32,288,2.29,32,0.25,3943,63.52,20.43,4.34,67.24,139.06,13.44,13.44,12535,32,37.31,34.08,1.05,19.01,0.0,30.06
Frontier Airlines Inc.,F9,2019,8,12454,15.82,17.37,6.81,10.75,135.87,11.07,202,1.62,15,0.12,3364,64.9,20.79,21.05,67.28,140.21,12.95,12.95,12454,15,29.53,38.68,0.62,18.83,0.0,31.08
Frontier Airlines Inc.,F9,2019,9,12200,8.32,16.48,3.92,1.23,134.42,11.09,305,2.5,16,0.13,2264,62.44,19.52,8.18,64.08,138.41,14.38,14.38,12200,16,26.81,26.51,0.39,16.86,0.0,27.66
Frontier Airlines Inc.,F9,2019,10,12769,13.77,17.13,5.2,7.8,136.45,10.85,188,1.47,22,0.17,3050,67.89,21.11,10.16,70.25,141.45,13.02,13.02,12769,22,24.9,32.66,1.12,17.34,0.0,33.59
Frontier Airlines Inc.,F9,2019,11,12227,10.79,16.95,5.07,4.05,137.97,10.58,98,0.8,12,0.09,2524,66.31,21.04,21.74,67.53,140.29,12.37,12.37,12227,12,25.33,30.2,0.92,12.31,0.0,33.69
Frontier Airlines Inc.,F9,2019,12,12267,13.44,17.34,11.47,5.69,138.71,10.85,139,1.13,13,0.1,2882,66.22,21.14,20.41,67.09,144.56,13.07,13.07,12267,13,35.84,30.84,0.56,15.37,0.0,31.21
Frontier Airlines Inc.,F9,2020,1,12467,4.61,16.94,7.05,-4.48,137.6,10.54,145,1.16,10,0.08,1795,61.03,21.45,23.12,62.09,142.62,13.2,13.2,12467,10,35.4,27.95,0.8,13.12,0.0,26.09
Frontier Airlines Inc.,F9,2020,2,11549,7.19,17.78,-0.53,-0.69,140.18,10.54,107,0.92,5,0.04,2104,57.56,23.02,4.61,61.38,144.2,12.29,12.29,11549,5,28.8,32.56,0.63,16.62,0.0,27.97
Frontier Airlines Inc.,F9,2020,3,12765,2.24,16.41,3.08,-5.49,140.44,10.04,2766,21.66,7,0.05,1337,58.29,21.19,24.56,62.73,149.23,12.23,12.23,12765,7,26.85,26.32,0.28,20.07,0.0,24.46
Frontier Airlines Inc.,F9,2020,4,2736,-8.23,14.28,6.05,-18.4,116.47,8.1,1304,47.66,0,0.0,74,49.94,21.21,71.16,51.55,126.37,9.77,9.77,2736,0,0.0,19.25,1.13,9.7,0.0,14.74
Frontier Airlines Inc.,F9,2020,5,2863,-4.59,13.67,7.56,-15.24,118.83,8.56,5,0.17,3,0.1,166,48.59,17.98,40.55,48.77,123.53,10.0,10.0,2863,3,42.33,22.5,2.95,11.41,0.0,14.21
Frontier Airlines Inc.,F9,2020,6,4754,-3.29,14.63,10.12,-12.49,128.62,8.9,5,0.1,4,0.08,302,47.01,19.44,47.38,55.19,139.98,10.43,10.43,4754,4,32.75,27.96,2.98,20.65,0.0,11.02
Frontier Airlines Inc.,F9,2020,7,7533,-1.43,14.99,6.64,-6.91,131.31,9.65,238,3.15,9,0.11,733,44.12,19.85,18.8,50.72,138.77,11.0,11.0,7533,9,36.55,25.07,2.61,16.11,0.0,13.73
Frontier Airlines Inc.,F9,2020,8,7112,1.3,15.12,11.13,-5.07,131.0,9.91,44,0.61,9,0.12,812,57.06,19.1,40.7,59.78,135.63,11.01,11.01,7112,9,21.44,25.58,1.37,10.96,0.0,20.88
Frontier Airlines Inc.,F9,2020,9,6734,-2.86,14.34,4.85,-11.36,127.19,9.36,8,0.11,6,0.08,432,45.87,19.82,22.36,49.16,135.52,10.72,10.72,6734,6,20.33,19.8,1.51,13.69,0.0,14.9
Frontier Airlines Inc.,F9,2020,10,7917,1.11,15.19,8.48,-3.83,127.62,9.34,20,0.25,8,0.1,947,50.61,21.13,38.29,56.26,135.35,10.46,10.46,7917,8,25.5,26.61,0.78,16.2,0.0,20.66
Frontier Airlines Inc.,F9,2020,11,7425,-3.66,14.53,5.39,-9.73,126.78,9.12,13,0.17,4,0.05,479,43.94,19.44,30.32,49.38,142.58,10.48,10.48,7425,4,14.25,22.71,0.6,16.46,0.0,13.3
Frontier Airlines Inc.,F9,2020,12,7320,-0.57,15.59,7.29,-5.59,130.35,9.59,36,0.49,1,0.01,772,42.47,22.52,42.61,50.93,138.93,11.88,11.88,7320,1,10.0,33.78,1.43,20.07,0.0,12.43
Frontier Airlines Inc.,F9,2021,1,6264,-1.72,15.52,9.86,-7.97,128.74,9.19,21,0.33,4,0.06,542,44.69,23.56,47.0,53.03,139.06,11.23,11.23,6264,4,25.5,22.72,1.56,21.74,0.0,13.53
Frontier Airlines Inc.,F9,2021,2,6582,3.69,17.05,13.42,0.12,127.65,9.92,98,1.48,3,0.04,1085,48.07,26.62,41.51,59.61,140.04,11.78,11.78,6582,3,25.33,31.82,5.06,19.07,0.0,18.8
Frontier Airlines Inc.,F9,2021,3,10886,2.1,15.66,11.62,-3.63,132.26,10.21,325,2.98,10,0.09,1397,45.26,19.63,40.15,50.81,143.51,12.57,12.57,10886,10,28.54,23.24,1.39,15.74,0.0,17.07
Frontier Airlines Inc.,F9,2021,4,10910,7.32,15.77,11.47,2.61,130.75,10.69,93,0.85,16,0.14,1918,59.3,19.91,29.66,66.28,141.74,13.56,13.56,10910,16,37.37,34.27,3.13,19.68,0.0,23.39
Frontier Airlines Inc.,F9,2021,5,11940,3.67,15.4,3.26,-2.04,129.55,10.67,12,0.1,11,0.09,1778,48.74,18.36,19.32,54.33,143.62,13.26,13.26,11940,11,45.9,29.45,1.08,17.71,0.0,19.61
Frontier Airlines Inc.,F9,2021,6,12590,17.73,16.88,-4.19,13.78,128.28,12.07,201,1.59,26,0.2,3617,66.63,19.93,-23.71,71.54,135.06,15.36,15.36,12590,26,41.26,36.91,3.27,19.62,0.0,28.68
Frontier Airlines Inc.,F9,2021,7,13467,27.14,17.33,-4.76,24.53,127.94,13.28,463,3.43,34,0.25,4886,74.48,19.8,-17.9,79.87,135.4,16.81,16.81,13467,34,30.38,37.78,2.95,19.76,0.0,32.57
Frontier Airlines Inc.,F9,2021,8,13398,18.66,17.27,-3.84,14.39,127.49,11.84,322,2.4,29,0.21,3814,70.09,20.23,-22.17,72.84,134.54,14.43,14.43,13398,29,42.62,38.08,2.56,17.12,0.0,27.55
Frontier Airlines Inc.,F9,2021,9,12155,8.24,16.77,-1.33,3.66,128.46,11.31,79,0.64,16,0.13,2261,62.04,20.51,-15.52,66.13,131.74,14.16,14.16,12155,16,67.68,35.44,1.47,16.0,0.0,23.5
Frontier Airlines Inc.,F9,2021,10,12987,9.6,16.66,4.17,3.55,127.36,11.19,79,0.6,8,0.06,2426,65.27,19.87,1.45,67.16,130.16,13.57,13.57,12987,8,32.87,36.12,0.71,14.89,0.0,28.93
Frontier Airlines Inc.,F9,2021,11,12803,9.45,16.63,5.57,3.46,131.13,11.23,24,0.18,5,0.03,2541,60.79,19.66,-2.28,62.39,136.88,14.03,14.03,12803,5,29.8,26.82,1.9,11.15,0.0,27.69
Frontier Airlines Inc.,F9,2021,12,13160,18.06,16.9,-0.08,11.87,132.89,11.78,212,1.61,19,0.14,3668,66.93,19.27,-16.24,68.16,140.48,14.65,14.65,13160,19,36.94,27.08,0.41,14.07,0.0,29.85
Frontier Airlines Inc.,F9,2022,1,12039,15.56,17.82,7.06,10.95,130.5,11.48,536,4.45,17,0.14,3133,65.04,21.31,1.33,67.72,138.37,14.23,14.23,12039,17,38.41,31.0,1.5,13.14,0.0,27.36
Frontier Airlines Inc.,F9,2022,2,11131,17.4,17.87,7.41,13.74,130.32,11.31,482,4.33,12,0.1,3072,66.1,21.82,9.18,70.19,139.49,13.63,13.63,11131,12,23.83,28.54,1.22,15.21,0.0,27.9
Frontier Airlines Inc.,F9,2022,3,12901,27.42,17.76,-5.95,24.9,134.08,11.65,585,4.53,31,0.24,4822,71.6,20.15,-23.21,75.51,141.35,13.88,13.88,12901,31,29.96,33.37,1.41,18.33,0.0,31.72
Frontier Airlines Inc.,F9,2022,4,12203,25.64,17.47,-7.86,25.26,132.86,11.77,438,3.58,19,0.15,4623,67.2,19.81,-20.43,73.12,142.4,14.16,14.16,12203,19,33.42,42.96,2.14,19.77,0.0,29.89
Frontier Airlines Inc.,F9,2022,5,12678,20.26,17.37,-0.67,19.27,127.07,11.24,179,1.41,22,0.17,4286,62.54,19.38,-9.78,67.24,133.74,13.12,13.12,12678,22,30.54,41.92,1.41,15.8,0.0,29.42
Frontier Airlines Inc.,F9,2022,6,12430,17.29,17.77,0.95,13.98,124.63,11.7,136,1.09,28,0.22,3629,62.6,21.09,-12.72,66.77,128.71,14.16,14.16,12430,28,32.57,43.2,1.01,18.33,0.0,26.07
Frontier Airlines Inc.,F9,2022,7,13175,16.54,17.95,-10.91,12.12,127.1,11.7,145,1.1,33,0.25,3446,70.65,21.95,-40.27,74.09,132.17,13.88,13.88,13175,33,25.63,34.93,3.41,18.27,0.0,28.34
Frontier Airlines Inc.,F9,2022,8,13337,20.88,17.66,-10.1,15.59,130.63,11.78,126,0.94,35,0.26,3687,79.77,20.53,-32.08,80.9,135.76,13.8,13.8,13337,35,35.02,40.5,3.39,16.44,0.0,34.54
Frontier Airlines Inc.,F9,2022,9,13512,17.48,17.94,-7.53,12.99,131.4,11.44,564,4.17,21,0.15,3422,69.22,21.27,-30.68,71.37,133.83,12.92,12.92,13512,21,27.33,32.5,1.2,13.64,0.0,30.21
Frontier Airlines Inc.,F9,2022,10,14522,19.74,17.33,-10.93,13.86,132.09,11.58,248,1.7,20,0.13,4047,70.16,19.24,-26.94,69.07,133.24,13.05,13.05,14522,20,36.0,29.61,0.45,10.98,0.0,32.33
Frontier Airlines Inc.,F9,2022,11,13659,23.14,17.71,-6.01,18.69,138.99,10.98,351,2.56,16,0.11,4468,68.77,19.95,-26.64,69.92,145.07,12.5,12.5,13659,16,31.5,28.59,1.04,12.4,0.0,32.41
Frontier Airlines Inc.,F9,2022,12,13895,31.62,18.1,-2.16,27.1,140.29,11.62,665,4.78,26,0.18,5346,76.11,20.1,-17.72,77.22,144.08,13.53,13.53,13895,26,28.03,28.68,2.95,13.93,0.0,34.24
Frontier Airlines Inc.,F9,2023,1,13285,26.05,18.64,6.43,21.1,138.76,11.57,438,3.29,19,0.14,4505,75.15,21.42,-2.51,76.95,141.37,13.35,13.35,13285,19,32.36,28.1,2.53,16.39,0.0,32.42
Frontier Airlines Inc.,F9,2023,2,12524,19.53,17.75,2.69,13.46,139.2,11.46,185,1.47,10,0.07,3690,67.9,20.69,-13.64,69.45,142.21,13.27,13.27,12524,10,28.8,28.31,1.29,15.01,0.0,29.8
Frontier Airlines Inc.,F9,2023,3,14461,23.08,18.64,-6.42,19.88,141.41,11.33,211,1.45,21,0.14,4869,69.21,21.51,-31.41,73.36,146.54,12.98,12.98,14461,21,35.57,42.64,2.06,19.77,0.0,30.17
Frontier Airlines Inc.,F9,2023,4,13772,22.08,18.1,-11.89,19.42,137.35,11.16,214,1.55,33,0.23,4500,68.73,20.97,-41.48,73.7,142.74,12.89,12.89,13772,33,35.81,39.68,2.41,13.6,0.0,35.52
Frontier Airlines Inc.,F9,2023,5,14122,23.3,17.75,-6.4,19.76,136.54,11.58,181,1.28,21,0.14,4507,74.83,20.13,-35.07,78.21,140.03,13.97,13.97,14122,21,33.61,35.94,1.68,11.86,0.0,40.65
Frontier Airlines Inc.,F9,2023,6,13937,35.39,18.7,-8.25,33.31,138.6,12.15,546,3.91,47,0.33,5858,80.56,21.26,-30.66,85.04,141.85,14.11,14.11,13937,47,52.1,49.64,2.42,13.05,0.0,44.93
Frontier Airlines Inc.,F9,2023,7,14811,35.73,19.02,-15.01,33.82,138.08,12.37,672,4.53,37,0.24,6181,81.83,21.64,-40.72,86.18,141.08,14.48,14.48,14811,37,34.37,42.68,2.97,13.94,0.0,44.33
Frontier Airlines Inc.,F9,2023,8,15405,27.57,18.52,-4.29,23.74,133.62,12.34,774,5.02,36,0.23,5033,83.39,21.12,-26.23,86.6,138.27,14.8,14.8,15405,36,35.47,37.36,2.07,11.7,0.0,45.24
Frontier Airlines Inc.,F9,2023,9,16353,17.64,18.34,-4.02,14.09,124.71,12.12,329,2.01,30,0.18,4371,72.67,21.72,-31.12,77.17,127.33,14.85,14.85,16353,30,27.76,42.95,1.55,12.09,0.0,41.57
Frontier Airlines Inc.,F9,2023,10,17270,16.33,18.13,7.22,11.24,123.87,12.28,124,0.71,24,0.13,4362,70.96,21.04,0.56,72.97,123.33,15.34,15.34,17270,24,33.5,35.04,0.9,8.96,0.0,40.77
Frontier Airlines Inc.,F9,2023,11,15904,11.51,17.92,10.39,6.08,126.4,11.83,24,0.15,9,0.05,3195,69.65,21.43,10.88,72.7,130.08,14.71,14.71,15904,9,28.7,29.97,0.38,9.41,0.0,36.85
Frontier Airlines Inc.,F9,2023,12,15698,13.56,18.1,7.43,7.38,130.42,11.88,76,0.48,22,0.14,3453,70.97,21.33,4.31,73.31,135.5,14.79,14.79,15698,22,30.86,30.02,0.76,11.96,0.0,38.78
Frontier Airlines Inc.,F9,2024,1,14379,18.85,19.69,13.27,14.71,128.99,11.97,311,2.16,23,0.15,3814,79.17,25.29,18.76,86.32,137.34,14.52,14.52,14379,23,25.17,43.68,3.51,14.89,0.0,44.91
Frontier Airlines Inc.,F9,2024,2,14157,10.17,18.4,14.84,3.74,126.71,11.56,35,0.24,10,0.07,2809,66.91,23.47,27.33,71.77,131.71,13.63,13.63,14157,10,25.7,31.75,0.9,16.31,0.0,37.08
Frontier Airlines Inc.,F9,2024,3,17324,27.54,18.73,5.14,21.65,128.15,11.85,463,2.67,28,0.16,5333,90.72,22.47,-4.25,92.38,131.39,13.62,13.62,17324,28,32.6,38.5,1.67,16.33,0.0,51.61
Frontier Airlines Inc.,F9,2024,4,17081,23.74,18.16,5.01,18.63,122.29,12.63,286,1.67,17,0.09,4980,84.42,20.84,-4.89,87.6,121.55,15.5,15.5,17081,17,34.7,32.7,1.32,13.11,0.0,52.1
Frontier Airlines Inc.,F9,2024,5,18647,23.76,18.47,1.53,20.86,119.33,13.21,488,2.61,42,0.22,6249,73.16,21.5,-9.25,78.99,122.54,16.46,16.46,18647,42,38.92,39.14,1.69,15.15,0.0,43.57
Frontier Airlines Inc.,F9,2024,6,18646,26.59,18.73,-8.33,24.69,119.03,13.56,655,3.51,39,0.2,6520,77.46,21.67,-22.33,83.11,121.22,16.7,16.7,18646,39,37.56,46.41,1.65,13.32,0.0,44.3
Frontier Airlines Inc.,F9,2024,7,19432,23.91,18.82,-5.79,22.23,118.87,13.19,878,4.51,38,0.19,6496,73.57,22.16,-19.49,79.87,122.83,16.22,16.22,19432,38,39.62,48.54,0.93,13.19,0.0,43.77
Frontier Airlines Inc.,F9,2024,8,18813,20.55,19.21,1.51,18.6,113.73,13.28,615,3.26,40,0.21,5901,71.59,23.25,-4.7,78.52,117.48,16.65,16.65,18813,40,36.47,47.58,1.72,15.02,0.0,40.14
Frontier Airlines Inc.,F9,2024,9,17491,11.36,18.46,5.31,8.29,113.53,12.47,287,1.64,18,0.1,4102,62.3,22.42,6.79,67.84,112.73,15.39,15.39,17491,18,33.33,33.29,1.47,11.59,0.0,35.08
Frontier Airlines Inc.,F9,2024,10,17801,13.48,18.04,6.31,9.85,113.82,12.56,555,3.11,5,0.02,4185,67.95,21.14,15.12,72.01,113.6,15.9,15.9,17801,5,26.4,32.07,0.91,9.8,0.0,38.94
Frontier Airlines Inc.,F9,2024,11,17559,11.89,18.34,3.1,7.41,117.52,12.1,151,0.85,19,0.1,3914,67.92,22.57,7.71,72.79,119.97,14.74,14.74,17559,19,32.68,34.95,1.99,12.72,0.0,40.99
Frontier Airlines Inc.,F9,2024,12,17294,13.77,18.77,1.78,8.93,123.75,12.23,111,0.64,28,0.16,4176,67.82,23.0,13.25,72.07,127.04,15.25,15.25,17294,28,44.92,34.26,1.35,14.24,0.0,38.54
Frontier Airlines Inc.,F9,2025,1,15526,14.48,20.26,8.07,10.81,124.73,12.08,392,2.52,24,0.15,3925,69.41,26.19,21.86,77.47,131.09,14.87,14.87,15526,24,42.29,42.02,2.76,14.73,0.0,37.53
Frontier Airlines Inc.,F9,2025,2,15440,15.25,20.21,6.45,10.31,125.05,12.34,201,1.3,26,0.16,3831,75.23,26.37,7.63,81.62,128.98,14.65,14.65,15440,26,41.3,41.36,1.78,16.39,0.0,41.97
Frontier Airlines Inc.,F9,2025,3,18846,16.1,19.28,0.4,10.71,127.03,12.53,371,1.96,46,0.24,4635,76.12,23.96,-12.37,81.33,132.05,15.14,15.14,18846,46,40.34,41.36,0.98,16.73,0.0,39.6
Frontier Airlines Inc.,F9,2025,4,17451,18.1,18.91,-0.56,13.28,127.25,12.64,210,1.2,28,0.16,4560,77.69,22.86,-11.86,82.63,132.02,15.25,15.25,17451,28,47.1,35.63,2.23,13.62,0.0,42.85
Frontier Airlines Inc.,F9,2025,5,16036,23.85,19.59,-0.74,19.55,126.81,13.0,167,1.04,33,0.2,4841,84.1,23.82,-13.13,89.22,128.85,15.81,15.81,16036,33,43.24,42.22,4.71,17.71,0.0,44.66
Frontier Airlines Inc.,F9,2025,6,16058,30.48,20.09,3.74,27.43,127.23,13.94,495,3.08,41,0.25,5973,81.43,23.52,-6.91,86.57,129.1,16.7,16.7,16058,41,35.04,52.14,2.68,15.42,0.0,44.51
Frontier Airlines Inc.,F9,2025,7,16409,29.72,20.2,1.28,26.0,126.83,13.42,469,2.85,47,0.28,5722,86.72,24.1,-14.75,91.75,129.76,16.07,16.07,16409,47,38.63,54.58,3.47,17.76,0.0,42.87
Frontier Airlines Inc.,F9,2025,8,16697,20.58,19.62,6.13,15.46,123.77,13.17,269,1.61,32,0.19,4829,77.29,23.5,-0.88,80.7,127.62,15.86,15.86,16697,32,54.18,37.85,2.57,15.3,0.0,40.47
Frontier Airlines Inc.,F9,2025,9,14896,11.56,19.04,8.4,5.66,117.44,12.75,51,0.34,25,0.16,3020,75.24,23.49,2.9,78.53,119.14,15.95,15.95,14896,25,43.76,39.58,3.39,13.77,0.0,37.94
Frontier Airlines Inc.,F9,2025,10,16935,14.1,19.19,7.11,9.34,117.42,12.54,79,0.46,18,0.1,3749,78.94,23.94,1.1,83.68,118.77,14.83,14.83,16935,18,42.0,41.74,2.07,15.82,0.0,43.38
Frontier Airlines Inc.,F9,2025,11,17047,15.21,19.2,5.55,10.9,119.37,12.62,340,1.99,16,0.09,4023,80.42,24.75,-2.56,86.81,119.35,15.94,15.94,17047,16,47.18,38.35,1.11,20.85,0.0,44.9
Hawaiian Airlines Inc.,HA,2015,1,6440,1.31,11.22,11.18,3.51,83.63,6.84,26,0.4,6,0.09,901,29.5,13.55,33.46,39.47,114.84,8.22,8.22,6440,6,22.66,18.5,1.57,1.89,0.17,16.84
Hawaiian Airlines Inc.,HA,2015,2,5779,2.58,11.14,12.23,6.02,83.36,7.05,3,0.05,3,0.05,1021,28.04,12.88,32.46,38.83,114.21,8.37,8.37,5779,3,24.66,22.34,2.42,0.71,0.02,15.03
Hawaiian Airlines Inc.,HA,2015,3,6313,0.82,10.87,9.41,3.46,83.66,6.85,13,0.2,6,0.09,780,26.33,13.02,20.89,37.8,161.62,8.24,8.24,6313,6,30.5,16.84,2.3,0.35,0.0,12.05
Hawaiian Airlines Inc.,HA,2015,4,6093,-2.21,10.61,8.16,0.01,83.58,6.85,11,0.18,3,0.04,431,24.93,12.91,34.51,34.74,158.23,8.41,8.41,6093,3,15.66,22.2,0.98,0.25,0.0,8.1
Hawaiian Airlines Inc.,HA,2015,5,6434,-1.34,10.61,9.04,0.82,84.83,6.91,7,0.1,9,0.13,572,26.58,13.63,37.69,37.77,182.53,8.54,8.54,6434,9,22.4,22.52,0.53,1.17,0.0,13.34
Hawaiian Airlines Inc.,HA,2015,6,6677,-1.21,10.79,9.36,0.88,85.84,6.95,10,0.14,4,0.05,617,23.6,14.07,35.33,35.41,187.58,9.37,9.37,6677,4,26.75,18.44,0.1,0.31,0.03,8.1
Hawaiian Airlines Inc.,HA,2015,7,6955,0.7,10.95,11.04,2.0,86.3,6.92,11,0.15,8,0.11,775,31.59,13.25,39.27,38.87,135.12,8.53,8.53,6955,8,21.75,18.66,0.61,0.52,0.04,13.83
Hawaiian Airlines Inc.,HA,2015,8,6901,4.81,11.27,15.46,7.44,87.25,7.01,44,0.63,7,0.1,1224,39.97,12.81,49.26,48.06,115.12,8.63,8.63,6901,7,22.22,22.15,0.86,0.47,0.03,24.06
Hawaiian Airlines Inc.,HA,2015,9,6154,2.09,11.26,12.88,3.69,84.47,7.0,24,0.38,3,0.04,947,30.82,13.15,40.94,39.04,116.37,8.51,8.51,6154,3,19.75,15.77,2.88,0.37,0.03,17.25
Hawaiian Airlines Inc.,HA,2015,10,6242,0.16,10.83,9.84,0.46,83.96,6.65,12,0.19,4,0.06,562,30.04,13.14,30.37,37.91,161.49,8.42,8.42,6242,4,27.75,22.1,0.48,1.85,0.06,11.41
Hawaiian Airlines Inc.,HA,2015,11,6024,-1.72,10.79,7.63,-2.71,84.4,6.49,5,0.08,7,0.11,354,29.3,12.92,21.88,34.43,137.02,7.62,7.62,6024,7,21.42,17.57,0.66,0.09,0.0,9.43
Hawaiian Airlines Inc.,HA,2015,12,6260,-0.44,11.03,10.12,-1.7,86.63,6.48,5,0.07,0,0.0,434,34.24,14.27,41.88,42.92,182.22,7.7,7.7,6260,0,0.0,27.94,0.39,0.28,0.08,10.06
Hawaiian Airlines Inc.,HA,2016,1,6279,-1.72,11.03,9.08,-1.62,86.91,6.79,4,0.06,5,0.07,510,20.8,14.22,32.2,36.36,210.84,8.67,8.67,6279,5,26.0,21.6,1.7,0.53,0.12,7.23
Hawaiian Airlines Inc.,HA,2016,2,5851,-0.86,11.11,9.51,-1.29,86.43,6.76,3,0.05,9,0.15,464,24.22,13.43,31.45,34.76,160.31,7.84,7.84,5851,9,22.22,19.82,1.33,0.72,0.07,11.73
Hawaiian Airlines Inc.,HA,2016,3,6355,-0.06,11.01,10.49,-0.26,85.91,6.9,9,0.14,5,0.07,634,25.52,12.75,33.73,32.97,117.49,8.19,8.19,6355,5,21.2,18.0,2.18,0.48,0.22,13.31
Hawaiian Airlines Inc.,HA,2016,4,6239,-1.58,10.88,7.91,-1.98,84.47,6.68,6,0.09,5,0.08,359,34.29,12.82,23.05,39.14,130.01,8.64,8.64,6239,5,28.0,15.8,0.61,6.4,0.16,10.24
Hawaiian Airlines Inc.,HA,2016,5,6432,-0.07,11.01,10.27,-0.5,85.29,6.8,17,0.26,7,0.1,482,36.57,12.83,40.44,40.25,108.88,8.52,8.52,6432,7,20.75,20.63,2.57,1.35,0.0,13.06
Hawaiian Airlines Inc.,HA,2016,6,6731,0.01,11.26,10.41,0.19,87.86,7.06,11,0.16,6,0.08,581,34.69,13.63,38.41,41.44,143.3,10.34,10.34,6731,6,21.14,19.38,0.34,0.93,0.04,12.13
Hawaiian Airlines Inc.,HA,2016,7,7022,2.17,11.56,12.51,2.29,87.55,7.22,16,0.22,16,0.22,758,43.17,13.35,45.13,48.87,104.11,9.62,9.62,7022,16,27.42,20.88,1.0,0.98,0.01,19.24
Hawaiian Airlines Inc.,HA,2016,8,7049,-1.16,11.58,10.0,-1.15,86.08,7.29,17,0.24,4,0.05,500,33.37,13.18,40.8,37.93,109.6,9.98,9.98,7049,4,27.0,19.26,0.15,0.97,0.04,13.33
Hawaiian Airlines Inc.,HA,2016,9,6178,-0.77,11.38,10.38,-0.72,84.23,6.99,9,0.14,4,0.06,526,29.23,14.64,41.14,36.03,127.57,9.04,9.04,6178,4,26.5,20.9,0.35,2.36,0.3,11.58
Hawaiian Airlines Inc.,HA,2016,10,6232,-0.28,11.15,9.71,-0.74,84.21,6.88,6,0.09,7,0.11,410,42.77,14.35,39.57,48.71,164.57,8.53,8.53,6232,7,28.57,19.94,0.09,0.48,0.09,14.96
Hawaiian Airlines Inc.,HA,2016,11,6074,-0.55,11.08,10.05,-0.38,83.94,6.76,11,0.18,6,0.09,498,30.91,13.88,39.01,39.1,171.52,8.19,8.19,6074,6,21.75,18.04,0.82,0.34,0.02,10.55
Hawaiian Airlines Inc.,HA,2016,12,6347,3.94,11.43,12.42,5.01,87.09,7.01,9,0.14,10,0.15,926,40.46,13.85,34.1,50.09,166.53,8.41,8.41,6347,10,29.09,30.0,4.98,0.41,0.25,13.06
Hawaiian Airlines Inc.,HA,2017,1,6276,2.91,11.45,12.99,3.61,85.02,6.83,18,0.28,7,0.11,875,37.05,13.86,41.04,45.32,169.73,8.23,8.23,6276,7,24.71,20.57,0.89,0.25,0.12,14.11
Hawaiian Airlines Inc.,HA,2017,2,5789,7.49,11.95,17.69,9.44,82.55,7.02,13,0.22,5,0.08,1243,42.99,13.81,48.7,51.78,103.91,7.95,7.95,5789,5,62.4,24.48,5.04,1.71,0.03,26.68
Hawaiian Airlines Inc.,HA,2017,3,6596,2.33,11.79,13.02,3.73,81.46,7.01,23,0.34,7,0.1,977,29.97,14.44,37.04,39.63,134.82,8.01,8.01,6596,7,17.33,18.64,2.48,0.54,0.11,15.88
Hawaiian Airlines Inc.,HA,2017,4,6470,-0.2,11.48,10.83,1.21,81.06,6.78,13,0.2,3,0.04,708,26.96,14.1,37.0,37.54,158.58,8.04,8.04,6470,3,20.4,20.65,0.93,0.34,0.0,12.88
Hawaiian Airlines Inc.,HA,2017,5,6790,0.79,11.71,11.65,1.55,81.34,6.85,12,0.17,3,0.04,686,35.21,14.59,41.41,42.51,150.11,8.55,8.55,6790,3,41.33,24.25,0.13,1.63,0.03,12.44
Hawaiian Airlines Inc.,HA,2017,6,7076,0.64,12.16,11.99,1.12,82.91,7.07,13,0.18,6,0.08,663,34.42,15.77,41.51,41.47,158.22,9.62,9.62,7076,6,26.5,22.55,0.02,1.14,0.07,10.98
Hawaiian Airlines Inc.,HA,2017,7,7308,-0.22,12.04,10.63,-0.26,82.68,7.05,21,0.28,6,0.08,538,33.07,15.64,32.65,37.32,141.87,9.02,9.02,7308,6,21.0,25.03,0.18,1.1,0.35,12.97
Hawaiian Airlines Inc.,HA,2017,8,7280,-0.74,11.97,10.82,-0.73,82.45,7.09,21,0.28,11,0.15,479,38.84,15.15,47.99,43.4,136.94,9.3,9.3,7280,11,27.9,20.55,0.56,0.86,0.01,13.46
Hawaiian Airlines Inc.,HA,2017,9,6571,-1.75,11.55,9.36,-2.6,83.15,6.89,23,0.35,2,0.03,370,37.02,15.41,44.65,42.47,152.29,9.31,9.31,6571,2,24.66,27.19,1.3,0.45,0.08,9.49
Hawaiian Airlines Inc.,HA,2017,10,6744,0.8,11.7,11.01,0.71,83.81,6.93,25,0.37,9,0.13,671,31.91,14.28,31.17,38.58,136.0,8.06,8.06,6744,9,22.54,20.53,2.3,0.29,0.08,14.65
Hawaiian Airlines Inc.,HA,2017,11,6500,0.38,11.66,11.38,0.36,83.87,6.86,25,0.38,8,0.12,662,26.91,14.08,34.47,35.77,167.84,7.33,7.33,6500,8,23.87,17.55,0.25,0.25,0.03,12.16
Hawaiian Airlines Inc.,HA,2017,12,6772,5.51,12.0,16.24,6.15,86.67,7.34,23,0.33,14,0.2,1261,38.05,14.01,45.22,43.94,119.13,8.49,8.49,6772,14,22.28,21.81,1.99,0.93,0.01,19.41
Hawaiian Airlines Inc.,HA,2018,1,6653,1.7,11.92,11.67,1.21,88.39,7.22,11,0.16,11,0.16,752,34.61,14.41,33.7,43.41,167.49,8.78,8.78,6653,11,18.27,19.9,4.32,0.87,0.5,11.17
Hawaiian Airlines Inc.,HA,2018,2,6028,5.8,12.32,15.5,6.18,88.51,7.39,20,0.33,4,0.06,1169,35.88,13.81,37.37,42.85,109.11,8.6,8.6,6028,4,25.0,21.57,3.56,0.2,0.0,18.32
Hawaiian Airlines Inc.,HA,2018,3,6919,2.43,12.31,13.91,3.04,88.61,7.12,37,0.53,10,0.14,969,32.23,15.57,43.35,40.02,159.17,8.48,8.48,6919,10,18.7,18.63,1.32,1.05,0.11,14.17
Hawaiian Airlines Inc.,HA,2018,4,6774,1.59,12.0,11.26,2.42,88.37,7.27,10,0.14,8,0.11,815,37.57,14.98,33.12,46.01,166.23,9.16,9.16,6774,8,17.75,16.4,2.54,1.91,0.09,13.68
Hawaiian Airlines Inc.,HA,2018,5,7098,0.14,11.83,10.97,0.45,88.01,7.06,8,0.11,5,0.07,638,35.21,15.35,39.28,41.89,198.9,8.61,8.61,7098,5,17.2,24.31,1.5,0.94,0.02,11.84
Hawaiian Airlines Inc.,HA,2018,6,7327,0.42,11.98,11.62,0.29,87.52,7.62,25,0.34,7,0.09,647,39.35,14.68,45.13,45.48,180.74,11.27,11.27,7327,7,22.77,18.83,0.6,0.7,0.12,12.05
Hawaiian Airlines Inc.,HA,2018,7,7417,-0.66,12.11,10.66,-0.86,90.64,7.27,10,0.13,5,0.06,534,35.48,15.51,40.21,41.51,185.41,10.6,10.6,7417,5,33.6,23.5,0.19,0.82,0.24,8.62
Hawaiian Airlines Inc.,HA,2018,9,6937,-0.65,11.94,10.03,-0.93,92.31,6.94,49,0.7,7,0.1,562,42.45,15.39,42.47,50.5,228.03,9.45,9.45,6937,7,17.87,19.17,0.4,0.47,0.12,10.58
Hawaiian Airlines Inc.,HA,2018,10,7186,0.0,11.92,10.92,-0.6,92.55,6.9,13,0.18,9,0.12,624,40.0,15.55,44.02,46.16,212.5,8.64,8.64,7186,9,24.9,20.06,1.21,1.88,0.48,10.54
Hawaiian Airlines Inc.,HA,2018,11,6930,-1.17,11.85,10.26,-1.41,93.26,6.93,22,0.31,12,0.17,553,31.05,15.79,41.64,40.54,226.92,9.26,9.26,6930,12,25.41,14.5,1.28,1.09,0.09,8.8
Hawaiian Airlines Inc.,HA,2018,12,7214,0.93,12.02,10.96,0.63,95.9,6.85,6,0.08,5,0.06,827,30.69,15.33,28.62,39.89,196.69,8.54,8.54,7214,5,24.0,21.51,0.61,0.78,0.05,11.56
Hawaiian Airlines Inc.,HA,2019,1,6798,1.23,11.93,12.74,0.63,98.21,7.16,7,0.1,6,0.08,851,30.51,15.12,42.25,38.76,207.36,9.12,9.12,6798,6,21.66,26.63,1.74,0.52,1.46,11.88
Hawaiian Airlines Inc.,HA,2019,2,6033,6.02,11.81,14.79,5.86,98.3,7.5,13,0.21,6,0.09,1062,40.14,14.28,39.51,48.07,175.66,9.06,9.06,6033,6,21.42,27.37,4.18,0.27,0.03,15.4
Hawaiian Airlines Inc.,HA,2019,3,6858,0.58,12.1,12.05,0.39,96.84,7.33,8,0.11,4,0.05,858,21.72,15.46,32.15,31.31,198.42,9.11,9.11,6858,4,25.0,21.37,1.0,0.3,0.14,9.02
Hawaiian Airlines Inc.,HA,2019,4,6900,-0.44,11.95,10.26,-0.86,100.12,7.36,7,0.1,4,0.05,720,25.58,15.5,29.09,37.23,234.3,10.78,10.78,6900,4,25.25,23.15,0.88,0.16,0.09,8.65
Hawaiian Airlines Inc.,HA,2019,5,7219,-0.75,11.9,10.75,-0.98,99.22,7.38,2,0.02,2,0.02,717,22.2,16.28,34.47,33.43,238.06,11.62,11.62,7219,2,26.0,21.52,1.15,0.61,0.38,7.59
Hawaiian Airlines Inc.,HA,2019,6,7198,2.22,11.97,11.36,1.42,97.39,7.59,25,0.34,10,0.13,705,48.08,15.16,34.64,55.12,193.7,12.23,12.23,7198,10,24.16,22.08,0.89,0.4,3.2,19.37
Hawaiian Airlines Inc.,HA,2019,7,7334,1.9,11.86,11.61,0.99,98.03,7.48,5,0.06,6,0.08,761,38.09,15.08,32.36,44.07,199.74,12.22,12.22,7334,6,23.16,21.21,1.32,0.89,0.19,10.44
Hawaiian Airlines Inc.,HA,2019,8,7364,0.55,12.11,11.09,0.03,97.1,7.51,16,0.21,2,0.02,689,33.73,16.27,33.28,41.05,215.2,12.46,12.46,7364,2,36.33,20.95,0.36,0.79,0.08,8.8
Hawaiian Airlines Inc.,HA,2019,9,6876,0.0,11.8,9.69,-1.23,98.02,7.05,18,0.26,5,0.07,613,33.69,15.04,25.25,39.97,207.28,10.3,10.3,6876,5,25.71,18.39,0.15,0.38,0.01,9.42
Hawaiian Airlines Inc.,HA,2019,10,7121,3.87,12.3,14.93,3.63,100.16,7.42,16,0.22,5,0.07,1124,36.47,14.44,43.23,41.92,123.58,9.07,9.07,7121,5,17.4,24.96,1.14,1.43,0.56,18.31
Hawaiian Airlines Inc.,HA,2019,11,6914,-0.44,11.98,10.7,-1.45,101.72,7.09,12,0.17,14,0.2,664,25.12,16.44,35.06,34.8,189.42,9.02,9.02,6914,14,23.13,29.0,3.15,0.46,0.63,9.03
Hawaiian Airlines Inc.,HA,2019,12,7276,1.37,12.02,12.61,-0.05,103.29,7.2,8,0.1,1,0.01,813,27.0,15.3,35.23,34.9,195.63,9.02,9.02,7276,1,17.5,20.36,0.55,0.45,0.19,8.21
Hawaiian Airlines Inc.,HA,2020,1,7035,0.47,12.04,11.48,-1.05,106.09,7.39,17,0.24,3,0.04,688,28.54,15.01,33.08,35.54,182.16,9.54,9.54,7035,3,20.0,29.15,0.76,0.32,0.03,8.72
Hawaiian Airlines Inc.,HA,2020,2,6509,-0.64,11.9,10.36,-3.38,105.33,7.28,32,0.49,2,0.03,570,29.67,14.23,33.81,41.5,193.57,9.84,9.84,6509,2,27.5,23.0,1.25,0.46,0.49,11.15
Hawaiian Airlines Inc.,HA,2020,3,6773,0.52,11.69,10.8,-1.96,100.91,7.32,618,9.12,22,0.32,564,56.75,14.36,58.36,61.43,173.6,9.03,9.03,6773,22,35.26,24.74,3.41,1.29,0.05,24.94
Hawaiian Airlines Inc.,HA,2020,4,1408,-8.27,9.85,1.58,-13.21,56.05,6.32,288,20.45,0,0.0,20,55.3,11.65,66.95,50.15,104.7,6.85,6.85,1408,0,0.0,19.0,0.0,0.0,0.0,11.25
Hawaiian Airlines Inc.,HA,2020,5,1283,-4.49,9.41,4.92,-10.95,66.98,5.8,2,0.15,1,0.07,48,45.14,11.0,56.14,42.33,145.16,5.5,5.5,1283,1,15.0,22.16,0.0,0.0,0.0,5.16
Hawaiian Airlines Inc.,HA,2020,6,1652,-0.67,10.37,9.69,-3.2,56.92,6.5,1,0.06,0,0.0,83,35.28,12.38,47.67,34.01,97.21,6.71,6.71,1652,0,0.0,13.14,0.0,0.0,0.84,9.24
Hawaiian Airlines Inc.,HA,2020,7,2870,-2.32,10.0,7.68,-2.55,57.41,6.57,119,4.14,0,0.0,127,40.14,13.17,53.32,44.62,141.91,7.57,7.57,2870,0,0.0,19.88,0.0,0.07,0.04,14.58
Hawaiian Airlines Inc.,HA,2020,8,2520,-4.22,10.4,6.18,-5.38,73.56,6.44,260,10.31,1,0.03,52,35.19,15.75,50.94,39.8,157.48,6.75,6.75,2520,1,23.0,21.0,0.0,0.0,0.21,2.82
Hawaiian Airlines Inc.,HA,2020,9,1512,-2.95,10.27,7.32,-4.45,86.04,6.28,3,0.19,1,0.06,58,38.29,12.7,51.0,42.55,204.55,7.56,7.56,1512,1,18.5,20.0,0.0,0.0,0.0,4.91
Hawaiian Airlines Inc.,HA,2020,10,2799,-2.69,10.45,7.76,-4.39,76.53,7.11,734,26.22,0,0.0,91,24.13,13.28,37.41,27.87,131.91,8.28,8.28,2799,0,0.0,19.4,0.65,0.0,0.0,4.79
Hawaiian Airlines Inc.,HA,2020,11,2914,-1.64,10.73,8.59,-2.57,93.66,6.79,14,0.48,0,0.0,165,34.69,14.0,39.96,44.99,221.74,8.45,8.45,2914,0,0.0,23.75,0.16,0.01,0.15,3.21
Hawaiian Airlines Inc.,HA,2020,12,3139,-0.65,10.92,9.79,-2.77,122.77,6.82,56,1.78,4,0.12,219,41.6,13.89,48.91,49.6,214.98,8.78,8.78,3139,4,22.5,34.45,6.86,0.19,0.0,4.72
Hawaiian Airlines Inc.,HA,2021,1,3199,-3.54,10.98,7.44,-6.64,141.54,6.67,7,0.21,1,0.03,161,20.78,13.93,34.72,34.37,267.5,8.36,8.36,3199,1,22.0,20.16,1.49,0.66,0.09,2.88
Hawaiian Airlines Inc.,HA,2021,2,2707,-1.11,11.39,8.67,-4.97,142.04,6.52,4,0.14,1,0.03,130,52.33,19.12,38.22,63.81,248.69,7.41,7.41,2707,1,175.0,25.69,23.9,0.0,0.0,6.6
Hawaiian Airlines Inc.,HA,2021,3,3268,2.55,11.62,13.74,-1.28,145.18,7.06,7,0.21,1,0.03,377,29.75,13.11,39.05,37.8,185.67,9.38,9.38,3268,1,21.0,21.9,1.2,0.32,0.19,7.19
Hawaiian Airlines Inc.,HA,2021,4,4032,1.52,11.37,12.87,-2.31,135.64,6.79,4,0.09,2,0.04,340,36.92,12.78,49.7,41.24,183.17,8.65,8.65,4032,2,24.5,21.16,0.2,1.08,1.04,7.96
Hawaiian Airlines Inc.,HA,2021,5,4580,2.54,11.36,12.96,-1.4,142.36,6.84,2,0.04,3,0.06,315,49.2,12.96,48.45,50.25,192.06,8.77,8.77,4580,3,25.0,17.45,0.13,0.05,0.2,6.54
Hawaiian Airlines Inc.,HA,2021,6,5980,3.37,11.69,15.07,0.29,123.73,7.04,2,0.03,4,0.06,729,31.71,13.68,45.39,35.65,173.31,9.47,9.47,5980,4,23.75,21.52,0.08,0.31,0.26,9.91
Hawaiian Airlines Inc.,HA,2021,7,6214,3.81,11.7,15.04,0.9,123.79,6.9,13,0.2,3,0.04,718,34.89,13.27,44.15,37.31,164.07,9.24,9.24,6214,3,19.66,19.3,0.37,0.25,0.26,10.0
Hawaiian Airlines Inc.,HA,2021,8,6518,0.93,11.47,12.41,-1.94,119.34,6.75,53,0.81,2,0.03,566,36.16,13.04,49.21,39.68,158.1,10.13,10.13,6518,2,15.66,17.26,0.03,0.51,0.3,9.84
Hawaiian Airlines Inc.,HA,2021,9,6233,-2.67,11.41,8.03,-4.6,116.56,6.72,36,0.57,3,0.04,334,30.91,14.59,32.58,38.72,254.12,9.36,9.36,6233,3,25.33,23.17,0.11,0.29,0.02,5.83
Hawaiian Airlines Inc.,HA,2021,10,5856,-0.99,11.5,10.26,-3.64,124.41,6.64,9,0.15,5,0.08,333,32.13,15.42,43.23,40.7,259.96,9.24,9.24,5856,5,24.0,22.35,2.2,0.12,0.15,6.13
Hawaiian Airlines Inc.,HA,2021,11,5749,1.47,11.48,10.95,-1.84,127.01,6.69,4,0.06,7,0.12,384,53.55,13.95,37.5,57.19,227.66,8.96,8.96,5749,7,17.71,24.58,2.12,0.26,0.11,7.75
Hawaiian Airlines Inc.,HA,2021,12,6206,9.87,12.25,20.71,7.58,127.21,7.27,123,1.98,9,0.14,1274,48.15,14.11,55.48,52.71,154.05,9.03,9.03,6206,9,21.27,26.42,3.48,0.43,0.08,17.9
Hawaiian Airlines Inc.,HA,2022,1,5868,9.55,12.28,19.8,6.88,131.53,7.55,217,3.69,11,0.18,1069,56.16,14.61,61.34,60.71,148.78,9.76,9.76,5868,11,31.9,24.07,3.67,0.08,0.19,26.72
Hawaiian Airlines Inc.,HA,2022,2,4984,4.52,11.78,14.28,1.11,132.75,7.25,11,0.22,4,0.08,626,43.27,13.17,42.64,45.9,142.96,9.02,9.02,4984,4,24.0,25.64,3.49,0.05,0.47,10.61
Hawaiian Airlines Inc.,HA,2022,3,6009,4.55,12.04,16.11,2.69,126.22,7.45,24,0.39,5,0.08,895,31.79,13.72,42.3,36.88,147.82,9.48,9.48,6009,5,23.0,20.38,0.81,1.4,0.13,10.68
Hawaiian Airlines Inc.,HA,2022,4,6019,6.69,12.1,18.07,4.93,122.76,7.45,82,1.36,2,0.03,1073,35.43,13.71,45.12,38.9,135.71,9.3,9.3,6019,2,27.0,25.75,0.17,0.3,0.19,12.77
Hawaiian Airlines Inc.,HA,2022,5,6292,4.16,12.0,16.16,1.98,121.39,7.15,4,0.06,5,0.07,873,30.09,13.11,43.21,32.28,119.92,8.06,8.06,6292,5,28.4,24.22,0.39,0.37,0.14,11.04
Hawaiian Airlines Inc.,HA,2022,6,6286,8.24,12.28,20.07,6.47,122.0,8.02,7,0.11,6,0.09,1418,32.82,13.62,44.41,35.61,139.89,9.96,9.96,6286,6,20.83,19.75,0.12,0.95,0.55,10.79
Hawaiian Airlines Inc.,HA,2022,7,6754,8.18,12.09,18.36,6.66,120.41,7.72,6,0.08,7,0.1,1291,39.18,13.46,42.61,41.91,121.69,9.34,9.34,6754,7,28.14,21.41,1.32,0.28,0.48,13.06
Hawaiian Airlines Inc.,HA,2022,8,6514,9.42,12.44,20.98,8.49,117.79,7.82,9,0.13,6,0.09,1709,33.59,13.38,43.61,36.27,99.32,8.99,8.99,6514,6,26.83,25.64,0.01,0.88,0.16,14.67
Hawaiian Airlines Inc.,HA,2022,9,6062,5.3,12.05,17.36,3.76,117.23,7.62,10,0.16,5,0.08,1025,31.12,13.06,44.18,33.58,112.38,8.92,8.92,6062,5,20.6,23.25,0.18,0.29,0.1,12.68
Hawaiian Airlines Inc.,HA,2022,10,6258,18.38,13.05,30.5,18.69,118.18,8.69,30,0.47,5,0.07,2583,41.76,14.1,53.64,45.73,103.73,9.5,9.5,6258,5,33.8,35.65,0.67,2.22,0.09,21.53
Hawaiian Airlines Inc.,HA,2022,11,6177,13.34,12.44,24.2,13.84,117.44,8.5,49,0.79,8,0.12,2039,39.18,13.53,49.89,44.07,114.97,9.55,9.55,6177,8,25.62,29.82,0.43,2.26,0.03,18.67
Hawaiian Airlines Inc.,HA,2022,12,6642,24.94,13.52,27.46,26.72,117.43,9.28,231,3.47,19,0.28,2530,61.0,15.37,49.62,69.08,117.84,10.9,10.9,6642,19,26.0,30.69,8.35,2.16,0.06,31.79
Hawaiian Airlines Inc.,HA,2023,1,6697,8.98,12.67,18.19,9.13,115.26,8.86,72,1.07,9,0.13,1473,42.7,15.47,45.47,49.53,163.87,10.51,10.51,6697,9,21.0,28.15,1.75,1.56,0.04,16.04
Hawaiian Airlines Inc.,HA,2023,2,5997,10.4,12.74,19.76,11.67,115.42,9.21,46,0.76,7,0.11,1538,41.44,14.2,43.47,49.61,136.56,11.41,11.41,5997,7,38.28,26.29,4.76,1.13,0.09,17.69
Hawaiian Airlines Inc.,HA,2023,3,6814,14.38,13.49,26.82,17.06,113.04,9.33,45,0.66,7,0.1,2710,34.16,15.07,47.11,42.95,124.76,10.96,10.96,6814,7,28.28,28.0,1.77,2.37,0.18,18.84
Hawaiian Airlines Inc.,HA,2023,4,6668,16.79,14.33,29.37,19.11,111.23,9.11,111,1.66,7,0.1,2773,38.72,16.98,51.55,46.34,106.69,10.43,10.43,6668,7,22.12,26.07,0.15,6.18,0.07,21.42
Hawaiian Airlines Inc.,HA,2023,5,6894,20.92,13.9,31.4,21.47,109.43,8.93,179,2.59,3,0.04,2484,55.25,16.21,62.19,60.28,109.61,10.24,10.24,6894,3,26.25,35.56,0.09,4.73,0.25,29.48
Hawaiian Airlines Inc.,HA,2023,6,6832,7.91,12.39,18.79,6.45,109.95,8.73,88,1.28,2,0.02,1453,36.85,14.13,44.04,39.27,144.51,10.49,10.49,6832,2,24.75,26.04,0.0,0.27,0.37,14.92
Hawaiian Airlines Inc.,HA,2023,7,7085,8.3,12.27,15.86,7.17,109.13,8.31,55,0.77,8,0.11,1176,54.19,14.82,40.85,56.59,163.77,10.82,10.82,7085,8,38.77,26.72,0.27,0.51,0.2,16.17
Hawaiian Airlines Inc.,HA,2023,8,7024,6.69,12.49,15.65,6.32,106.31,8.25,109,1.55,10,0.14,1139,44.89,15.32,38.72,48.58,162.78,10.7,10.7,7024,10,26.7,21.74,0.69,1.37,0.18,15.36
Hawaiian Airlines Inc.,HA,2023,9,6718,3.22,12.09,13.58,2.13,105.07,8.07,69,1.02,3,0.04,706,41.86,15.01,42.59,46.22,165.46,10.9,10.9,6718,3,19.33,25.45,0.05,0.3,0.16,10.85
Hawaiian Airlines Inc.,HA,2023,10,6915,8.53,12.86,19.5,8.81,105.95,8.58,115,1.66,4,0.05,1521,38.57,15.28,45.33,44.15,130.3,10.66,10.66,6915,4,25.0,25.02,1.87,2.01,0.25,15.97
Hawaiian Airlines Inc.,HA,2023,11,6621,4.45,12.69,15.39,3.95,107.56,7.92,64,0.96,7,0.1,980,34.29,15.66,41.14,40.77,144.6,9.51,9.51,6621,7,23.11,24.28,1.36,1.43,0.22,12.59
Hawaiian Airlines Inc.,HA,2023,12,6702,4.97,12.74,14.88,4.22,109.41,7.84,100,1.49,5,0.07,1005,36.34,15.96,42.28,42.77,167.91,9.23,9.23,6702,5,33.16,25.07,0.35,1.29,0.04,14.64
Hawaiian Airlines Inc.,HA,2024,1,6576,9.95,13.37,20.67,10.66,111.96,8.44,96,1.45,5,0.07,1738,36.9,16.29,44.91,44.66,129.76,9.91,9.91,6576,5,48.5,31.9,4.06,2.78,0.13,17.81
Hawaiian Airlines Inc.,HA,2024,2,6067,8.76,12.43,18.56,7.94,110.71,8.07,68,1.12,7,0.11,1141,45.68,14.5,47.57,53.2,155.13,9.49,9.49,6067,7,27.55,21.65,0.68,3.2,0.04,17.66
Hawaiian Airlines Inc.,HA,2024,3,6455,3.89,12.25,15.47,1.8,110.97,8.19,36,0.55,5,0.07,785,34.68,14.94,44.12,39.88,163.68,10.36,10.36,6455,5,20.6,20.18,0.84,0.63,0.19,12.02
Hawaiian Airlines Inc.,HA,2024,4,6375,6.41,12.38,16.74,4.39,113.48,8.32,82,1.28,8,0.12,927,49.44,14.82,51.83,52.43,148.22,10.55,10.55,6375,8,25.9,26.66,0.95,0.61,0.2,22.27
Hawaiian Airlines Inc.,HA,2024,5,6652,7.99,13.06,20.4,7.67,117.97,8.0,168,2.52,6,0.09,1371,39.1,15.6,52.6,44.51,122.65,9.95,9.95,6652,6,22.25,27.72,0.56,1.83,0.31,19.12
Hawaiian Airlines Inc.,HA,2024,6,6597,5.1,12.47,15.16,3.98,120.66,8.0,45,0.68,5,0.07,1035,36.65,14.58,35.93,41.18,147.36,11.02,11.02,6597,5,23.2,29.0,0.2,1.0,0.09,13.8
Hawaiian Airlines Inc.,HA,2024,7,6820,6.57,12.64,16.02,4.92,120.46,8.27,55,0.8,9,0.13,1019,46.55,15.16,41.93,50.54,155.66,11.16,11.16,6820,9,23.33,29.35,0.23,0.56,0.8,16.11
Hawaiian Airlines Inc.,HA,2024,8,6829,4.26,12.43,14.35,2.53,119.17,7.96,104,1.52,5,0.07,792,46.68,15.44,43.95,50.99,187.38,11.18,11.18,6829,5,22.57,26.47,0.4,0.2,0.11,14.38
Hawaiian Airlines Inc.,HA,2024,9,6450,1.61,12.86,13.35,0.57,119.17,7.48,31,0.48,2,0.03,634,37.74,16.63,43.02,43.8,181.65,10.63,10.63,6450,2,15.5,27.4,0.2,1.34,0.2,10.84
Hawaiian Airlines Inc.,HA,2024,10,6583,3.57,12.81,15.94,2.34,121.91,7.66,73,1.1,7,0.1,839,35.95,16.2,48.72,41.07,161.96,10.16,10.16,6583,7,24.22,28.78,0.07,1.86,0.01,14.95
Hawaiian Airlines Inc.,HA,2024,11,6427,1.59,12.59,13.28,-0.12,121.13,7.49,29,0.45,5,0.07,662,36.05,14.84,44.37,41.82,181.59,9.74,9.74,6427,5,13.33,23.86,1.83,0.51,0.05,15.25
Hawaiian Airlines Inc.,HA,2024,12,6699,6.01,13.1,16.31,4.43,123.26,7.83,35,0.52,11,0.16,1055,43.86,16.16,45.01,47.84,186.83,10.39,10.39,6699,11,24.75,27.88,2.59,0.54,0.29,14.4
Hawaiian Airlines Inc.,HA,2025,1,6690,6.87,12.81,17.22,6.03,120.64,8.15,128,1.91,22,0.32,886,64.77,15.7,62.6,72.61,155.67,11.34,11.34,6690,22,61.08,47.18,9.72,0.28,0.03,29.87
Hawaiian Airlines Inc.,HA,2025,2,6013,5.85,12.99,17.88,5.62,118.07,8.13,21,0.34,9,0.14,1036,39.62,15.3,50.76,46.74,154.99,10.23,10.23,6013,9,25.16,30.35,1.9,0.62,0.1,17.22
Hawaiian Airlines Inc.,HA,2025,3,6811,6.91,12.75,14.05,6.08,123.57,8.24,119,1.74,3,0.04,1149,43.69,14.79,33.41,49.03,144.28,11.1,11.1,6811,3,28.0,28.5,1.84,0.22,0.3,21.3
Hawaiian Airlines Inc.,HA,2025,4,6559,5.76,13.03,10.82,5.46,126.41,8.49,61,0.93,3,0.04,1155,34.93,15.49,20.5,40.78,170.79,10.58,10.58,6559,3,30.33,26.5,1.0,1.13,0.11,13.56
Hawaiian Airlines Inc.,HA,2025,5,6985,4.97,12.8,5.56,3.1,126.43,8.03,23,0.32,4,0.05,871,45.79,16.09,4.03,49.66,220.83,10.72,10.72,6985,4,53.5,25.03,0.21,0.42,0.15,13.89
Hawaiian Airlines Inc.,HA,2025,6,6839,8.46,13.08,9.52,7.59,125.05,8.59,13,0.19,5,0.07,1222,47.61,15.86,23.41,51.2,177.57,11.14,11.14,6839,5,35.8,24.0,0.21,0.43,0.91,16.15
Hawaiian Airlines Inc.,HA,2025,7,7066,9.71,13.03,10.62,9.4,124.02,8.8,51,0.72,5,0.07,1432,47.46,15.58,26.84,51.33,172.87,11.52,11.52,7066,5,23.0,29.88,0.9,0.79,0.19,16.92
Hawaiian Airlines Inc.,HA,2025,8,6946,5.89,12.72,9.26,4.79,125.02,8.62,17,0.24,5,0.07,992,47.41,16.38,37.66,51.02,194.83,12.27,12.27,6946,5,19.4,30.9,0.1,0.52,0.3,12.18
Hawaiian Airlines Inc.,HA,2025,9,6428,4.32,12.65,9.57,2.43,127.6,8.42,11,0.17,5,0.07,743,50.56,16.14,39.58,53.79,195.93,11.03,11.03,6428,5,72.0,26.84,0.89,0.43,0.25,15.36
Hawaiian Airlines Inc.,HA,2025,10,6616,10.85,12.95,13.06,8.83,127.65,8.87,45,0.68,9,0.13,1203,57.35,15.7,23.98,60.69,189.46,11.84,11.84,6616,9,31.4,28.62,0.53,0.76,0.19,17.52
Hawaiian Airlines Inc.,HA,2025,11,6426,8.26,13.01,5.07,7.11,125.39,8.59,125,1.94,7,0.1,1160,44.44,15.87,3.21,49.5,181.31,10.75,10.75,6426,7,24.66,27.91,1.41,0.4,0.24,14.77
Horizon Air,QX,2018,1,8880,0.45,12.57,12.21,-2.46,63.32,5.31,104,1.17,35,0.39,921,43.02,15.79,50.99,48.66,69.02,5.89,5.89,8880,35,12.27,17.8,2.82,9.71,0.02,18.61
Horizon Air,QX,2018,2,7840,1.81,13.12,11.95,-0.58,63.86,5.28,126,1.6,14,0.17,1004,41.04,18.6,36.69,48.19,70.28,6.01,6.01,7840,14,11.55,21.02,5.18,10.8,0.07,17.33
Horizon Air,QX,2018,3,9175,0.79,12.5,11.7,-0.62,64.19,5.25,81,0.88,25,0.27,1079,39.1,16.19,41.95,45.28,69.21,5.93,5.93,9175,25,12.2,20.06,0.96,10.84,0.13,20.69
Horizon Air,QX,2018,4,9153,0.44,12.51,12.01,0.21,64.14,5.28,37,0.4,14,0.15,1178,32.62,16.4,45.34,40.44,65.43,6.11,6.11,9153,14,10.33,19.84,0.25,13.33,0.01,14.17
Horizon Air,QX,2018,5,9752,-0.48,11.74,9.77,-1.32,64.3,5.41,30,0.3,22,0.22,953,36.47,15.04,37.92,41.82,65.77,6.22,6.22,9752,22,11.6,16.52,1.3,11.39,0.0,15.68
Horizon Air,QX,2018,6,10070,1.4,12.39,11.5,1.08,62.74,5.65,64,0.63,12,0.11,1338,33.96,15.56,32.31,39.66,61.78,6.24,6.24,10070,12,15.64,18.22,0.32,12.75,0.17,15.31
Horizon Air,QX,2018,7,10436,1.1,12.02,11.59,-0.38,61.39,5.6,52,0.49,9,0.08,1275,35.5,14.78,39.0,39.48,61.07,6.24,6.24,10436,9,12.4,22.16,0.45,11.55,0.03,15.35
Horizon Air,QX,2018,8,10021,10.31,13.35,17.34,10.59,62.56,5.86,215,2.14,19,0.18,2543,47.73,15.9,39.85,53.44,60.53,6.86,6.86,10021,19,15.84,23.51,0.25,19.62,0.07,24.12
Horizon Air,QX,2018,9,8849,2.94,13.22,14.52,0.97,64.93,5.38,119,1.34,9,0.1,1358,39.19,15.87,46.58,42.83,69.94,5.77,5.77,8849,9,23.9,15.39,0.13,15.48,0.03,16.55
Horizon Air,QX,2018,10,9104,7.67,14.5,16.99,7.2,64.08,5.58,234,2.57,26,0.28,1915,46.93,17.86,42.23,52.58,65.78,6.62,6.62,9104,26,15.71,28.07,2.33,16.39,0.02,23.66
Horizon Air,QX,2018,11,9614,7.88,14.29,14.35,6.1,65.98,5.78,249,2.58,28,0.29,1950,47.56,17.34,40.54,52.35,68.15,6.97,6.97,9614,28,12.63,23.19,2.28,16.45,0.09,23.82
Horizon Air,QX,2018,12,10287,6.92,14.54,13.79,5.58,67.65,6.01,176,1.71,50,0.48,2071,43.35,17.42,37.83,49.23,69.98,7.25,7.25,10287,50,11.25,24.04,1.53,13.28,0.08,20.7
Horizon Air,QX,2019,1,10054,3.34,14.26,14.83,2.32,68.16,6.5,222,2.2,39,0.38,1675,32.87,18.14,40.7,41.32,76.8,8.56,8.56,10054,39,9.46,21.69,2.01,13.43,0.01,13.81
Horizon Air,QX,2019,2,8720,13.72,16.44,26.59,15.9,69.72,6.87,859,9.85,54,0.61,2588,42.64,20.99,53.06,53.22,73.24,8.43,8.43,8720,54,9.95,34.0,4.99,17.35,0.0,18.23
Horizon Air,QX,2019,3,9860,4.97,14.05,16.96,2.88,70.98,5.9,118,1.19,33,0.33,1724,38.29,18.43,45.03,44.85,77.01,7.18,7.18,9860,33,7.02,23.9,1.21,12.99,0.0,15.08
Horizon Air,QX,2019,4,9734,1.32,13.25,13.22,-1.78,71.2,5.5,91,0.93,23,0.23,1064,37.52,15.95,41.29,41.22,71.45,6.14,6.14,9734,23,9.8,24.38,0.41,10.47,0.1,14.17
Horizon Air,QX,2019,5,10150,0.81,13.33,13.14,-2.34,69.9,5.67,83,0.81,36,0.35,1010,37.23,17.35,44.61,40.93,79.7,6.46,6.46,10150,36,15.0,20.21,0.74,12.71,0.0,14.63
Horizon Air,QX,2019,6,10202,2.65,13.58,12.83,0.51,69.37,5.77,50,0.49,18,0.17,1401,35.84,17.22,31.48,41.55,78.38,6.64,6.64,10202,18,10.09,22.46,0.57,13.24,0.05,14.73
Horizon Air,QX,2019,7,10710,1.21,13.63,12.95,-1.23,69.36,5.65,74,0.69,22,0.2,1279,32.41,17.45,38.61,37.54,75.93,6.63,6.63,10710,22,14.86,17.1,0.41,11.72,0.08,13.81
Horizon Air,QX,2019,8,10763,3.19,13.79,14.55,1.07,69.76,6.0,119,1.1,29,0.26,1622,36.41,16.91,39.12,41.67,73.12,7.47,7.47,10763,29,7.96,21.0,0.27,15.32,0.0,14.63
Horizon Air,QX,2019,9,9965,2.13,14.49,13.4,-0.32,69.85,5.93,127,1.27,73,0.73,1344,33.67,19.0,29.11,39.85,72.44,7.04,7.04,9965,73,13.14,22.8,0.99,12.43,0.23,14.48
Horizon Air,QX,2019,10,10582,3.08,13.9,14.37,-0.68,68.63,5.89,116,1.09,12,0.11,1457,39.3,17.06,38.57,43.72,70.8,7.54,7.54,10582,12,18.21,20.51,0.69,12.0,0.0,16.78
Horizon Air,QX,2019,11,10286,4.41,14.47,16.45,0.63,71.02,5.91,223,2.16,50,0.48,1629,39.08,18.79,44.62,42.87,71.92,6.89,6.89,10286,50,10.18,22.08,1.33,11.86,0.09,17.53
Horizon Air,QX,2019,12,10871,10.89,14.72,19.43,8.42,71.99,6.4,404,3.71,87,0.8,2735,42.74,17.14,37.24,46.46,70.89,7.38,7.38,10871,87,8.69,22.13,1.0,10.09,0.05,21.78
Horizon Air,QX,2020,1,10296,8.32,14.7,15.42,5.79,73.95,6.39,407,3.95,29,0.28,2246,41.59,18.1,26.36,47.52,74.24,7.67,7.67,10296,29,10.44,25.08,1.84,11.94,0.08,19.19
Horizon Air,QX,2020,2,9540,3.37,14.28,14.75,-0.68,73.99,6.3,98,1.02,18,0.18,1386,35.29,17.71,33.27,40.05,76.06,7.76,7.76,9540,18,9.13,20.35,1.09,11.15,0.05,13.93
Horizon Air,QX,2020,3,9986,-0.03,13.1,11.59,-6.07,75.44,5.71,1217,12.18,9,0.09,766,45.09,17.32,45.5,48.59,84.52,7.32,7.32,9986,9,11.6,25.55,1.48,12.23,0.01,15.61
Horizon Air,QX,2020,4,3964,-5.1,11.01,5.9,-15.76,83.28,4.72,920,23.2,3,0.07,83,38.36,16.07,54.43,38.65,104.91,6.13,6.13,3964,3,9.66,20.0,0.45,7.98,0.84,2.83
Horizon Air,QX,2020,5,3875,-1.94,10.89,8.95,-11.46,91.9,4.98,407,10.5,2,0.05,173,49.51,12.08,61.6,49.67,90.75,5.76,5.76,3875,2,8.0,21.23,2.83,6.5,0.0,11.07
Horizon Air,QX,2020,6,6058,-0.91,11.4,10.48,-8.61,88.42,5.38,190,3.13,6,0.09,347,38.9,13.57,52.48,41.61,110.3,6.84,6.84,6058,6,10.83,19.32,0.97,7.96,0.04,9.1
Horizon Air,QX,2020,7,7433,-1.06,11.09,10.03,-3.56,81.21,5.6,42,0.56,5,0.06,484,41.85,12.46,54.32,47.34,96.51,6.79,6.79,7433,5,15.4,21.92,0.95,7.86,0.0,9.49
Horizon Air,QX,2020,8,9405,-0.92,11.77,10.52,-3.96,86.21,5.43,154,1.63,11,0.11,689,38.96,13.6,48.38,43.2,88.26,6.17,6.17,9405,11,10.57,17.65,1.02,7.16,0.05,12.58
Horizon Air,QX,2020,9,8902,-0.96,11.17,10.03,-4.63,81.76,5.24,580,6.51,10,0.11,556,47.23,13.8,58.44,49.36,89.02,5.69,5.69,8902,10,14.07,18.31,1.95,6.15,0.0,13.18
Horizon Air,QX,2020,10,8617,-1.4,11.98,10.58,-4.07,78.37,5.13,54,0.62,15,0.17,650,34.15,16.98,51.13,43.04,87.51,5.64,5.64,8617,15,22.35,19.9,3.62,11.53,0.0,12.36
Horizon Air,QX,2020,11,8807,-0.9,12.48,10.91,-2.51,78.14,5.17,135,1.53,10,0.11,833,32.82,17.34,43.25,42.01,86.63,5.48,5.48,8807,10,5.86,25.58,1.51,10.72,0.05,11.67
Horizon Air,QX,2020,12,9180,-0.24,13.02,12.29,-3.75,78.59,5.51,166,1.8,20,0.21,910,33.51,17.57,46.33,41.02,88.63,6.3,6.3,9180,20,10.25,23.53,2.91,10.72,0.08,12.93
Horizon Air,QX,2021,1,8906,-0.94,12.29,10.85,-5.29,79.88,5.31,122,1.36,19,0.21,658,39.9,16.17,49.5,44.45,86.78,5.95,5.95,8906,19,11.03,23.52,3.08,8.75,0.24,13.46
Horizon Air,QX,2021,2,8336,4.04,13.86,15.62,2.74,79.15,5.48,656,7.86,18,0.21,1323,38.69,19.29,44.93,48.92,85.04,6.51,6.51,8336,18,18.13,28.55,6.22,12.84,0.09,15.31
Horizon Air,QX,2021,3,9572,1.41,12.53,12.88,-1.81,78.33,5.5,110,1.14,22,0.22,972,40.97,15.03,45.64,44.58,83.27,6.22,6.22,9572,22,8.92,19.75,0.68,7.65,0.1,15.39
Horizon Air,QX,2021,4,9575,0.08,12.02,11.65,-4.04,82.68,5.61,100,1.04,9,0.09,731,37.17,15.51,46.78,40.52,95.58,6.41,6.41,9575,9,25.7,18.34,0.33,7.86,0.08,12.67
Horizon Air,QX,2021,5,10137,1.62,12.12,13.17,-1.89,82.01,5.76,86,0.84,17,0.16,931,45.66,14.74,54.22,48.69,94.52,7.23,7.23,10137,17,21.7,21.71,1.06,7.83,0.03,15.96
Horizon Air,QX,2021,6,10607,5.1,12.54,15.55,2.25,77.97,5.92,212,1.99,12,0.11,1523,42.98,14.36,43.17,45.6,83.1,6.89,6.89,10607,12,11.64,19.3,1.0,6.68,0.02,19.31
Horizon Air,QX,2021,7,11400,4.86,12.86,16.16,1.72,75.66,5.93,125,1.09,10,0.08,1613,43.07,14.84,47.21,44.92,80.37,6.84,6.84,11400,10,11.0,16.62,0.69,6.44,0.18,19.41
Horizon Air,QX,2021,8,11127,5.64,13.09,15.71,2.84,74.34,6.02,131,1.17,9,0.08,1775,44.26,15.09,40.7,46.34,76.39,6.95,6.95,11127,9,15.41,16.65,0.74,6.92,0.12,20.61
Horizon Air,QX,2021,9,9200,3.0,12.97,15.03,-0.59,72.38,5.75,42,0.45,11,0.11,1096,46.38,15.71,54.21,48.34,75.47,6.68,6.68,9200,11,14.66,17.4,0.32,7.97,0.17,19.08
Horizon Air,QX,2021,10,7683,2.07,12.86,13.19,-1.56,70.9,5.75,30,0.39,14,0.18,782,42.29,16.56,42.28,46.85,79.36,6.99,6.99,7683,14,13.0,16.97,0.89,10.66,0.08,16.85
Horizon Air,QX,2021,11,7687,3.49,13.1,14.34,0.16,74.37,5.71,46,0.59,16,0.2,901,44.39,15.97,41.18,48.6,77.85,6.51,6.51,7687,16,12.82,22.03,1.43,8.32,0.27,20.18
Horizon Air,QX,2021,12,7398,15.18,15.68,22.21,14.12,76.23,6.37,436,5.89,15,0.2,1880,56.35,21.0,46.72,65.06,78.2,8.1,8.1,7398,15,9.69,35.85,6.18,13.26,0.19,25.56
Horizon Air,QX,2022,1,8105,12.15,13.75,19.51,10.96,74.39,6.31,426,5.25,30,0.37,1930,53.41,16.3,48.08,58.16,75.6,7.97,7.97,8105,30,11.2,24.65,3.86,8.55,0.05,24.94
Horizon Air,QX,2022,2,7026,4.27,13.45,17.11,1.82,73.01,5.73,102,1.45,15,0.21,983,43.44,16.71,55.75,47.41,79.39,6.79,6.79,7026,15,19.68,21.61,2.95,7.45,0.06,18.83
Horizon Air,QX,2022,3,7888,3.81,12.51,15.01,1.11,72.55,5.63,139,1.76,12,0.15,948,46.12,14.75,50.24,48.43,82.14,6.56,6.56,7888,12,14.78,23.09,1.2,7.22,0.25,18.11
Horizon Air,QX,2022,4,7731,6.49,12.78,17.93,5.62,71.1,5.79,160,2.06,11,0.14,1356,45.81,14.75,54.19,50.05,77.22,7.09,7.09,7731,11,15.73,20.3,1.5,9.47,0.73,20.53
Horizon Air,QX,2022,5,8278,5.02,12.47,15.73,4.2,70.25,5.78,68,0.82,13,0.15,1292,43.65,13.92,46.43,47.0,77.17,6.36,6.36,8278,13,14.35,19.88,0.47,6.39,0.01,21.66
Horizon Air,QX,2022,6,8776,6.14,12.69,17.02,5.34,70.86,6.28,50,0.56,10,0.11,1610,41.37,14.83,46.37,46.53,76.32,7.44,7.44,8776,10,19.2,17.94,0.37,7.57,0.08,20.87
Horizon Air,QX,2022,7,8516,3.46,12.47,15.6,0.89,71.27,6.07,35,0.41,9,0.1,1049,44.44,14.91,56.6,46.99,78.28,6.73,6.73,8516,9,23.66,20.09,1.36,5.83,0.18,19.21
Horizon Air,QX,2022,8,8246,2.89,12.76,15.12,0.52,70.93,6.02,18,0.21,4,0.04,984,41.05,15.39,52.06,44.31,74.03,6.71,6.71,8246,4,28.2,16.81,0.98,8.08,0.48,17.31
Horizon Air,QX,2022,9,7548,4.52,13.74,17.88,2.86,64.3,6.7,12,0.15,11,0.14,1078,44.76,16.31,58.41,48.96,68.24,8.1,8.1,7548,11,18.66,20.28,1.69,8.77,0.35,20.76
Horizon Air,QX,2022,10,5646,1.81,13.54,14.08,-1.42,61.3,6.16,16,0.28,8,0.14,538,41.0,17.07,44.69,45.09,69.35,7.8,7.8,5646,8,22.0,20.23,1.82,9.82,0.08,13.79
Horizon Air,QX,2022,11,5478,7.74,15.82,21.44,6.91,64.86,5.94,61,1.11,12,0.21,1053,45.29,21.76,56.12,54.41,66.41,7.18,7.18,5478,12,9.7,28.61,5.66,13.87,0.05,21.33
Horizon Air,QX,2022,12,5553,22.66,17.62,32.96,22.09,65.69,6.36,425,7.65,23,0.41,1676,68.37,22.52,68.55,75.41,66.54,7.69,7.69,5553,23,17.75,33.34,14.43,11.33,0.05,32.38
Horizon Air,QX,2023,1,5257,7.01,15.98,21.33,3.59,63.2,5.32,70,1.33,25,0.47,903,48.53,20.94,59.9,53.22,70.06,5.86,5.86,5257,25,17.61,20.0,4.51,12.66,0.03,22.11
Horizon Air,QX,2023,2,4644,5.88,16.15,19.47,3.19,66.31,5.39,103,2.21,10,0.21,709,46.91,22.02,52.69,54.76,74.0,6.55,6.55,4644,10,13.0,23.61,5.04,10.89,0.07,20.79
Horizon Air,QX,2023,3,4770,3.61,15.27,17.66,1.08,72.48,5.06,19,0.39,5,0.1,612,44.39,19.76,54.75,50.03,82.72,5.83,5.83,4770,5,16.4,19.61,2.72,11.63,0.04,17.62
Horizon Air,QX,2023,4,5100,2.74,14.33,16.5,0.22,75.96,5.1,51,1.0,6,0.11,556,46.82,17.7,59.34,52.23,91.24,6.25,6.25,5100,6,7.77,16.93,4.41,9.69,0.17,18.35
Horizon Air,QX,2023,5,5845,4.85,14.09,16.72,1.69,76.77,5.53,12,0.2,8,0.13,787,53.03,17.91,54.48,56.41,91.69,6.6,6.6,5845,8,26.3,18.46,1.43,10.33,0.54,23.44
Horizon Air,QX,2023,6,5941,6.7,14.12,18.88,3.46,76.23,5.76,17,0.28,14,0.23,916,51.71,16.73,55.87,54.44,90.19,7.03,7.03,5941,14,18.25,19.17,1.49,8.44,0.16,23.38
Horizon Air,QX,2023,7,6212,4.5,14.07,17.42,0.38,75.27,5.75,11,0.17,7,0.11,762,52.2,17.84,60.6,55.07,87.62,6.59,6.59,6212,7,19.14,18.1,1.16,8.83,0.03,23.84
Horizon Air,QX,2023,8,6629,3.38,14.53,17.7,1.75,77.29,5.94,23,0.34,14,0.21,856,39.42,18.59,56.33,45.79,89.64,7.33,7.33,6629,14,26.06,13.52,2.52,10.71,0.15,18.15
Horizon Air,QX,2023,9,6250,3.83,14.43,13.18,0.95,79.78,5.58,7,0.11,4,0.06,843,42.4,18.49,52.36,46.56,91.26,6.28,6.28,6250,4,15.2,20.73,0.95,8.92,0.07,21.12
Horizon Air,QX,2023,10,6026,2.72,14.97,16.26,-0.85,77.12,5.43,20,0.33,5,0.08,759,36.69,20.14,45.45,42.4,90.81,6.38,6.38,6026,5,16.12,28.13,0.95,10.67,0.1,16.76
Horizon Air,QX,2023,11,6037,6.14,15.56,20.74,2.39,78.29,5.48,53,0.87,13,0.21,873,55.38,20.66,69.45,60.58,83.33,6.17,6.17,6037,13,19.56,22.02,4.5,9.6,0.05,29.3
Horizon Air,QX,2023,12,5888,7.5,15.63,22.13,1.44,78.38,5.39,104,1.76,17,0.28,893,57.84,20.45,71.84,60.74,84.12,5.82,5.82,5888,17,10.03,22.4,5.06,10.06,0.0,27.95
Horizon Air,QX,2024,1,5643,11.79,15.94,25.0,9.05,79.72,5.83,218,3.86,11,0.19,1283,53.26,20.89,64.05,60.47,85.67,7.54,7.54,5643,11,12.13,28.85,6.01,11.77,0.08,27.54
Horizon Air,QX,2024,2,5525,5.36,15.2,19.25,1.72,78.57,5.43,81,1.46,16,0.28,809,50.92,20.1,63.9,56.57,92.28,6.31,6.31,5525,16,13.38,26.18,4.14,12.1,0.02,24.96
Horizon Air,QX,2024,3,6573,5.71,14.93,19.3,2.63,78.74,5.52,62,0.94,9,0.13,1007,49.71,19.59,60.73,53.99,91.55,6.47,6.47,6573,9,13.11,21.34,1.01,12.33,0.05,23.8
Horizon Air,QX,2024,4,6556,3.49,14.52,17.57,1.27,78.07,5.58,35,0.53,12,0.18,924,40.12,19.65,56.66,46.61,91.06,6.57,6.57,6556,12,9.52,14.25,0.35,15.45,0.15,18.51
Horizon Air,QX,2024,5,7094,4.45,14.63,17.84,3.26,76.32,5.96,24,0.33,7,0.09,1105,40.27,18.5,50.96,45.89,90.09,7.12,7.12,7094,7,13.85,18.35,0.53,12.49,0.03,16.83
Horizon Air,QX,2024,6,7536,4.8,14.72,18.17,3.75,76.3,6.2,30,0.39,4,0.05,1217,37.74,18.55,48.02,43.94,79.94,7.66,7.66,7536,4,14.5,16.62,0.72,10.37,0.01,17.61
Horizon Air,QX,2024,7,7866,3.64,14.74,16.91,2.22,76.82,6.12,33,0.41,5,0.06,1159,34.75,19.0,43.81,40.86,84.07,7.42,7.42,7866,5,13.0,15.97,1.45,9.12,0.04,15.3
Horizon Air,QX,2024,8,7597,6.39,15.4,18.74,6.19,77.9,6.54,57,0.75,18,0.23,1472,38.97,19.41,42.74,46.38,82.72,8.18,8.18,7597,18,28.75,20.93,1.58,12.95,0.01,19.77
Horizon Air,QX,2024,9,6694,4.79,15.4,18.9,3.94,75.95,6.44,12,0.17,6,0.08,1146,36.8,20.42,49.69,44.09,79.13,8.65,8.65,6694,6,17.16,19.46,1.19,12.81,0.05,17.56
Horizon Air,QX,2024,10,7248,3.08,15.15,17.44,1.86,71.51,5.89,29,0.4,8,0.11,945,39.87,21.07,54.84,47.65,75.33,7.31,7.31,7248,8,14.55,17.77,1.4,12.19,0.1,19.0
Horizon Air,QX,2024,11,7008,3.84,15.22,17.37,1.18,75.67,5.59,105,1.49,19,0.27,922,43.35,20.14,51.0,49.6,82.1,6.69,6.69,7008,19,12.4,20.59,1.59,11.17,0.06,22.34
Horizon Air,QX,2024,12,7352,5.46,16.06,20.53,0.82,75.36,5.93,143,1.94,31,0.42,1084,42.92,22.03,58.31,47.51,76.62,7.27,7.27,7352,31,12.82,18.53,2.27,9.49,0.13,21.86
Horizon Air,QX,2025,1,7754,6.27,16.3,20.88,3.08,71.36,5.63,143,1.84,32,0.41,1285,47.05,21.45,58.43,51.9,74.71,6.59,6.59,7754,32,14.05,26.41,3.51,10.07,0.06,23.72
Horizon Air,QX,2025,2,6980,10.72,16.89,24.15,9.44,71.46,5.85,196,2.8,14,0.2,1688,47.76,23.22,57.34,55.34,74.69,7.03,7.03,6980,14,8.5,24.69,3.36,12.94,0.02,28.21
Horizon Air,QX,2025,3,8021,5.48,14.97,15.92,3.12,73.54,5.32,79,0.98,11,0.13,1336,46.58,19.99,39.63,52.13,78.86,6.22,6.22,8021,11,22.6,15.81,1.39,11.67,0.0,25.99
Horizon Air,QX,2025,4,8050,3.54,14.47,16.77,1.41,74.25,5.51,46,0.57,5,0.06,1144,42.92,18.61,52.73,47.23,77.96,6.69,6.69,8050,5,12.27,20.03,0.29,9.18,0.08,23.22
Horizon Air,QX,2025,5,8413,3.38,15.14,17.15,1.86,74.3,5.77,32,0.38,2,0.02,1219,39.99,20.45,51.0,46.65,73.29,6.75,6.75,8413,2,9.25,18.78,0.41,10.87,0.02,19.84
Horizon Air,QX,2025,6,8331,6.97,15.6,19.27,5.07,74.66,6.01,47,0.56,10,0.12,1603,44.71,19.44,47.09,48.45,71.31,6.98,6.98,8331,10,18.41,15.56,0.44,10.07,0.21,24.08
Horizon Air,QX,2025,7,8600,6.0,15.4,17.48,3.31,75.03,6.23,98,1.13,5,0.05,1454,44.79,19.49,41.51,48.15,75.79,7.58,7.58,8600,5,11.25,21.65,0.52,10.37,0.09,21.27
Horizon Air,QX,2025,8,8834,5.96,15.57,20.22,2.81,74.17,6.16,77,0.87,7,0.07,1534,44.08,19.6,56.17,47.3,75.35,7.08,7.08,8834,7,20.5,20.47,0.62,9.14,0.0,24.93
Horizon Air,QX,2025,9,8011,3.76,15.89,17.66,-0.3,75.18,5.86,56,0.69,10,0.12,1105,46.38,21.55,53.6,50.29,79.3,6.99,6.99,8011,10,22.36,24.26,0.91,10.71,0.05,23.49
Horizon Air,QX,2025,10,8119,6.86,15.96,17.4,3.71,73.19,6.05,161,1.98,13,0.16,1277,55.38,20.2,41.75,59.45,77.53,7.72,7.72,8119,13,11.88,20.4,0.82,10.63,0.04,28.2
Horizon Air,QX,2025,11,8048,5.01,16.38,17.86,1.07,74.77,5.86,258,3.2,18,0.22,1209,45.8,21.29,44.46,49.38,79.93,7.52,7.52,8048,18,6.62,21.83,1.22,12.75,0.0,23.09
JetBlue Airways,B6,2015,1,21623,10.03,18.35,3.05,7.34,145.39,6.22,1102,5.09,39,0.18,4944,47.83,24.63,19.45,55.86,152.86,7.17,7.17,21623,39,21.75,31.66,1.89,16.33,0.23,21.93
JetBlue Airways,B6,2015,2,19751,19.66,19.59,6.73,18.65,146.63,6.69,1296,6.56,72,0.36,6582,56.02,24.73,17.31,64.34,152.75,7.67,7.67,19751,72,29.47,37.33,3.15,15.57,0.16,26.32
JetBlue Airways,B6,2015,3,22590,15.17,18.21,0.07,10.74,144.71,6.42,458,2.02,105,0.46,5865,60.93,23.93,2.62,66.62,154.37,7.5,7.5,22590,105,22.91,34.12,1.72,19.44,0.07,26.73
JetBlue Airways,B6,2015,4,22020,8.32,17.44,-2.73,2.78,145.48,6.15,139,0.63,66,0.29,4113,55.06,22.91,-8.85,59.85,158.19,6.99,6.99,22020,66,26.1,27.02,1.31,18.3,0.08,22.69
JetBlue Airways,B6,2015,5,22565,7.03,17.4,0.95,-0.7,142.22,5.74,172,0.76,41,0.18,3322,61.55,22.91,9.04,63.4,153.48,6.42,6.42,22565,41,29.88,28.85,2.34,20.94,0.15,20.78
JetBlue Airways,B6,2015,6,22558,11.43,18.12,-5.08,5.04,143.43,5.94,231,1.02,81,0.35,4622,62.04,24.02,-17.99,65.85,150.46,6.81,6.81,22558,81,29.08,36.5,2.3,22.29,0.08,24.8
JetBlue Airways,B6,2015,7,24029,11.29,18.7,-6.12,5.84,143.5,5.95,225,0.93,57,0.23,5358,54.97,24.64,-7.18,58.87,155.73,6.9,6.9,24029,57,27.35,33.94,1.73,16.25,0.08,24.1
JetBlue Airways,B6,2015,8,23826,14.6,18.36,-1.75,9.28,143.65,6.11,255,1.07,65,0.27,5876,60.7,22.11,5.38,63.67,154.13,7.3,7.3,23826,65,25.81,40.7,2.96,14.55,0.67,26.99
JetBlue Airways,B6,2015,9,21133,7.77,17.85,3.59,3.53,140.61,5.87,90,0.42,36,0.17,4111,48.65,23.11,16.77,54.7,150.95,6.7,6.7,21133,36,26.02,29.39,1.97,16.72,0.1,19.14
JetBlue Airways,B6,2015,10,21913,8.03,16.99,2.74,3.67,140.72,6.13,130,0.59,45,0.2,4015,47.69,21.46,11.05,52.87,148.22,7.26,7.26,21913,45,23.02,27.16,0.98,15.74,0.07,17.92
JetBlue Airways,B6,2015,11,21697,7.1,16.44,-4.2,1.41,143.54,5.99,112,0.51,43,0.19,3535,49.42,20.7,8.2,53.14,157.04,6.8,6.8,21697,43,23.3,27.2,0.49,14.77,0.19,18.42
JetBlue Airways,B6,2015,12,23343,18.06,17.16,-4.05,13.83,146.69,6.27,66,0.28,80,0.34,6832,61.75,20.84,-5.92,64.97,155.48,7.06,7.06,23343,80,24.01,29.63,1.62,13.08,0.23,29.02
JetBlue Airways,B6,2016,1,23018,14.49,17.05,-2.62,10.12,146.18,6.18,897,3.89,52,0.22,6098,54.15,20.81,6.49,58.07,154.9,6.91,6.91,23018,52,29.2,28.93,1.96,11.06,0.18,24.97
JetBlue Airways,B6,2016,2,21776,20.73,17.49,-4.95,16.54,148.2,6.42,559,2.56,75,0.34,6128,73.04,22.19,-11.44,78.69,155.5,7.45,7.45,21776,75,24.07,44.21,4.39,16.51,0.12,35.34
JetBlue Airways,B6,2016,3,23825,12.2,17.19,-1.03,7.28,146.66,6.21,118,0.49,60,0.25,5533,56.51,22.13,-3.06,60.64,156.33,7.03,7.03,23825,60,24.96,31.02,1.08,14.37,0.27,25.45
JetBlue Airways,B6,2016,4,23187,10.94,17.03,-0.27,5.19,146.61,6.33,173,0.74,49,0.21,4662,62.9,21.84,-2.97,67.48,155.01,7.17,7.17,23187,49,21.81,33.08,0.77,15.78,0.13,29.43
JetBlue Airways,B6,2016,5,24240,8.37,16.59,-4.48,2.45,143.11,6.53,88,0.36,37,0.15,4550,50.86,21.07,4.2,54.27,151.46,7.74,7.74,24240,37,24.23,28.25,2.08,13.18,0.14,20.11
JetBlue Airways,B6,2016,6,23845,13.39,17.92,-12.05,8.89,144.67,6.67,201,0.84,48,0.2,5865,57.81,23.18,-21.63,62.93,156.2,7.8,7.8,23845,48,33.54,40.67,1.9,17.5,0.18,25.59
JetBlue Airways,B6,2016,7,24927,21.82,17.89,-14.81,17.76,145.08,6.81,510,2.04,75,0.3,7455,72.45,22.73,-30.36,75.99,158.42,8.03,8.03,24927,75,27.25,50.67,3.6,19.99,0.16,31.1
JetBlue Airways,B6,2016,8,24728,15.93,17.58,-11.55,11.21,143.48,6.69,315,1.27,41,0.16,6327,66.11,22.52,-21.97,68.97,157.95,8.09,8.09,24728,41,22.41,40.32,2.74,17.42,0.23,29.29
JetBlue Airways,B6,2016,9,22396,8.34,16.9,-1.81,3.6,140.87,6.53,110,0.49,38,0.16,4613,50.8,21.89,13.07,57.07,148.94,7.55,7.55,22396,38,21.82,32.33,1.98,16.02,0.18,23.07
JetBlue Airways,B6,2016,10,23229,9.31,16.41,-2.25,3.8,141.18,6.57,536,2.3,50,0.21,4755,50.81,20.52,11.38,54.15,153.0,7.73,7.73,23229,50,21.17,32.38,1.2,13.17,0.13,21.25
JetBlue Airways,B6,2016,11,22974,5.02,16.02,-4.75,-2.33,141.44,6.46,42,0.18,40,0.17,3516,51.38,20.26,4.88,54.64,150.19,7.32,7.32,22974,40,20.45,25.3,0.36,14.12,0.09,19.27
JetBlue Airways,B6,2016,12,24328,15.75,17.15,-8.3,11.92,145.1,6.7,248,1.01,100,0.41,6635,61.17,21.57,-2.54,65.72,161.57,7.73,7.73,24328,100,23.56,37.16,1.68,13.25,0.31,29.97
JetBlue Airways,B6,2017,1,24602,14.18,17.16,-3.02,8.42,142.66,6.96,525,2.13,109,0.44,6061,62.3,21.56,-4.02,66.55,156.91,8.31,8.31,24602,109,23.35,28.08,1.43,15.22,0.31,29.28
JetBlue Airways,B6,2017,2,22511,11.14,17.32,-2.84,5.74,144.48,6.7,985,4.37,77,0.34,5172,54.41,22.28,2.63,58.8,161.13,7.75,7.75,22511,77,23.64,29.36,1.44,14.51,0.14,24.47
JetBlue Airways,B6,2017,3,25975,15.27,18.11,-1.06,9.89,143.6,6.55,1018,3.91,31,0.11,6525,64.91,22.91,1.75,67.84,155.05,7.35,7.35,25975,31,21.84,31.82,0.82,19.82,0.07,27.46
JetBlue Airways,B6,2017,4,25191,18.03,17.87,-2.28,11.68,143.57,6.66,374,1.48,41,0.16,6536,75.71,22.58,-2.15,77.02,152.19,7.41,7.41,25191,41,26.51,34.83,0.85,22.58,0.09,33.44
JetBlue Airways,B6,2017,5,25519,24.38,18.22,-8.37,17.06,141.33,6.71,676,2.64,50,0.19,7633,82.12,22.55,-5.12,81.07,149.89,7.71,7.71,25519,50,26.1,35.29,0.8,25.01,0.11,33.93
JetBlue Airways,B6,2017,6,25333,29.85,19.57,-11.96,25.08,141.5,7.21,621,2.45,75,0.29,9295,80.39,24.2,-16.39,83.01,150.44,8.27,8.27,25333,75,20.41,43.56,2.64,20.78,0.09,38.57
JetBlue Airways,B6,2017,7,26436,25.73,18.81,-10.58,21.45,141.85,7.35,659,2.49,99,0.37,8894,77.15,23.18,-23.03,80.59,150.7,8.61,8.61,26436,99,26.25,49.08,2.45,19.78,0.09,36.1
JetBlue Airways,B6,2017,8,26194,19.08,18.6,-9.66,15.1,141.53,7.2,584,2.22,76,0.29,7699,67.71,23.34,-17.41,71.47,155.1,8.44,8.44,26194,76,23.62,41.54,2.23,16.42,0.19,30.41
JetBlue Airways,B6,2017,9,23957,12.55,18.24,0.87,6.46,137.06,6.71,2233,9.32,34,0.14,4887,67.61,24.03,12.38,71.31,142.03,7.75,7.75,23957,34,23.13,32.61,2.11,21.01,0.1,27.59
JetBlue Airways,B6,2017,10,24285,9.28,17.18,5.51,2.46,138.21,6.45,505,2.07,48,0.19,4390,65.29,21.89,25.52,66.91,147.54,7.45,7.45,24285,48,22.02,32.5,1.4,24.02,0.14,23.58
JetBlue Airways,B6,2017,11,23664,2.92,16.47,2.49,-4.18,140.92,6.43,64,0.27,37,0.15,3082,48.6,20.95,26.57,51.2,153.89,7.62,7.62,23664,37,21.86,23.47,0.25,13.64,0.73,17.24
JetBlue Airways,B6,2017,12,24987,13.87,18.21,-1.94,9.63,144.33,6.89,44,0.17,62,0.24,6373,61.45,24.1,4.21,67.4,149.7,8.15,8.15,24987,62,26.39,39.94,1.93,13.5,0.13,29.43
JetBlue Airways,B6,2018,1,24871,20.42,18.0,5.16,14.96,145.48,7.21,1471,5.91,70,0.28,6973,73.26,22.25,25.72,76.16,145.45,8.53,8.53,24871,70,26.21,34.45,2.08,12.72,0.17,33.37
JetBlue Airways,B6,2018,2,22847,11.59,17.68,-1.1,6.04,147.19,6.88,358,1.56,69,0.3,5378,55.12,22.14,13.81,58.69,159.89,7.99,7.99,22847,69,24.66,29.37,0.73,12.69,0.07,22.39
JetBlue Airways,B6,2018,3,26500,17.59,18.31,0.87,13.05,146.27,7.25,1703,6.42,56,0.21,7728,57.88,21.66,10.78,60.63,149.15,8.19,8.19,26500,56,24.92,29.01,1.3,10.61,0.14,25.6
JetBlue Airways,B6,2018,4,25836,19.29,18.4,4.22,15.58,146.2,7.25,331,1.28,91,0.35,7939,66.17,22.04,7.86,70.2,146.17,8.21,8.21,25836,91,34.52,34.64,1.6,14.87,0.07,31.87
JetBlue Airways,B6,2018,5,26513,15.6,18.04,-1.0,11.06,144.42,7.29,330,1.24,89,0.33,7269,61.0,21.77,-2.99,64.71,148.91,8.38,8.38,26513,89,27.87,37.52,1.43,15.53,0.11,27.03
JetBlue Airways,B6,2018,6,25860,13.85,18.32,-3.0,7.53,143.17,7.28,253,0.97,71,0.27,6452,60.35,22.86,0.64,62.74,150.33,8.49,8.49,25860,71,25.42,46.88,2.25,14.91,0.09,26.46
JetBlue Airways,B6,2018,7,26671,20.92,18.99,-0.68,16.43,144.3,7.35,643,2.41,74,0.27,8033,71.6,24.33,6.31,76.2,153.84,8.38,8.38,26671,74,24.72,47.71,3.6,20.3,0.09,32.58
JetBlue Airways,B6,2018,8,26623,22.7,18.85,-3.3,18.43,143.99,7.45,700,2.62,94,0.35,8059,77.64,23.79,-4.52,82.16,152.87,8.74,8.74,26623,94,25.97,48.33,2.87,22.52,0.21,35.01
JetBlue Airways,B6,2018,9,24427,9.02,17.76,-2.05,4.62,143.92,7.18,260,1.06,53,0.21,5182,58.46,23.41,17.41,65.25,149.59,8.46,8.46,24427,53,32.5,29.73,2.32,21.74,0.06,23.06
JetBlue Airways,B6,2018,10,24923,7.9,17.36,0.15,4.33,143.55,7.09,142,0.56,65,0.26,5085,53.51,22.13,27.78,59.75,150.92,8.27,8.27,24923,65,27.78,28.61,0.85,18.53,0.03,20.23
JetBlue Airways,B6,2018,11,24589,15.68,17.52,1.75,13.52,146.96,7.19,175,0.71,46,0.18,6866,63.71,21.62,18.01,69.67,149.36,8.4,8.4,24589,46,25.85,38.59,0.92,17.32,0.11,27.07
JetBlue Airways,B6,2018,12,25350,14.92,17.55,-3.77,10.61,149.51,7.16,53,0.2,55,0.21,6344,68.18,21.06,7.3,71.49,152.86,8.11,8.11,25350,55,23.78,30.75,0.42,13.58,0.08,29.09
JetBlue Airways,B6,2019,1,24443,19.97,18.29,1.6,14.55,152.03,7.46,980,4.0,68,0.27,6429,80.31,22.77,20.21,84.31,150.53,8.58,8.58,24443,68,22.5,32.12,1.7,18.82,0.15,34.44
JetBlue Airways,B6,2019,2,22398,19.24,18.45,1.28,13.95,154.3,7.29,345,1.54,70,0.31,6308,73.23,23.73,12.73,77.85,158.84,8.17,8.17,22398,70,23.78,36.69,2.07,16.12,0.15,31.96
JetBlue Airways,B6,2019,3,25927,16.25,17.72,1.91,9.68,152.71,7.26,425,1.63,53,0.2,6324,73.79,22.01,15.65,75.77,157.6,8.04,8.04,25927,53,28.24,31.33,1.32,13.5,0.06,32.99
JetBlue Airways,B6,2019,4,25329,18.13,17.47,-0.06,10.24,153.0,7.44,363,1.43,68,0.26,6294,80.37,21.62,15.74,81.57,153.16,8.24,8.24,25329,68,28.08,36.79,1.25,20.52,0.05,33.35
JetBlue Airways,B6,2019,5,24967,13.0,17.73,-1.38,5.51,150.1,7.39,81,0.32,99,0.39,5412,70.64,23.02,-3.71,73.32,158.62,8.56,8.56,24967,99,35.54,45.86,2.11,21.4,0.05,27.03
JetBlue Airways,B6,2019,6,24324,21.43,18.6,-7.91,14.81,149.58,7.83,120,0.49,121,0.49,7039,78.66,23.26,-9.14,80.51,150.29,8.89,8.89,24324,121,28.02,42.35,2.93,17.53,0.1,33.59
JetBlue Airways,B6,2019,7,25545,25.61,18.26,-15.28,17.86,149.54,7.99,403,1.57,102,0.39,7110,95.8,22.45,-26.74,96.4,149.22,9.05,9.05,25545,102,30.45,49.32,4.41,21.06,0.11,40.75
JetBlue Airways,B6,2019,8,25518,26.98,19.08,-12.8,20.15,148.1,7.77,248,0.97,98,0.38,7869,90.73,24.04,-22.1,91.94,147.42,8.81,8.81,25518,98,25.88,60.56,3.33,19.83,0.06,40.23
JetBlue Airways,B6,2019,9,24143,8.43,16.87,-1.68,-0.24,146.16,7.27,505,2.09,59,0.24,3791,76.77,21.33,7.7,76.94,151.18,8.18,8.18,24143,59,27.93,27.31,1.59,16.25,0.07,28.62
JetBlue Airways,B6,2019,10,24891,10.09,17.03,-0.59,3.15,148.17,7.34,96,0.38,64,0.25,4650,69.04,22.02,10.55,71.08,145.0,8.46,8.46,24891,64,29.21,30.29,0.73,19.05,0.14,23.79
JetBlue Airways,B6,2019,11,24709,8.0,16.51,4.78,2.64,150.99,7.25,15,0.06,50,0.2,4776,55.97,19.98,29.82,58.91,149.19,8.29,8.29,24709,50,31.47,27.61,0.34,12.77,0.06,21.33
JetBlue Airways,B6,2019,12,25217,25.34,18.84,-3.47,22.05,153.49,7.81,183,0.72,71,0.28,8131,81.57,24.08,-0.24,88.95,156.47,9.08,9.08,25217,71,30.6,41.65,1.55,19.53,0.05,38.45
JetBlue Airways,B6,2020,1,24709,5.04,17.09,1.37,-3.0,152.06,7.29,18,0.07,70,0.28,3675,61.01,22.17,19.32,64.07,156.31,8.64,8.64,24709,70,24.88,31.47,1.04,13.19,0.07,22.06
JetBlue Airways,B6,2020,2,23527,5.93,17.05,3.14,-1.71,153.62,7.28,28,0.11,52,0.22,3826,59.5,22.23,27.17,64.49,152.31,8.33,8.33,23527,52,25.87,26.55,0.85,15.32,0.04,23.33
JetBlue Airways,B6,2020,3,25657,0.93,15.94,-1.78,-7.84,155.49,6.8,4419,17.22,32,0.12,2558,53.91,20.55,21.55,57.76,167.32,8.08,8.08,25657,32,28.08,30.2,0.52,12.71,0.09,16.55
JetBlue Airways,B6,2020,4,6886,-6.96,12.71,2.81,-24.52,155.61,5.44,2464,35.78,4,0.05,196,57.45,15.92,58.69,53.2,158.64,5.95,5.95,6886,4,20.25,26.0,0.3,5.6,0.19,10.31
JetBlue Airways,B6,2020,5,2762,-5.78,12.85,5.37,-14.27,143.33,5.53,212,7.67,5,0.18,159,39.57,15.75,46.27,45.92,170.05,7.15,7.15,2762,5,21.6,27.28,3.91,9.85,0.0,5.08
JetBlue Airways,B6,2020,6,5367,-2.67,13.3,7.66,-8.12,163.04,5.87,40,0.74,17,0.31,475,45.68,16.15,43.64,53.88,168.71,7.24,7.24,5367,17,34.58,29.45,2.12,10.95,0.01,11.73
JetBlue Airways,B6,2020,7,10495,-0.63,13.81,7.76,-4.8,169.24,6.41,289,2.75,40,0.38,1207,56.22,16.68,49.05,63.28,169.24,7.56,7.56,10495,40,23.77,29.8,3.95,10.56,0.25,18.01
JetBlue Airways,B6,2020,8,7870,-2.76,13.82,8.61,-8.38,169.39,6.22,230,2.92,31,0.39,728,45.0,17.68,54.76,53.97,174.34,7.11,7.11,7870,31,33.06,31.97,4.81,12.28,0.09,12.4
JetBlue Airways,B6,2020,9,6378,-5.17,13.53,6.73,-12.68,174.18,6.13,58,0.9,10,0.15,372,37.62,15.89,45.78,43.38,171.25,7.76,7.76,6378,10,18.7,22.79,1.17,9.13,0.2,8.4
JetBlue Airways,B6,2020,10,8811,-0.92,14.23,7.4,-6.84,173.37,6.18,17,0.19,10,0.11,965,44.42,18.62,49.62,52.48,185.36,7.24,7.24,8811,10,20.2,25.4,1.03,12.04,0.06,11.97
JetBlue Airways,B6,2020,11,10737,-2.06,14.19,5.59,-5.42,165.93,6.2,78,0.72,21,0.19,1065,44.95,17.75,41.07,54.31,172.96,7.19,7.19,10737,21,23.23,27.28,1.81,12.49,0.1,12.19
JetBlue Airways,B6,2020,12,10964,6.11,15.54,11.8,5.98,168.43,6.64,129,1.17,19,0.17,2232,50.61,20.96,49.0,63.39,172.61,8.03,8.03,10964,19,20.35,36.57,3.43,15.21,0.17,18.26
JetBlue Airways,B6,2021,1,8937,4.81,15.46,9.85,4.63,167.54,6.5,99,1.1,11,0.12,1895,41.12,19.58,41.7,53.68,172.27,7.48,7.48,8937,11,37.54,25.55,0.77,16.61,0.28,13.18
JetBlue Airways,B6,2021,2,10003,12.68,17.43,12.35,13.2,165.87,7.01,426,4.25,23,0.22,2922,48.21,24.03,39.72,62.36,168.23,8.22,8.22,10003,23,33.65,35.92,3.19,17.86,0.15,17.97
JetBlue Airways,B6,2021,3,13724,2.71,15.2,5.78,-6.11,167.78,6.77,71,0.51,20,0.14,1588,51.22,18.01,44.75,53.71,170.52,8.79,8.79,13724,20,33.6,26.56,0.55,8.6,0.23,14.17
JetBlue Airways,B6,2021,4,15243,10.7,15.51,5.5,1.85,165.46,7.36,120,0.78,39,0.25,2595,74.34,19.57,41.21,77.41,161.59,9.62,9.62,15243,39,32.92,42.19,5.52,13.67,1.88,25.34
JetBlue Airways,B6,2021,5,17565,8.5,15.05,5.54,0.78,163.87,8.08,43,0.24,52,0.29,3159,55.9,17.33,15.8,58.24,166.87,10.54,10.54,17565,52,34.44,29.42,2.55,8.63,0.92,16.47
JetBlue Airways,B6,2021,6,18369,26.25,16.7,-5.94,19.98,167.98,8.65,113,0.61,109,0.59,6180,77.46,19.54,-14.37,79.26,175.36,10.46,10.46,18369,109,26.33,41.15,3.88,11.12,0.39,29.35
JetBlue Airways,B6,2021,7,20126,39.36,17.59,-11.01,33.09,170.3,9.7,516,2.56,169,0.83,8237,91.27,20.07,-23.25,91.96,173.9,11.77,11.77,20126,169,35.07,45.3,3.56,11.69,0.44,36.55
JetBlue Airways,B6,2021,8,20271,23.68,17.59,-6.37,16.38,169.74,8.97,425,2.09,111,0.54,6351,74.48,20.96,-14.51,74.8,172.98,10.89,10.89,20271,111,27.34,39.35,2.55,10.65,0.41,26.75
JetBlue Airways,B6,2021,9,18575,14.79,16.57,0.1,8.28,166.83,8.31,487,2.62,66,0.35,4226,72.9,19.78,2.73,77.13,170.46,10.8,10.8,18575,66,33.39,51.09,2.88,13.39,0.2,24.34
JetBlue Airways,B6,2021,10,19083,10.42,16.35,1.48,4.23,166.1,8.02,54,0.28,71,0.37,3981,58.39,19.35,6.86,62.42,173.45,10.35,10.35,19083,71,24.45,33.93,2.0,11.54,0.31,17.97
JetBlue Airways,B6,2021,11,19625,9.79,17.4,6.7,5.05,154.7,8.28,27,0.13,32,0.16,4394,52.99,20.49,26.3,58.48,154.6,10.75,10.75,19625,32,30.12,31.69,1.18,10.81,0.28,15.22
JetBlue Airways,B6,2021,12,21181,20.48,17.85,1.08,16.08,157.61,8.75,918,4.33,119,0.56,6481,65.64,20.48,5.7,69.17,169.44,10.89,10.89,21181,119,24.64,30.38,0.57,10.6,0.22,23.38
JetBlue Airways,B6,2022,1,21332,23.4,18.54,3.23,18.72,157.63,9.46,2088,9.78,52,0.24,6145,79.16,22.39,10.86,83.73,153.78,12.38,12.38,21332,52,30.62,35.85,2.87,11.72,0.33,28.34
JetBlue Airways,B6,2022,2,20579,26.32,19.35,5.64,20.57,156.95,8.63,1048,5.09,64,0.31,6739,79.22,24.1,14.43,81.95,154.8,9.89,9.89,20579,64,28.27,43.51,2.02,11.8,0.19,31.66
JetBlue Airways,B6,2022,3,22949,24.87,18.65,5.28,17.91,158.67,8.45,635,2.76,114,0.49,7149,78.68,22.31,10.96,80.44,159.68,9.97,9.97,22949,114,27.47,41.45,1.48,13.42,0.27,30.25
JetBlue Airways,B6,2022,4,24141,36.19,18.72,5.02,30.05,161.08,8.5,2163,8.95,80,0.33,9027,86.66,21.31,10.35,87.04,165.68,9.89,9.89,24141,80,29.34,44.0,1.93,10.81,0.22,34.65
JetBlue Airways,B6,2022,5,23602,19.58,18.79,6.61,12.51,156.94,8.47,539,2.28,113,0.47,6572,70.1,22.34,11.81,71.82,158.99,9.95,9.95,23602,113,34.77,46.02,2.98,13.35,0.14,24.48
JetBlue Airways,B6,2022,6,21323,29.24,19.67,6.56,23.97,152.5,9.23,743,3.48,100,0.46,7408,80.51,23.72,11.12,84.32,155.69,11.03,11.03,21323,100,28.15,54.49,3.39,17.94,0.1,27.82
JetBlue Airways,B6,2022,7,22867,22.75,19.52,3.05,16.91,150.69,9.1,415,1.81,112,0.48,6928,75.78,24.19,5.61,78.92,155.5,10.82,10.82,22867,112,29.61,40.77,3.01,13.68,0.14,26.95
JetBlue Airways,B6,2022,8,23100,23.27,19.91,6.5,17.96,149.74,9.1,551,2.38,77,0.33,7241,75.15,24.69,12.74,78.72,156.66,10.78,10.78,23100,77,31.98,47.93,3.92,16.63,0.22,26.9
JetBlue Airways,B6,2022,9,22469,15.9,19.1,7.85,12.75,149.18,8.95,793,3.52,88,0.39,6136,62.17,23.39,12.58,69.62,156.8,10.84,10.84,22469,88,28.52,42.56,2.54,15.3,0.16,22.02
JetBlue Airways,B6,2022,10,23353,12.3,18.34,12.36,9.31,146.95,8.77,334,1.43,55,0.23,5998,54.45,22.19,27.67,60.29,150.39,10.44,10.44,23353,55,27.71,32.72,1.16,14.19,0.08,18.13
JetBlue Airways,B6,2022,11,23462,17.97,18.67,5.29,13.63,151.7,8.6,445,1.89,61,0.25,6800,65.05,22.08,14.29,68.93,152.18,10.05,10.05,23462,61,33.37,32.28,0.86,11.46,0.12,26.74
JetBlue Airways,B6,2022,12,23881,27.92,19.02,1.32,24.91,155.21,9.23,465,1.94,61,0.25,9230,71.2,21.61,-1.72,75.41,161.71,10.84,10.84,23881,61,30.43,37.24,0.76,11.79,0.14,29.25
JetBlue Airways,B6,2023,1,23249,16.88,19.39,6.27,10.55,151.77,8.6,194,0.83,77,0.33,6084,71.24,24.53,18.61,75.89,154.99,10.18,10.18,23249,77,35.29,39.93,0.57,15.94,0.32,27.63
JetBlue Airways,B6,2023,2,22186,16.82,19.33,4.22,10.49,152.58,8.62,372,1.67,87,0.39,5769,70.32,24.67,8.13,75.17,159.06,10.53,10.53,22186,87,31.63,44.47,2.44,12.84,0.08,29.2
JetBlue Airways,B6,2023,3,25793,23.13,19.8,3.56,17.56,153.9,8.46,403,1.56,72,0.27,8371,71.99,23.31,-0.16,74.4,164.87,9.45,9.45,25793,72,31.85,36.81,0.77,11.95,0.15,31.06
JetBlue Airways,B6,2023,4,24285,24.01,19.86,5.63,19.31,154.64,8.64,705,2.9,107,0.44,7622,76.86,23.78,0.33,81.48,163.22,10.0,10.0,24285,107,32.42,47.62,1.99,16.01,0.17,31.62
JetBlue Airways,B6,2023,5,24639,17.14,18.66,5.06,9.03,152.98,8.48,185,0.75,69,0.28,5885,76.55,21.43,11.12,76.49,156.82,9.73,9.73,24639,69,32.05,31.7,1.86,8.14,0.14,30.64
JetBlue Airways,B6,2023,6,22795,33.68,20.07,-0.48,28.01,155.04,9.16,797,3.49,167,0.73,7972,92.7,24.35,-6.66,97.09,164.46,10.76,10.76,22795,167,35.55,60.46,5.45,17.71,0.12,40.05
JetBlue Airways,B6,2023,7,22853,49.18,20.67,1.51,45.56,157.93,9.31,1564,6.84,181,0.79,9794,105.4,24.49,-0.51,108.89,164.15,10.54,10.54,22853,181,37.03,58.31,3.73,19.18,0.13,44.85
JetBlue Airways,B6,2023,8,22895,30.02,19.69,2.14,24.37,155.85,8.75,669,2.92,105,0.45,8016,84.45,23.28,-1.48,85.8,162.3,9.83,9.83,22895,105,30.45,45.09,1.37,12.42,0.09,36.63
JetBlue Airways,B6,2023,9,21412,33.67,19.57,7.64,29.58,155.12,8.8,724,3.38,131,0.61,7604,93.77,23.44,10.41,97.58,159.81,10.33,10.33,21412,131,37.86,54.32,3.21,18.39,0.12,38.01
JetBlue Airways,B6,2023,10,22066,17.93,18.27,9.18,11.26,154.54,8.35,35,0.15,59,0.26,5662,74.85,21.49,27.93,75.61,166.04,9.44,9.44,22066,59,27.03,33.01,0.66,8.14,0.06,29.01
JetBlue Airways,B6,2023,11,21281,14.35,18.11,1.76,6.53,154.81,8.18,32,0.15,36,0.16,4823,71.7,21.44,6.56,72.1,163.48,9.16,9.16,21281,36,27.69,30.5,0.52,7.82,0.1,25.94
JetBlue Airways,B6,2023,12,21398,19.31,18.6,4.13,11.9,157.91,8.57,83,0.38,83,0.38,5948,72.17,21.56,2.22,73.44,160.99,9.66,9.66,21398,83,24.13,35.51,0.97,12.13,0.08,29.05
JetBlue Airways,B6,2024,1,19580,19.15,19.96,4.47,13.52,159.47,8.24,334,1.7,74,0.37,5565,71.23,25.99,17.27,78.05,160.69,9.56,9.56,19580,74,38.89,43.34,2.8,15.53,0.08,28.39
JetBlue Airways,B6,2024,2,19235,14.88,18.45,3.65,7.54,159.75,7.98,267,1.38,45,0.23,4639,69.02,22.5,21.37,71.61,166.8,9.03,9.03,19235,45,34.3,35.08,1.22,11.33,0.1,28.94
JetBlue Airways,B6,2024,3,21565,24.22,19.0,1.63,17.6,160.15,7.9,309,1.43,66,0.3,6445,84.14,23.02,11.54,85.64,167.94,8.92,8.92,21565,66,37.28,39.89,2.08,14.32,0.09,35.43
JetBlue Airways,B6,2024,4,20124,15.0,18.6,1.94,7.14,160.31,7.92,288,1.43,74,0.36,4401,77.77,23.41,16.44,79.88,174.04,9.23,9.23,20124,74,33.94,41.15,1.21,15.58,0.22,31.28
JetBlue Airways,B6,2024,5,21246,17.21,19.04,8.93,9.62,157.53,8.04,104,0.48,85,0.4,5234,75.75,23.83,33.01,77.33,161.04,9.36,9.36,21246,85,29.27,43.62,1.46,17.13,0.06,28.76
JetBlue Airways,B6,2024,6,19903,22.18,19.63,2.59,15.41,157.15,8.17,490,2.46,125,0.62,5410,83.98,25.22,1.13,86.95,166.68,9.45,9.45,19903,125,35.01,54.21,3.35,19.58,0.13,31.5
JetBlue Airways,B6,2024,7,20182,23.64,19.98,3.59,18.73,158.3,8.35,234,1.15,96,0.47,6141,79.89,25.53,2.49,83.98,163.67,9.66,9.66,20182,96,32.98,50.83,1.65,17.1,0.11,32.08
JetBlue Airways,B6,2024,8,20498,30.15,20.62,8.37,26.1,158.73,8.53,916,4.46,120,0.58,7019,85.67,25.51,13.33,90.45,163.15,9.69,9.69,20498,120,33.28,55.59,2.87,19.5,0.12,33.84
JetBlue Airways,B6,2024,9,18350,9.16,19.27,8.09,2.27,154.65,8.26,76,0.41,61,0.33,3260,67.16,24.46,28.46,70.62,151.85,9.93,9.93,18350,61,27.93,35.09,2.17,13.42,0.04,19.74
JetBlue Airways,B6,2024,10,19694,5.31,18.28,6.65,-3.56,156.82,8.0,489,2.48,33,0.16,2717,57.32,22.64,43.39,58.26,151.53,9.55,9.55,19694,33,28.44,30.95,0.37,10.83,0.14,17.24
JetBlue Airways,B6,2024,11,19134,6.33,17.82,13.47,-3.08,159.8,7.79,0,0.0,25,0.13,3001,59.64,21.9,40.76,60.58,163.72,9.28,9.28,19134,25,38.12,32.64,0.18,13.11,0.13,18.55
JetBlue Airways,B6,2024,12,20771,20.36,19.7,19.69,15.65,164.15,8.62,228,1.09,60,0.28,6289,69.75,24.44,41.76,73.97,158.13,10.32,10.32,20771,60,44.21,38.5,1.9,14.76,0.13,35.29
JetBlue Airways,B6,2025,1,17918,11.13,19.37,13.81,5.81,166.12,7.97,323,1.8,37,0.2,4294,54.06,25.03,41.53,61.34,166.35,9.23,9.23,17918,37,29.73,37.35,1.39,15.26,0.12,25.46
JetBlue Airways,B6,2025,2,17685,18.56,20.45,14.52,12.71,164.48,8.0,458,2.58,46,0.26,4890,70.67,27.66,39.74,78.1,168.28,9.2,9.2,17685,46,39.87,53.67,3.0,21.1,0.16,35.05
JetBlue Airways,B6,2025,3,21304,14.38,18.95,11.02,7.53,164.71,7.64,165,0.77,106,0.49,4804,72.72,24.72,31.8,78.03,166.99,8.84,8.84,21304,106,31.77,45.47,1.9,20.48,0.1,34.45
JetBlue Airways,B6,2025,4,20002,7.02,19.52,13.78,-0.69,161.44,7.56,42,0.2,52,0.25,3504,57.23,25.97,49.51,61.8,162.18,9.16,9.16,20002,52,30.55,38.65,0.86,16.78,0.05,25.57
JetBlue Airways,B6,2025,5,19663,14.83,20.32,12.49,9.81,164.47,7.91,96,0.48,106,0.53,5025,65.76,26.56,32.72,72.71,158.37,9.44,9.44,19663,106,30.95,46.72,2.3,26.41,0.02,27.57
JetBlue Airways,B6,2025,6,18953,19.0,20.78,3.51,14.07,163.55,8.28,121,0.63,102,0.53,5299,73.54,28.15,2.77,79.1,159.23,9.98,9.98,18953,102,36.64,52.24,2.58,23.73,0.22,31.62
JetBlue Airways,B6,2025,7,20690,29.04,20.69,1.26,24.65,162.62,8.28,1043,5.04,135,0.65,6580,89.27,26.56,-4.95,94.13,165.25,9.79,9.79,20690,135,33.62,65.07,3.2,25.84,0.12,38.8
JetBlue Airways,B6,2025,8,20204,17.0,19.49,7.79,10.59,160.57,7.87,131,0.64,100,0.49,4941,76.72,24.51,14.38,79.02,158.79,9.27,9.27,20204,100,30.41,45.01,2.7,16.83,0.12,37.03
JetBlue Airways,B6,2025,9,16215,11.59,19.9,9.24,3.86,158.51,7.5,94,0.57,42,0.25,3347,68.76,26.81,46.96,69.41,155.38,8.31,8.31,16215,42,34.14,44.31,2.21,27.96,0.13,21.92
JetBlue Airways,B6,2025,10,18401,14.93,20.65,10.33,8.81,159.74,7.84,193,1.04,64,0.34,4617,66.77,27.52,32.86,71.21,163.63,9.04,9.04,18401,64,39.59,40.73,0.94,26.9,0.03,26.0
JetBlue Airways,B6,2025,11,19818,14.98,19.13,11.55,11.01,160.44,7.57,587,2.96,54,0.27,4777,71.12,24.79,35.93,78.0,157.92,8.52,8.52,19818,54,30.34,36.51,0.36,20.58,0.08,34.67
Mesa Airlines Inc.,YV,2018,1,16353,8.85,18.26,21.77,4.43,83.41,7.48,984,6.01,37,0.22,2754,64.25,23.54,61.13,67.51,83.3,8.34,8.34,16353,37,47.06,39.97,4.22,11.06,0.1,23.35
Mesa Airlines Inc.,YV,2018,2,14630,12.4,18.74,25.63,9.28,87.01,7.63,437,2.98,45,0.3,3218,64.21,24.67,65.17,70.87,88.22,8.53,8.53,14630,45,42.37,40.62,7.62,12.81,0.16,29.12
Mesa Airlines Inc.,YV,2018,3,16083,3.79,17.11,17.7,0.23,85.21,7.52,402,2.49,31,0.19,2005,53.51,23.23,58.79,59.71,87.58,8.23,8.23,16083,31,48.97,38.75,4.02,9.13,0.18,20.86
Mesa Airlines Inc.,YV,2018,4,16726,4.69,17.33,17.2,1.29,82.58,7.14,214,1.27,38,0.22,2237,58.72,23.4,47.36,65.96,83.63,7.44,7.44,16726,38,50.45,39.42,4.08,11.66,0.09,22.3
Mesa Airlines Inc.,YV,2018,5,17866,8.59,16.48,19.47,3.53,80.29,7.4,400,2.23,32,0.17,2751,72.63,20.7,59.84,75.22,80.43,7.83,7.83,17866,32,55.91,44.98,6.6,12.72,0.05,32.11
Mesa Airlines Inc.,YV,2018,6,18531,10.77,16.49,21.21,7.77,79.37,7.58,405,2.18,34,0.18,3453,68.44,20.15,56.89,71.95,79.82,8.23,8.23,18531,34,40.21,46.27,7.11,9.54,0.09,32.13
Mesa Airlines Inc.,YV,2018,7,19704,14.0,16.78,23.71,12.53,80.07,7.75,371,1.88,53,0.26,4556,67.96,20.55,59.11,72.89,81.78,8.25,8.25,19704,53,48.38,47.53,7.87,11.18,0.07,32.25
Mesa Airlines Inc.,YV,2018,8,19986,13.92,16.9,21.42,12.46,80.24,7.81,469,2.34,51,0.25,4395,72.8,21.16,52.36,78.64,83.19,8.6,8.6,19986,51,52.24,43.75,7.45,10.6,0.09,34.01
Mesa Airlines Inc.,YV,2018,9,18928,15.91,17.36,25.33,14.81,79.61,7.53,662,3.49,63,0.33,4596,72.58,21.2,62.77,78.26,82.85,8.29,8.29,18928,63,67.36,46.43,7.55,10.46,0.5,35.1
Mesa Airlines Inc.,YV,2018,10,19306,15.2,17.8,24.01,14.74,82.77,7.42,532,2.75,46,0.23,4630,70.82,21.72,56.47,77.68,87.03,8.24,8.24,19306,46,48.6,43.36,6.88,11.18,0.2,33.54
Mesa Airlines Inc.,YV,2018,11,18465,10.96,18.38,21.13,10.53,85.94,7.36,220,1.19,44,0.23,4140,58.35,22.81,51.95,65.33,88.19,8.06,8.06,18465,44,50.96,36.24,3.6,8.71,0.07,28.1
Mesa Airlines Inc.,YV,2018,12,18578,13.23,18.12,25.4,11.23,86.18,7.35,432,2.32,41,0.22,3965,69.84,21.73,65.43,74.64,90.42,8.22,8.22,18578,41,48.24,37.9,6.36,10.99,0.09,29.88
Mesa Airlines Inc.,YV,2019,1,18346,8.8,18.09,22.13,5.96,86.41,7.45,477,2.6,40,0.21,3310,62.43,23.25,60.45,67.26,88.42,8.24,8.24,18346,40,35.18,40.12,5.09,9.97,0.13,25.6
Mesa Airlines Inc.,YV,2019,2,16523,14.39,18.7,26.69,13.15,86.57,7.49,566,3.42,44,0.26,3967,66.8,23.47,64.86,73.44,90.8,8.29,8.29,16523,44,41.8,39.87,6.21,11.54,0.05,29.74
Mesa Airlines Inc.,YV,2019,3,18850,9.84,17.67,23.13,7.52,85.6,7.31,429,2.27,29,0.15,3586,63.71,21.58,64.42,68.3,87.82,7.95,7.95,18850,29,38.27,37.17,3.72,9.89,0.07,28.84
Mesa Airlines Inc.,YV,2019,4,18190,11.3,17.0,23.34,7.93,86.94,7.05,479,2.63,54,0.29,3186,78.65,20.9,72.89,83.7,93.79,7.61,7.61,18190,54,42.63,40.9,12.04,9.73,0.05,36.63
Mesa Airlines Inc.,YV,2019,5,19594,15.86,16.76,22.96,12.89,85.35,7.22,976,4.98,78,0.39,3980,84.44,20.58,61.24,90.03,89.44,8.13,8.13,19594,78,46.27,50.0,15.5,13.22,0.06,37.27
Mesa Airlines Inc.,YV,2019,6,19924,21.94,17.39,22.51,20.14,82.64,7.41,1066,5.35,60,0.3,5147,86.78,21.51,53.46,92.0,84.46,8.07,8.07,19924,60,48.85,48.49,9.0,11.45,0.07,43.55
Mesa Airlines Inc.,YV,2019,7,20128,13.24,16.95,20.98,9.76,82.24,7.52,639,3.17,49,0.24,4065,74.82,20.7,60.45,77.77,84.7,8.32,8.32,20128,49,51.15,60.27,6.86,11.99,0.04,34.01
Mesa Airlines Inc.,YV,2019,8,20107,16.38,17.24,21.44,12.54,82.52,7.39,730,3.63,49,0.24,4465,81.55,20.47,57.84,83.09,83.83,7.95,7.95,20107,49,60.44,49.65,5.15,10.71,0.12,38.45
Mesa Airlines Inc.,YV,2019,9,19101,9.18,16.99,20.26,3.89,81.56,7.2,548,2.86,61,0.31,3063,75.59,20.83,72.92,77.01,84.01,7.79,7.79,19101,61,49.51,40.92,5.65,9.21,0.03,33.74
Mesa Airlines Inc.,YV,2019,10,19762,15.87,17.71,22.87,12.36,82.25,7.42,393,1.98,38,0.19,4424,80.61,21.68,64.54,84.64,86.01,8.06,8.06,19762,38,52.29,40.26,4.55,13.01,0.04,39.53
Mesa Airlines Inc.,YV,2019,11,18573,8.68,17.69,16.78,3.99,83.32,7.33,108,0.58,33,0.17,2987,72.72,22.29,62.23,75.1,83.58,7.77,7.77,18573,33,29.58,37.38,1.82,7.52,0.07,34.12
Mesa Airlines Inc.,YV,2019,12,18845,19.51,18.0,26.11,15.15,85.37,7.51,298,1.58,58,0.3,4522,87.25,21.26,68.08,88.97,84.11,8.07,8.07,18845,58,47.38,37.75,3.73,6.75,0.07,46.9
Mesa Airlines Inc.,YV,2020,1,17836,10.03,18.22,22.0,5.85,88.22,7.42,295,1.65,68,0.38,3118,72.98,22.61,66.03,76.89,89.08,8.18,8.18,17836,68,39.87,41.7,7.6,9.28,0.09,33.34
Mesa Airlines Inc.,YV,2020,2,16680,8.41,18.38,20.38,4.34,90.7,7.44,89,0.53,40,0.23,2681,71.65,22.88,68.21,75.65,93.51,8.13,8.13,16680,40,42.48,31.07,3.07,11.27,0.06,24.64
Mesa Airlines Inc.,YV,2020,3,18273,5.66,17.03,15.71,1.32,91.92,7.15,3011,16.47,28,0.15,2247,70.59,21.32,60.54,75.39,92.94,7.75,7.75,18273,28,55.74,31.9,3.27,16.92,0.02,25.97
Mesa Airlines Inc.,YV,2020,4,9157,-4.63,14.04,8.09,-13.24,84.3,6.5,3691,40.3,6,0.06,310,58.0,17.88,52.66,61.27,92.55,7.9,7.9,9157,6,19.37,34.0,4.02,12.61,0.2,7.65
Mesa Airlines Inc.,YV,2020,5,6945,-1.56,14.85,12.42,-10.09,80.5,6.62,262,3.77,19,0.27,404,58.83,18.33,62.91,61.3,85.52,7.48,7.48,6945,19,27.47,29.77,3.38,10.7,0.05,12.91
Mesa Airlines Inc.,YV,2020,6,5042,1.14,14.99,15.85,-1.97,82.96,6.98,5,0.09,7,0.13,501,54.0,21.08,72.21,62.68,87.86,7.86,7.86,5042,7,39.28,24.18,15.79,15.71,0.15,8.04
Mesa Airlines Inc.,YV,2020,7,9117,6.96,15.65,21.82,5.03,86.93,7.31,102,1.11,13,0.14,1202,85.74,20.17,99.93,93.79,89.44,8.77,8.77,9117,13,35.46,32.22,6.13,23.34,0.14,16.45
Mesa Airlines Inc.,YV,2020,8,9972,-0.79,15.76,14.36,-3.55,88.19,7.13,296,2.96,19,0.19,908,43.11,24.13,60.91,55.88,89.26,8.61,8.61,9972,19,57.57,33.79,8.73,16.7,0.01,10.87
Mesa Airlines Inc.,YV,2020,9,10712,1.64,16.38,16.25,-4.65,92.87,6.96,117,1.09,21,0.19,959,60.88,21.54,62.9,66.87,89.25,8.0,8.0,10712,21,61.95,32.72,10.57,16.08,0.03,18.05
Mesa Airlines Inc.,YV,2020,10,9806,4.41,16.58,18.93,-1.26,89.55,7.11,57,0.58,20,0.2,1116,69.46,23.11,74.51,76.38,87.14,8.57,8.57,9806,20,38.0,31.32,8.82,21.15,0.0,25.16
Mesa Airlines Inc.,YV,2020,11,11004,3.39,17.49,17.84,-2.54,90.6,7.55,137,1.24,11,0.09,1238,63.41,24.66,61.33,68.86,82.12,9.1,9.1,11004,11,46.25,38.06,3.16,10.8,0.01,27.33
Mesa Airlines Inc.,YV,2020,12,11659,7.48,18.8,23.52,1.67,93.34,7.63,188,1.61,28,0.24,1837,64.19,25.2,72.15,69.8,88.25,9.66,9.66,11659,28,35.27,38.45,4.17,20.0,0.13,22.66
Mesa Airlines Inc.,YV,2021,1,11232,3.88,18.33,19.48,-4.08,98.47,7.46,172,1.53,16,0.14,1302,68.98,26.59,72.36,74.39,91.96,9.31,9.31,11232,16,24.14,34.44,11.02,21.29,0.07,15.72
Mesa Airlines Inc.,YV,2021,2,10191,9.62,19.0,26.1,3.42,101.43,7.9,1508,14.79,16,0.15,1457,75.61,28.7,89.49,82.74,99.1,9.44,9.44,10191,16,46.28,46.17,16.39,22.07,0.04,22.7
Mesa Airlines Inc.,YV,2021,3,12580,5.17,17.3,19.23,-2.66,99.46,7.81,133,1.05,38,0.3,1593,65.48,22.86,63.04,68.41,97.81,9.15,9.15,12580,38,42.28,34.21,4.75,17.88,0.11,20.49
Mesa Airlines Inc.,YV,2021,4,12531,6.67,17.28,20.95,-0.04,94.03,7.74,89,0.71,25,0.19,1757,69.21,23.2,71.1,74.13,91.24,8.71,8.71,12531,25,57.76,33.44,4.14,17.01,0.16,28.87
Mesa Airlines Inc.,YV,2021,5,13095,15.23,17.15,25.66,10.01,95.31,8.08,229,1.74,66,0.5,2521,88.79,21.8,76.9,94.63,90.67,9.44,9.44,13095,66,50.44,45.65,17.01,25.8,0.06,28.5
Mesa Airlines Inc.,YV,2021,6,14263,23.49,16.71,26.06,20.62,95.3,8.6,309,2.16,65,0.45,3919,87.57,19.73,56.97,92.35,93.85,10.36,10.36,14263,65,41.72,44.68,13.19,19.68,0.09,34.13
Mesa Airlines Inc.,YV,2021,7,15755,27.86,17.12,27.98,25.33,95.14,8.85,409,2.59,67,0.42,4905,89.55,20.07,56.78,93.81,93.77,10.21,10.21,15755,67,45.94,44.02,12.21,10.05,0.03,43.19
Mesa Airlines Inc.,YV,2021,8,15619,19.99,16.93,23.18,16.79,95.88,8.73,464,2.97,68,0.43,3781,85.46,20.55,59.16,90.42,96.4,10.61,10.61,15619,68,40.75,51.02,12.79,11.33,0.03,33.9
Mesa Airlines Inc.,YV,2021,9,13812,7.22,16.56,20.51,1.79,94.52,8.18,160,1.15,23,0.16,1989,65.45,20.72,63.73,68.67,93.83,9.9,9.9,13812,23,37.08,34.45,7.32,8.69,0.03,24.41
Mesa Airlines Inc.,YV,2021,10,14610,15.62,16.7,23.86,10.01,92.95,8.41,299,2.04,38,0.26,3082,78.85,19.52,66.14,80.37,93.43,9.91,9.91,14610,38,34.9,43.29,5.93,8.54,0.06,28.39
Mesa Airlines Inc.,YV,2021,11,13454,15.45,16.96,22.47,6.68,91.26,7.97,282,2.09,20,0.14,2456,88.8,19.23,65.83,86.02,88.97,8.77,8.77,13454,20,43.71,38.56,1.78,5.13,0.14,36.97
Mesa Airlines Inc.,YV,2021,12,12702,19.32,17.24,27.51,10.53,94.3,7.85,764,6.01,29,0.22,2494,93.32,19.57,74.21,90.04,93.53,8.48,8.48,12702,29,42.63,38.86,2.69,4.73,0.52,35.5
Mesa Airlines Inc.,YV,2022,1,11404,18.96,17.74,30.16,11.15,96.36,8.15,1456,12.76,28,0.24,2201,90.92,21.62,83.11,90.55,97.8,9.82,9.82,11404,28,43.96,37.24,4.82,13.98,0.05,21.39
Mesa Airlines Inc.,YV,2022,2,9881,15.75,17.78,27.55,8.58,97.15,7.57,679,6.87,17,0.17,1807,85.42,22.33,77.47,86.63,100.49,8.57,8.57,9881,17,31.17,44.36,7.7,11.64,0.07,21.51
Mesa Airlines Inc.,YV,2022,3,9816,12.42,16.92,23.27,5.21,98.32,7.58,99,1.0,25,0.25,1594,85.45,21.0,69.41,88.33,105.93,8.85,8.85,9816,25,40.51,35.44,9.24,14.16,0.1,20.52
Mesa Airlines Inc.,YV,2022,4,10369,8.87,16.43,20.38,2.83,89.03,7.42,106,1.02,28,0.27,1502,76.3,20.45,64.16,79.27,92.63,8.53,8.53,10369,28,50.43,37.54,6.98,11.8,0.07,22.1
Mesa Airlines Inc.,YV,2022,5,11037,16.43,16.12,25.2,9.32,90.38,7.6,242,2.19,20,0.18,2102,94.14,18.91,75.38,94.1,91.18,8.32,8.32,11037,20,42.54,43.88,5.84,11.27,0.08,32.76
Mesa Airlines Inc.,YV,2022,6,9908,19.92,16.16,24.94,13.63,88.91,8.05,216,2.18,20,0.2,2122,96.98,18.54,65.31,96.62,89.46,9.33,9.33,9908,20,43.43,40.98,8.36,8.41,0.16,35.22
Mesa Airlines Inc.,YV,2022,7,9599,17.93,16.16,22.11,10.88,90.11,8.01,200,2.08,19,0.19,1980,92.37,19.21,57.77,92.13,91.16,9.03,9.03,9599,19,40.05,38.72,6.29,8.12,0.04,33.68
Mesa Airlines Inc.,YV,2022,8,8895,23.17,16.76,27.21,17.41,93.91,8.09,385,4.32,51,0.57,2183,95.62,20.22,69.01,97.89,94.71,9.23,9.23,8895,51,61.3,39.77,9.11,11.54,0.05,38.29
Mesa Airlines Inc.,YV,2022,9,8590,13.15,16.37,22.38,5.4,91.96,7.94,88,1.02,22,0.25,1460,89.81,20.3,69.68,90.07,89.78,8.73,8.73,8590,22,53.21,35.0,5.95,9.87,0.21,36.28
Mesa Airlines Inc.,YV,2022,10,8702,13.13,16.74,23.45,7.03,83.29,7.62,109,1.25,21,0.24,1443,92.81,20.9,75.79,94.98,80.66,8.47,8.47,8702,21,57.78,35.75,5.71,11.79,0.01,36.02
Mesa Airlines Inc.,YV,2022,11,8622,11.23,17.49,22.78,5.83,82.88,7.38,89,1.03,21,0.24,1506,76.25,22.18,75.49,79.68,86.86,8.38,8.38,8622,21,36.54,38.22,6.58,13.88,0.03,27.77
Mesa Airlines Inc.,YV,2022,12,7996,21.48,18.3,30.28,16.1,84.01,7.52,141,1.76,32,0.4,1916,90.31,22.74,77.73,93.57,86.84,8.5,8.5,7996,32,43.58,44.2,8.15,10.22,0.07,38.4
Mesa Airlines Inc.,YV,2023,1,7892,15.15,18.09,27.05,9.51,82.12,7.41,175,2.21,28,0.35,1556,84.76,23.6,78.75,88.5,88.75,8.21,8.21,7892,28,54.85,43.91,8.56,14.36,0.06,33.72
Mesa Airlines Inc.,YV,2023,2,8148,16.24,17.97,28.77,11.25,77.98,7.68,204,2.5,16,0.19,1864,77.21,22.04,76.08,79.79,78.86,8.57,8.57,8148,16,35.42,37.13,1.68,8.95,0.02,40.59
Mesa Airlines Inc.,YV,2023,3,7927,14.9,18.16,28.59,10.22,82.59,7.81,123,1.55,22,0.27,1707,75.08,22.75,77.59,79.34,86.77,8.87,8.87,7927,22,64.08,39.14,2.82,11.4,0.02,34.08
Mesa Airlines Inc.,YV,2023,4,7164,27.65,18.31,38.28,23.72,81.81,8.46,222,3.09,33,0.46,2142,90.59,22.11,88.5,94.96,86.0,9.36,9.36,7164,33,37.54,46.02,3.19,11.56,0.54,46.8
Mesa Airlines Inc.,YV,2023,5,7653,32.27,16.93,41.13,26.28,79.18,8.16,327,4.27,44,0.57,2239,106.29,19.04,98.96,107.03,82.22,9.79,9.79,7653,44,48.93,38.08,5.13,10.69,0.0,55.17
Mesa Airlines Inc.,YV,2023,6,6846,30.49,17.39,35.79,25.36,85.53,7.83,218,3.18,30,0.43,2068,97.1,20.07,78.88,98.21,87.73,9.23,9.23,6846,30,41.9,51.07,4.27,11.36,0.03,46.74
Mesa Airlines Inc.,YV,2023,7,6696,36.32,16.98,34.67,29.7,83.69,8.11,273,4.07,38,0.56,2077,110.21,19.3,72.67,109.08,86.92,9.77,9.77,6696,38,48.74,49.08,5.05,9.54,0.0,54.08
Mesa Airlines Inc.,YV,2023,8,7051,17.39,16.42,25.37,9.43,78.89,7.61,52,0.73,25,0.35,1364,94.75,19.21,71.74,92.72,80.56,9.0,9.0,7051,25,35.76,35.46,1.3,7.04,0.0,48.82
Mesa Airlines Inc.,YV,2023,9,6930,23.24,17.57,26.35,17.14,75.24,7.99,126,1.81,20,0.28,1578,106.29,20.94,65.19,107.51,75.73,10.14,10.14,6930,20,47.66,54.06,6.42,15.4,0.06,52.17
Mesa Airlines Inc.,YV,2023,10,7335,22.39,18.03,29.16,16.0,78.04,7.62,20,0.27,11,0.14,1672,104.31,21.91,77.14,104.24,77.47,7.92,7.92,7335,11,41.5,41.92,1.79,7.8,0.0,61.64
Mesa Airlines Inc.,YV,2023,11,7625,12.38,17.46,24.55,3.08,78.35,7.72,11,0.14,8,0.1,1135,96.27,21.42,84.7,93.45,77.77,8.72,8.72,7625,8,35.62,35.76,0.91,6.44,0.0,50.24
Mesa Airlines Inc.,YV,2023,12,7412,17.08,17.42,26.53,7.56,80.58,7.51,16,0.21,20,0.26,1288,107.09,21.49,82.75,103.6,80.75,8.21,8.21,7412,20,36.85,43.03,1.06,6.03,0.0,66.58
Mesa Airlines Inc.,YV,2024,1,7180,27.99,18.96,34.23,20.88,82.72,8.0,364,5.06,22,0.3,1737,113.63,24.4,88.3,115.8,84.89,9.39,9.39,7180,22,34.69,43.72,6.04,11.57,0.0,64.82
Mesa Airlines Inc.,YV,2024,2,7516,11.86,17.29,25.07,2.44,80.53,7.79,30,0.39,8,0.1,1170,90.3,23.02,87.48,90.35,84.02,9.08,9.08,7516,8,29.0,44.15,1.84,8.48,0.0,46.35
Mesa Airlines Inc.,YV,2024,3,7906,17.43,17.05,29.27,7.69,83.08,7.84,95,1.2,30,0.37,1541,94.54,20.85,90.16,93.17,87.07,9.32,9.32,7906,30,57.7,36.68,2.84,9.39,0.0,47.42
Mesa Airlines Inc.,YV,2024,4,7731,12.84,16.88,26.17,4.69,82.66,8.01,40,0.51,24,0.31,1375,81.81,20.76,82.67,82.92,86.69,8.74,8.74,7731,24,35.68,42.23,4.51,10.05,0.0,41.79
Mesa Airlines Inc.,YV,2024,5,8283,28.08,17.68,34.49,23.67,79.14,9.41,524,6.32,45,0.54,2108,105.38,21.35,86.43,112.98,85.03,13.5,13.5,8283,45,63.48,58.62,15.2,17.35,0.0,49.28
Mesa Airlines Inc.,YV,2024,6,8062,19.86,17.12,28.81,14.3,81.92,8.87,135,1.67,45,0.55,1847,88.87,20.15,74.72,91.4,85.2,10.98,10.98,8062,45,64.19,45.11,7.96,9.92,0.0,44.35
Mesa Airlines Inc.,YV,2024,7,7926,32.09,18.38,36.51,28.16,83.31,9.37,501,6.32,36,0.45,2509,95.46,21.67,75.81,99.47,84.22,11.75,11.75,7926,36,54.68,50.37,6.92,12.95,0.0,47.65
Mesa Airlines Inc.,YV,2024,8,7975,12.54,17.0,21.03,5.44,79.75,8.44,117,1.46,30,0.37,1334,84.39,21.5,56.25,86.55,80.25,11.08,11.08,7975,30,72.93,45.39,5.88,12.84,0.02,34.74
Mesa Airlines Inc.,YV,2024,9,7561,3.53,17.33,18.76,-3.48,79.59,8.16,16,0.21,16,0.21,856,60.0,21.32,62.83,60.8,79.41,9.83,9.83,7561,16,43.12,37.35,2.74,8.14,0.0,26.27
Mesa Airlines Inc.,YV,2024,10,7238,2.48,16.76,18.44,-5.5,79.34,8.33,1,0.01,4,0.05,651,69.06,19.91,80.13,68.35,78.88,10.36,10.36,7238,4,52.0,36.18,0.62,7.3,0.0,36.37
Mesa Airlines Inc.,YV,2024,11,6763,2.9,17.24,18.66,-5.45,85.26,8.32,2,0.02,11,0.16,701,59.04,22.99,73.82,62.07,85.9,10.06,10.06,6763,11,64.72,40.3,2.25,10.1,0.0,25.21
Mesa Airlines Inc.,YV,2024,12,6801,11.5,18.49,25.55,6.43,83.48,8.92,76,1.11,20,0.29,1192,75.14,24.97,77.16,83.2,86.36,12.11,12.11,6801,20,51.22,53.2,9.86,17.34,0.0,35.09
Mesa Airlines Inc.,YV,2025,1,6628,8.53,19.88,25.55,2.68,88.7,8.96,480,7.24,25,0.37,1110,59.4,29.77,73.61,69.98,94.64,11.76,11.76,6628,25,60.0,52.39,5.86,16.23,0.0,25.66
Mesa Airlines Inc.,YV,2025,2,6055,9.86,18.47,23.51,1.91,89.73,8.7,61,1.0,25,0.41,1023,71.06,27.96,70.88,78.37,94.75,10.95,10.95,6055,25,47.92,52.19,9.01,14.28,0.0,31.19
Mesa Airlines Inc.,YV,2025,3,7121,10.97,17.3,21.72,2.73,93.94,8.72,58,0.81,17,0.23,1142,81.92,22.09,68.71,84.04,95.17,10.28,10.28,7121,17,35.52,45.83,4.18,10.18,0.0,37.83
Mesa Airlines Inc.,YV,2025,4,6772,8.93,17.46,19.99,1.57,90.75,8.69,20,0.29,18,0.26,1095,69.75,22.92,53.22,75.0,94.46,11.07,11.07,6772,18,55.77,43.1,7.18,14.19,0.0,32.29
Mesa Airlines Inc.,YV,2025,5,7084,16.08,17.4,23.89,10.31,92.66,9.62,177,2.49,23,0.32,1472,81.76,23.04,60.79,90.05,96.02,13.42,13.42,7084,23,36.12,94.16,9.52,18.76,0.11,37.81
Mesa Airlines Inc.,YV,2025,6,7258,30.71,17.52,30.21,25.94,90.45,10.69,274,3.77,45,0.62,2211,97.84,21.06,62.89,103.58,93.96,14.35,14.35,7258,45,75.76,48.65,11.94,19.28,0.0,45.91
Mesa Airlines Inc.,YV,2025,7,7158,19.98,17.02,24.39,13.63,94.06,10.12,184,2.57,30,0.41,1647,87.54,20.68,55.76,92.42,96.96,15.07,15.07,7158,30,59.33,65.58,11.62,21.29,0.0,36.92
Mesa Airlines Inc.,YV,2025,8,6748,11.18,16.92,23.62,3.67,94.7,9.1,7,0.1,11,0.16,1305,66.76,21.13,64.72,68.18,98.77,11.45,11.45,6748,11,34.9,44.58,5.92,12.71,0.0,28.94
Mesa Airlines Inc.,YV,2025,9,6383,2.98,16.02,15.62,-6.15,91.05,8.54,0,0.0,11,0.17,564,70.51,19.57,51.79,70.09,91.23,10.94,10.94,6383,11,33.72,40.44,2.87,8.15,0.0,36.95
Mesa Airlines Inc.,YV,2025,10,6552,4.72,17.4,19.92,-1.6,93.18,8.83,2,0.03,7,0.1,852,58.28,23.55,64.93,63.54,92.26,10.35,10.35,6552,7,32.85,40.14,0.95,16.24,0.0,27.09
Mesa Airlines Inc.,YV,2025,11,6220,7.27,17.66,21.63,-0.42,94.08,8.88,142,2.28,8,0.12,945,62.96,25.0,71.2,67.94,94.9,10.92,10.92,6220,8,74.37,41.76,4.41,18.15,0.0,24.53
PSA Airlines Inc.,OH,2018,1,22210,13.79,17.7,28.26,10.64,65.43,8.35,1553,6.99,56,0.25,5007,59.99,21.94,69.56,62.86,66.12,8.35,8.35,22210,56,45.66,45.17,3.27,9.27,0.13,32.15
PSA Airlines Inc.,OH,2018,2,20546,15.44,17.43,28.45,12.49,65.44,8.3,550,2.67,77,0.37,5106,64.47,20.56,68.39,66.01,66.13,8.45,8.45,20546,77,51.45,45.79,5.28,8.17,0.12,37.17
PSA Airlines Inc.,OH,2018,3,23295,9.0,17.11,22.43,5.6,64.42,8.27,1231,5.28,43,0.18,4444,50.74,20.95,53.55,52.9,64.9,8.48,8.48,23295,43,49.54,35.65,1.92,7.55,0.05,26.22
PSA Airlines Inc.,OH,2018,4,23303,9.25,17.25,23.52,6.41,63.11,8.19,454,1.94,60,0.25,4293,56.3,21.17,61.72,59.04,65.28,7.82,7.82,23303,60,59.45,32.62,2.45,9.34,0.16,30.11
PSA Airlines Inc.,OH,2018,5,23871,13.99,17.17,23.93,10.91,63.2,8.56,557,2.33,82,0.34,5332,65.95,20.95,55.58,69.01,63.0,9.21,9.21,23871,82,63.23,47.46,6.02,11.99,0.08,34.25
PSA Airlines Inc.,OH,2018,6,23761,22.04,16.63,29.27,18.81,62.82,9.05,3300,13.88,63,0.26,5750,79.98,19.19,66.37,81.73,62.86,9.96,9.96,23761,63,53.33,44.89,4.57,10.44,0.07,38.01
PSA Airlines Inc.,OH,2018,7,24352,14.97,16.67,23.87,11.29,62.73,8.92,628,2.57,98,0.4,5605,66.27,20.83,54.48,69.18,63.62,9.44,9.44,24352,98,62.24,52.6,6.5,12.46,0.07,34.95
PSA Airlines Inc.,OH,2018,8,24387,14.74,16.81,21.54,11.18,63.54,9.31,555,2.27,75,0.3,5722,66.15,21.21,46.6,71.23,63.65,11.17,11.17,24387,75,58.22,48.37,6.7,14.38,0.03,34.2
PSA Airlines Inc.,OH,2018,9,22942,8.48,16.55,18.59,3.72,65.12,8.59,1224,5.33,73,0.31,3799,62.03,20.87,46.14,65.12,65.17,10.11,10.11,22942,73,54.03,43.33,5.48,12.16,0.06,31.69
PSA Airlines Inc.,OH,2018,10,23971,6.07,15.99,19.79,0.65,65.39,8.37,441,1.83,69,0.28,3209,60.16,20.08,63.64,61.77,68.4,8.39,8.39,23971,69,62.4,37.86,2.03,9.18,0.05,29.98
PSA Airlines Inc.,OH,2018,11,22769,9.59,16.94,21.82,5.38,66.86,8.36,358,1.57,55,0.24,4025,60.74,21.64,60.92,63.42,69.4,8.46,8.46,22769,55,38.64,42.85,1.93,9.17,0.08,34.12
PSA Airlines Inc.,OH,2018,12,23063,8.22,16.69,22.41,3.1,66.91,8.14,1019,4.41,52,0.22,3876,54.76,20.5,61.14,56.78,69.26,8.85,8.85,23063,52,56.86,31.82,2.38,8.73,0.14,28.18
PSA Airlines Inc.,OH,2019,1,23170,6.57,17.48,22.01,1.64,66.21,8.04,751,3.24,49,0.21,3476,55.16,23.44,67.83,58.77,69.39,8.05,8.05,23170,49,31.95,43.82,3.13,9.96,0.1,26.95
PSA Airlines Inc.,OH,2019,2,21465,11.99,17.58,25.66,7.05,66.39,8.18,1013,4.71,86,0.4,4306,63.35,22.36,67.66,66.04,68.74,8.53,8.53,21465,86,37.85,39.05,3.45,8.99,0.07,34.53
PSA Airlines Inc.,OH,2019,3,24448,8.19,16.77,22.11,3.07,66.17,8.04,414,1.69,41,0.16,4060,57.6,20.31,61.24,58.3,68.59,8.26,8.26,24448,41,51.14,35.53,0.85,7.61,0.09,29.22
PSA Airlines Inc.,OH,2019,4,23984,14.09,17.77,25.73,10.36,65.97,8.73,550,2.29,86,0.35,5326,69.54,21.08,64.12,72.48,68.2,9.87,9.87,23984,86,67.37,50.4,6.43,11.36,0.07,38.92
PSA Airlines Inc.,OH,2019,5,24783,9.19,18.3,22.4,5.8,65.45,8.45,523,2.11,78,0.31,4275,65.51,22.92,60.48,69.81,67.27,9.08,9.08,24783,78,68.52,48.53,5.1,13.86,0.06,33.74
PSA Airlines Inc.,OH,2019,6,24681,13.39,18.58,23.03,10.89,66.23,8.56,502,2.03,100,0.4,5501,67.17,23.13,51.56,71.8,67.94,9.12,9.12,24681,100,55.99,51.27,4.83,13.1,0.07,36.44
PSA Airlines Inc.,OH,2019,7,25249,12.93,18.57,24.42,9.41,65.51,8.55,846,3.35,88,0.34,5162,70.87,23.23,61.46,75.24,65.66,9.08,9.08,25249,88,66.75,55.81,6.63,14.3,0.06,36.74
PSA Airlines Inc.,OH,2019,8,25452,15.2,19.52,23.93,12.37,65.26,8.95,956,3.75,89,0.34,5943,71.3,24.63,52.08,77.38,65.51,10.16,10.16,25452,89,59.84,55.29,6.95,14.41,0.06,39.63
PSA Airlines Inc.,OH,2019,9,23683,5.99,19.03,21.54,0.75,64.76,8.59,475,2.0,47,0.19,3370,65.13,23.17,64.81,65.79,64.82,8.34,8.34,23683,47,50.81,40.09,2.24,8.57,0.08,35.07
PSA Airlines Inc.,OH,2019,10,24518,7.86,19.53,25.5,3.94,65.76,8.51,316,1.28,51,0.2,4409,58.16,23.67,72.04,60.04,65.87,7.97,7.97,24518,51,50.82,36.95,1.86,8.26,0.08,33.55
PSA Airlines Inc.,OH,2019,11,23606,9.18,19.52,24.04,3.97,66.37,8.61,207,0.87,44,0.18,4137,67.18,23.48,69.43,67.65,66.58,8.22,8.22,23606,44,52.12,38.23,0.67,6.95,0.11,38.04
PSA Airlines Inc.,OH,2019,12,24282,13.54,20.43,27.34,10.64,67.29,8.9,273,1.12,72,0.29,5772,63.64,24.65,61.85,68.09,68.69,8.97,8.97,24282,72,59.5,47.77,2.18,10.06,0.06,38.16
PSA Airlines Inc.,OH,2020,1,24311,10.99,20.52,25.29,7.83,68.12,8.8,262,1.07,48,0.19,5168,63.94,24.59,59.83,67.6,69.3,8.68,8.68,24311,48,45.94,40.43,1.63,8.61,0.09,36.55
PSA Airlines Inc.,OH,2020,2,22902,20.62,21.06,29.79,17.74,68.5,8.88,1051,4.58,94,0.41,6231,79.5,25.08,63.22,83.21,68.89,9.23,9.23,22902,94,61.7,48.85,3.75,10.69,0.03,48.17
PSA Airlines Inc.,OH,2020,3,25217,4.09,18.95,19.44,-0.19,68.64,7.88,3585,14.21,36,0.14,3263,59.88,23.7,59.76,63.26,70.93,7.99,7.99,25217,36,49.17,35.41,0.91,9.22,0.06,32.33
PSA Airlines Inc.,OH,2020,4,18155,-2.96,14.81,10.17,-16.2,67.7,5.88,8657,47.68,10,0.05,504,76.71,18.87,64.15,73.1,74.9,6.23,6.23,18155,10,36.37,26.44,4.17,5.93,0.38,17.17
PSA Airlines Inc.,OH,2020,5,8678,-1.4,16.01,14.44,-13.52,66.59,5.87,135,1.55,15,0.17,465,68.54,20.41,85.86,64.09,69.13,6.04,6.04,8678,15,50.53,28.29,4.2,5.21,0.2,17.12
PSA Airlines Inc.,OH,2020,6,9330,0.44,16.85,16.82,-6.22,66.42,6.13,21,0.22,27,0.28,730,62.42,20.34,76.85,64.59,69.39,7.83,7.83,9330,27,51.66,33.45,7.22,7.86,0.24,21.42
PSA Airlines Inc.,OH,2020,7,13936,4.98,18.64,21.96,2.18,65.69,7.88,33,0.23,56,0.4,1885,65.71,23.76,77.25,75.6,67.04,12.51,12.51,13936,56,67.05,42.59,14.77,16.08,0.15,25.32
PSA Airlines Inc.,OH,2020,8,14671,3.13,19.62,21.73,1.52,66.32,7.64,117,0.79,49,0.33,2150,50.56,26.13,69.99,60.96,67.75,9.77,9.77,14671,49,66.26,35.26,9.12,14.96,0.12,21.49
PSA Airlines Inc.,OH,2020,9,13378,-1.43,19.23,17.57,-3.83,65.89,7.31,124,0.92,13,0.09,1074,41.95,26.01,65.29,51.13,70.42,7.46,7.46,13378,13,59.0,34.46,2.63,12.36,0.47,17.72
PSA Airlines Inc.,OH,2020,10,14081,-0.14,19.84,18.88,-2.38,64.72,7.69,44,0.31,30,0.21,1357,46.29,26.68,64.49,55.01,70.43,7.93,7.93,14081,30,61.87,30.3,3.21,12.44,0.15,19.02
PSA Airlines Inc.,OH,2020,11,13672,-0.9,19.87,18.01,-5.3,67.07,7.79,15,0.1,27,0.19,1132,51.19,26.14,65.89,56.88,70.85,7.89,7.89,13672,27,63.96,32.14,2.93,11.16,0.29,20.06
PSA Airlines Inc.,OH,2020,12,14291,1.03,21.2,20.11,-3.1,67.28,8.08,64,0.44,17,0.11,1393,56.65,28.8,63.74,62.43,68.44,7.97,7.97,14291,17,47.0,32.65,3.91,11.07,0.31,21.15
PSA Airlines Inc.,OH,2021,1,12615,3.01,22.18,24.61,-2.07,67.14,8.49,373,2.95,16,0.12,1464,65.46,30.23,90.78,71.26,67.25,8.8,8.8,12615,16,40.72,38.74,3.75,16.14,0.17,22.67
PSA Airlines Inc.,OH,2021,2,11493,3.66,23.02,25.78,-0.75,67.24,8.69,354,3.08,32,0.27,1498,55.12,33.48,81.88,64.31,70.44,9.59,9.59,11493,32,71.24,43.46,9.59,14.26,0.18,22.45
PSA Airlines Inc.,OH,2021,3,15945,1.36,22.06,22.07,-5.93,66.44,9.29,21,0.13,58,0.36,1508,57.94,31.29,74.91,63.72,68.52,9.96,9.96,15945,58,83.67,34.87,7.44,14.51,0.24,26.24
PSA Airlines Inc.,OH,2021,4,18093,-1.17,21.15,19.25,-7.11,66.16,9.36,8,0.04,10,0.05,1224,45.93,27.5,62.84,50.48,71.22,9.32,9.32,18093,10,51.7,28.24,1.27,9.83,0.65,14.55
PSA Airlines Inc.,OH,2021,5,20681,3.71,20.64,20.9,-1.25,66.96,8.71,105,0.5,42,0.2,2292,68.78,25.94,64.57,71.98,69.86,9.52,9.52,20681,42,64.53,31.75,5.7,10.78,0.13,30.32
PSA Airlines Inc.,OH,2021,6,20396,10.29,20.48,21.95,6.55,68.0,8.72,146,0.71,47,0.23,3909,65.9,26.12,46.35,71.34,70.1,9.89,9.89,20396,47,76.32,47.55,7.24,13.33,0.19,29.56
PSA Airlines Inc.,OH,2021,7,21269,12.41,20.78,22.3,8.76,68.15,8.77,368,1.73,73,0.34,4433,68.2,26.14,43.68,73.36,70.46,9.77,9.77,21269,73,56.98,48.26,6.48,12.38,0.09,33.37
PSA Airlines Inc.,OH,2021,8,21381,11.85,20.6,22.04,8.78,68.37,8.76,538,2.51,75,0.35,4260,71.91,26.0,47.22,78.94,71.29,10.63,10.63,21381,75,63.11,49.42,8.11,14.2,0.17,34.75
PSA Airlines Inc.,OH,2021,9,19622,3.29,20.25,20.94,-0.36,66.76,8.37,202,1.02,38,0.19,2396,61.58,26.62,67.17,67.69,68.72,9.29,9.29,19622,38,66.12,47.18,4.38,13.52,0.36,28.31
PSA Airlines Inc.,OH,2021,10,20867,3.71,20.14,21.15,-1.18,68.3,8.14,40,0.19,47,0.22,2440,64.02,24.89,66.49,66.9,71.34,8.93,8.93,20867,47,60.38,36.78,2.31,9.65,0.18,31.54
PSA Airlines Inc.,OH,2021,11,19729,5.09,20.39,20.95,-0.64,69.34,8.43,51,0.25,16,0.08,2691,61.34,24.1,59.22,64.49,71.23,10.0,10.0,19729,16,44.05,30.96,0.73,8.34,0.29,32.9
PSA Airlines Inc.,OH,2021,12,20535,7.34,21.0,24.26,2.88,69.89,8.57,72,0.35,49,0.23,3587,57.35,25.16,59.63,61.89,73.19,10.25,10.25,20535,49,46.39,34.91,2.64,9.23,0.19,28.19
PSA Airlines Inc.,OH,2022,1,20541,14.82,22.19,27.46,10.69,68.83,8.71,2242,10.91,37,0.18,4231,77.34,27.3,64.14,82.79,70.91,10.57,10.57,20541,37,43.42,49.37,7.45,11.9,0.09,39.38
PSA Airlines Inc.,OH,2022,2,18896,13.15,21.45,27.38,9.27,69.28,7.97,657,3.47,41,0.21,4137,70.48,26.19,64.99,74.03,71.49,8.47,8.47,18896,41,45.08,39.54,2.5,9.15,0.17,39.21
PSA Airlines Inc.,OH,2022,3,19525,11.61,20.53,25.67,7.35,69.62,8.08,368,1.88,72,0.36,3898,69.03,24.93,62.58,74.05,73.49,8.7,8.7,19525,72,70.07,42.91,3.41,11.01,0.25,38.49
PSA Airlines Inc.,OH,2022,4,19191,8.39,20.32,25.83,3.75,69.38,7.53,180,0.93,45,0.23,3397,64.16,24.43,72.92,67.17,72.06,8.16,8.16,19191,45,58.66,39.49,2.21,8.98,0.15,31.23
PSA Airlines Inc.,OH,2022,5,19311,11.99,20.43,22.16,8.45,67.43,7.93,582,3.01,63,0.32,3938,70.07,23.88,45.69,74.53,69.71,9.68,9.68,19311,63,77.44,44.35,8.01,11.79,0.11,32.72
PSA Airlines Inc.,OH,2022,6,19279,14.7,20.25,23.9,12.49,65.56,8.25,795,4.12,48,0.24,4254,74.38,24.56,51.56,80.57,68.05,10.1,10.1,19279,48,60.86,62.39,7.83,13.54,0.13,35.24
PSA Airlines Inc.,OH,2022,7,19154,14.34,21.06,25.11,13.56,66.78,8.28,540,2.81,92,0.48,4847,64.65,25.74,51.18,73.12,68.15,10.34,10.34,19154,92,72.2,48.23,8.15,13.59,0.16,31.56
PSA Airlines Inc.,OH,2022,8,17392,9.0,20.48,23.42,6.09,65.96,7.87,397,2.28,52,0.29,3315,63.65,24.97,57.79,70.03,68.69,9.85,9.85,17392,52,61.0,45.24,10.69,12.37,0.07,28.79
PSA Airlines Inc.,OH,2022,9,16570,1.8,20.35,20.45,-2.3,66.8,7.47,411,2.48,20,0.12,1959,51.91,25.47,63.42,57.68,70.45,9.02,9.02,16570,20,58.86,36.92,1.98,10.79,0.21,24.67
PSA Airlines Inc.,OH,2022,10,15983,2.57,20.33,20.82,-1.39,66.97,7.54,59,0.36,40,0.25,1852,59.45,26.15,68.5,66.03,68.88,8.87,8.87,15983,40,74.97,35.22,1.16,10.77,0.22,32.0
PSA Airlines Inc.,OH,2022,11,14469,4.68,21.41,23.88,1.43,70.24,7.63,155,1.07,44,0.3,2089,60.96,27.4,73.17,68.55,74.31,9.32,9.32,14469,44,55.11,39.18,2.66,11.74,0.17,31.15
PSA Airlines Inc.,OH,2022,12,14156,5.73,21.77,24.62,1.86,70.99,8.09,226,1.59,26,0.18,2167,58.85,28.37,68.62,66.55,74.45,10.8,10.8,14156,26,58.55,40.06,7.79,12.19,0.26,27.11
PSA Airlines Inc.,OH,2023,1,15472,4.96,22.05,25.13,0.62,68.0,7.88,250,1.61,41,0.26,2224,65.75,29.04,81.84,72.15,71.04,9.25,9.25,15472,41,55.48,38.27,5.62,17.21,0.09,30.39
PSA Airlines Inc.,OH,2023,2,14111,2.53,21.33,21.1,-2.03,69.05,7.73,47,0.33,32,0.22,1637,64.05,27.7,68.0,71.16,74.84,9.56,9.56,14111,32,57.53,38.91,4.07,10.95,0.35,28.61
PSA Airlines Inc.,OH,2023,3,16549,5.44,21.75,23.15,2.49,67.18,8.29,176,1.06,47,0.28,2487,62.34,28.34,64.05,70.37,72.89,9.72,9.72,16549,47,64.6,37.2,4.62,11.76,0.29,30.07
PSA Airlines Inc.,OH,2023,4,16033,5.58,21.23,23.54,2.29,69.44,7.99,150,0.93,40,0.24,2629,57.77,27.81,65.87,65.72,73.31,9.51,9.51,16033,40,66.83,43.01,4.43,13.74,0.24,28.82
PSA Airlines Inc.,OH,2023,5,16049,2.45,20.89,20.46,-2.33,70.8,7.76,49,0.3,29,0.18,1896,57.86,27.17,60.73,63.78,74.46,10.12,10.12,16049,29,56.2,42.24,2.69,10.78,0.22,27.56
PSA Airlines Inc.,OH,2023,6,17125,15.35,22.06,26.84,12.86,69.35,8.53,639,3.73,68,0.39,4056,72.53,27.31,58.32,78.98,70.02,10.17,10.17,17125,68,62.42,54.28,5.45,12.05,0.14,36.41
PSA Airlines Inc.,OH,2023,7,16940,20.01,22.02,26.7,17.61,69.51,9.11,570,3.36,61,0.36,4612,78.88,26.83,52.01,85.88,71.51,11.36,11.36,16940,61,65.27,51.8,7.51,12.94,0.16,41.88
PSA Airlines Inc.,OH,2023,8,16781,9.8,21.44,20.21,5.56,68.95,8.47,322,1.91,57,0.33,3161,69.41,26.37,38.84,74.94,70.4,10.58,10.58,16781,57,67.36,44.86,9.74,11.49,0.18,32.93
PSA Airlines Inc.,OH,2023,9,16177,7.98,22.01,23.02,3.21,68.63,8.53,232,1.43,36,0.22,2604,71.21,27.68,56.87,77.13,70.12,10.83,10.83,16177,36,53.43,47.25,7.51,11.88,0.15,32.21
PSA Airlines Inc.,OH,2023,10,16785,5.15,21.39,20.53,0.23,67.38,8.05,32,0.19,33,0.19,2198,71.81,26.35,53.62,75.88,68.11,10.33,10.33,16785,33,75.39,36.31,2.93,9.02,0.27,34.81
PSA Airlines Inc.,OH,2023,11,16152,3.95,21.55,21.56,-1.93,66.85,7.99,32,0.19,17,0.1,2037,64.29,25.96,60.54,67.28,70.36,9.64,9.64,16152,17,70.58,31.27,2.28,8.85,0.18,33.79
PSA Airlines Inc.,OH,2023,12,16141,6.52,21.87,22.31,0.01,67.93,8.33,72,0.44,41,0.25,2259,72.99,27.2,58.13,77.21,70.33,10.35,10.35,16141,41,44.11,32.82,7.94,9.58,0.35,35.39
PSA Airlines Inc.,OH,2024,1,16526,18.76,23.24,30.84,14.98,69.33,9.08,944,5.71,43,0.26,3924,85.0,29.74,71.44,92.54,72.38,11.55,11.55,16526,43,55.15,44.75,12.51,13.02,0.11,41.21
PSA Airlines Inc.,OH,2024,2,15657,3.29,21.72,22.35,-2.39,69.65,8.21,35,0.22,14,0.08,2135,54.88,27.13,62.46,59.25,73.3,10.1,10.1,15657,14,62.26,35.04,1.95,9.18,0.28,28.34
PSA Airlines Inc.,OH,2024,3,17364,7.39,21.34,23.49,2.47,68.65,8.02,61,0.35,27,0.15,2848,66.99,26.61,61.76,71.41,70.99,9.54,9.54,17364,27,80.03,35.26,3.5,9.04,0.31,34.6
PSA Airlines Inc.,OH,2024,4,18611,12.84,22.24,23.9,10.28,67.82,8.53,130,0.69,54,0.29,4009,74.21,26.85,50.06,80.14,69.25,9.99,9.99,18611,54,68.14,39.08,7.01,10.82,0.14,39.9
PSA Airlines Inc.,OH,2024,5,18830,18.43,22.41,23.04,17.47,67.91,9.04,179,0.95,64,0.33,5329,72.73,26.92,39.93,80.59,69.58,11.34,11.34,18830,64,69.52,48.42,7.97,12.5,0.16,40.32
PSA Airlines Inc.,OH,2024,6,18530,11.39,21.55,22.19,6.73,68.72,9.35,215,1.16,43,0.23,3345,78.08,26.33,45.87,84.04,72.65,12.41,12.41,18530,43,61.18,53.27,8.2,11.81,0.22,39.65
PSA Airlines Inc.,OH,2024,7,20078,30.14,22.56,23.89,27.97,68.92,9.64,773,3.84,88,0.43,6509,93.98,26.54,36.46,99.68,70.85,11.68,11.68,20078,88,70.82,52.85,8.18,11.91,0.13,51.46
PSA Airlines Inc.,OH,2024,8,20734,18.21,22.5,22.23,15.32,68.39,9.16,629,3.03,61,0.29,5006,83.58,27.46,37.69,89.92,70.53,11.33,11.33,20734,61,81.83,49.01,8.79,13.12,0.14,43.52
PSA Airlines Inc.,OH,2024,9,19944,13.88,22.91,26.32,9.94,67.77,9.01,419,2.1,45,0.22,4112,82.71,27.28,60.61,86.79,69.31,11.06,11.06,19944,45,57.93,33.36,6.22,10.12,0.11,45.72
PSA Airlines Inc.,OH,2024,10,21146,6.77,22.89,23.98,1.48,67.0,8.48,104,0.49,26,0.12,3209,69.33,28.45,61.89,73.17,64.9,10.5,10.5,21146,26,64.59,30.57,4.77,8.59,0.1,35.23
PSA Airlines Inc.,OH,2024,11,19668,3.8,22.09,20.91,-1.94,68.96,8.53,32,0.16,26,0.13,2630,60.56,28.05,51.36,65.46,70.03,10.68,10.68,19668,26,75.0,35.87,2.34,10.31,0.13,28.87
PSA Airlines Inc.,OH,2024,12,20905,20.77,22.99,31.39,16.45,70.86,8.82,230,1.1,56,0.26,5660,81.95,27.56,64.99,85.53,72.73,9.87,9.87,20905,56,56.17,40.82,5.72,9.8,0.08,45.92
PSA Airlines Inc.,OH,2025,1,21094,17.68,23.28,28.05,14.13,71.52,9.16,1899,9.0,44,0.2,4880,80.52,29.8,60.16,87.99,75.8,11.13,11.13,21094,44,80.21,40.97,9.49,12.95,0.18,40.16
PSA Airlines Inc.,OH,2025,2,19508,29.33,24.13,33.04,27.14,71.46,8.9,1987,10.18,56,0.28,6317,86.49,28.9,60.0,92.36,74.08,9.36,9.36,19508,56,62.12,46.33,5.36,12.52,0.06,47.0
PSA Airlines Inc.,OH,2025,3,21981,17.34,21.93,24.58,14.55,71.59,8.9,871,3.96,68,0.3,5345,81.14,25.76,49.29,86.23,73.86,10.03,10.03,21981,68,64.08,42.4,6.71,10.92,0.13,43.03
PSA Airlines Inc.,OH,2025,4,21311,16.64,21.98,23.55,14.17,72.39,8.66,456,2.13,37,0.17,5343,76.62,26.12,44.52,82.21,73.81,9.77,9.77,21311,37,55.47,41.53,2.67,10.99,0.09,42.9
PSA Airlines Inc.,OH,2025,5,22147,23.33,22.45,27.61,21.29,72.34,9.22,1003,4.52,74,0.33,6583,81.1,26.96,50.53,87.36,74.31,10.42,10.42,22147,74,51.12,53.8,5.71,13.06,0.09,43.63
PSA Airlines Inc.,OH,2025,6,21163,31.91,22.31,25.72,30.58,75.36,10.01,1459,6.89,77,0.36,7150,91.89,26.53,41.7,99.15,76.6,11.86,11.86,21163,77,62.74,58.78,10.84,13.67,0.06,48.41
PSA Airlines Inc.,OH,2025,7,21214,30.07,22.15,23.98,26.16,75.83,9.82,1516,7.14,84,0.39,6064,103.09,27.04,39.66,107.95,76.05,11.47,11.47,21214,84,63.9,57.01,13.42,13.92,0.09,49.36
PSA Airlines Inc.,OH,2025,8,20427,18.02,21.3,25.71,13.67,74.52,9.02,530,2.59,48,0.23,4756,87.14,25.99,56.82,90.91,74.65,10.43,10.43,20427,48,66.62,46.65,6.63,10.4,0.28,46.3
PSA Airlines Inc.,OH,2025,9,19218,8.53,21.29,22.79,1.57,73.98,8.74,151,0.78,44,0.22,3093,78.19,27.42,62.78,82.14,75.47,9.97,9.97,19218,44,75.46,39.25,4.39,11.55,0.11,39.67
PSA Airlines Inc.,OH,2025,10,20423,8.93,21.87,24.92,4.02,74.18,8.76,93,0.45,33,0.16,3865,65.59,28.14,63.18,71.88,74.38,10.26,10.26,20423,33,67.45,43.47,2.25,11.56,0.08,36.16
PSA Airlines Inc.,OH,2025,11,19746,18.09,22.79,28.16,13.2,75.53,8.86,720,3.64,55,0.27,4728,85.51,29.53,64.47,90.84,76.95,9.68,9.68,19746,55,69.22,43.79,4.28,14.75,0.25,48.57
Republic Airline,YX,2018,1,25316,7.35,21.64,26.58,2.5,93.86,8.73,1375,5.43,45,0.17,4607,52.94,31.15,71.59,61.65,93.75,10.8,10.8,25316,45,34.08,65.6,5.17,19.0,0.04,22.05
Republic Airline,YX,2018,2,23273,5.7,21.11,25.28,1.35,92.69,8.5,434,1.86,52,0.22,4105,50.14,30.83,72.56,59.4,97.36,9.72,9.72,23273,52,34.47,55.16,2.19,21.92,0.09,21.22
Republic Airline,YX,2018,3,26935,4.5,20.61,23.25,-0.89,91.62,8.36,2078,7.71,38,0.14,3906,47.77,29.48,65.46,54.2,94.96,9.53,9.53,26935,38,33.62,42.75,2.13,17.32,0.05,21.3
Republic Airline,YX,2018,4,26231,7.02,20.77,24.92,2.01,92.24,8.27,660,2.51,56,0.21,4440,59.39,29.61,72.46,66.77,96.31,9.36,9.36,26231,56,42.31,43.82,4.12,22.66,0.01,25.27
Republic Airline,YX,2018,5,27424,7.76,20.28,23.69,1.72,90.39,8.72,715,2.6,87,0.31,4756,60.27,27.88,63.63,66.47,91.02,10.68,10.68,27424,87,40.62,53.09,4.32,23.55,0.04,23.91
Republic Airline,YX,2018,6,27703,10.64,20.91,26.08,6.02,89.39,8.95,573,2.06,81,0.29,5750,60.59,28.39,63.19,67.05,91.85,10.76,10.76,27703,81,46.82,58.2,3.22,20.92,0.03,25.2
Republic Airline,YX,2018,7,27541,10.87,21.1,25.55,6.39,89.48,8.92,1167,4.23,82,0.29,5476,64.74,30.24,64.22,72.82,94.34,10.63,10.63,27541,82,48.15,60.17,3.84,27.14,0.01,26.74
Republic Airline,YX,2018,8,28277,10.96,21.3,26.27,7.61,89.49,8.87,1495,5.28,74,0.26,5785,63.0,30.44,66.57,72.74,93.71,10.76,10.76,28277,74,42.07,65.98,3.84,27.77,0.07,26.88
Republic Airline,YX,2018,9,25634,5.84,20.38,22.32,2.79,89.17,8.5,582,2.27,52,0.2,4399,55.09,28.66,62.15,64.94,95.35,10.28,10.28,25634,52,51.05,49.53,3.05,26.23,0.01,23.37
Republic Airline,YX,2018,10,26889,4.6,20.47,22.46,1.81,89.1,8.45,221,0.82,60,0.22,4560,47.03,29.13,61.01,56.68,98.35,9.5,9.5,26889,60,49.52,50.3,1.28,22.31,0.03,20.77
Republic Airline,YX,2018,11,25479,7.32,21.4,25.49,4.61,90.05,8.62,557,2.18,51,0.2,4949,51.29,30.88,67.04,61.26,94.73,10.16,10.16,25479,51,43.2,50.71,2.24,21.28,0.05,23.26
Republic Airline,YX,2018,12,25691,5.39,21.1,24.06,0.87,91.78,8.44,243,0.94,60,0.23,4290,50.01,29.16,64.75,57.94,99.05,9.69,9.69,25691,60,39.44,36.25,2.31,19.79,0.02,21.87
Republic Airline,YX,2019,1,25777,11.37,22.81,27.86,8.64,91.81,8.69,1132,4.39,54,0.2,5875,60.17,32.63,66.82,70.55,94.03,10.06,10.06,25777,54,40.22,53.18,3.44,25.7,0.03,26.79
Republic Airline,YX,2019,2,23939,7.08,21.93,25.12,3.91,92.19,8.67,952,3.97,50,0.2,4559,52.07,32.1,64.59,63.54,99.76,10.42,10.42,23939,50,41.54,47.99,4.02,21.75,0.07,23.89
Republic Airline,YX,2019,3,27457,5.89,20.69,23.02,1.91,92.27,8.33,348,1.26,35,0.12,4440,56.88,29.27,64.42,64.24,96.78,9.54,9.54,27457,35,41.66,39.35,2.54,20.05,0.04,23.32
Republic Airline,YX,2019,4,27082,8.86,20.91,26.29,5.31,89.84,8.5,572,2.11,55,0.2,5217,61.17,28.68,72.19,68.89,94.64,9.76,9.76,27082,55,50.64,46.18,2.74,23.71,0.03,26.06
Republic Airline,YX,2019,5,28149,8.94,20.92,23.18,5.35,90.46,9.07,677,2.4,109,0.38,5309,60.47,30.01,56.58,70.35,93.8,11.16,11.16,28149,109,51.56,61.61,4.64,27.38,0.07,26.23
Republic Airline,YX,2019,6,27682,14.26,21.31,27.22,11.61,91.65,9.24,681,2.46,144,0.52,6507,67.17,29.89,63.43,77.17,95.09,11.12,11.12,27682,144,45.48,57.04,3.61,28.46,0.08,31.27
Republic Airline,YX,2019,7,28207,11.68,21.02,23.82,7.67,90.38,9.29,1249,4.42,114,0.4,5326,72.09,30.57,58.59,82.23,92.56,11.77,11.77,28207,114,55.5,69.85,5.24,29.84,0.12,28.53
Republic Airline,YX,2019,8,28997,12.19,21.78,24.81,9.33,89.19,9.14,927,3.19,102,0.35,6496,63.78,31.45,56.23,74.21,92.21,11.14,11.14,28997,102,47.37,64.71,3.68,27.49,0.05,29.63
Republic Airline,YX,2019,9,27519,2.77,20.26,19.85,-2.28,87.6,8.57,329,1.19,41,0.14,3579,52.48,31.04,59.39,62.56,89.87,10.37,10.37,27519,41,47.28,42.63,2.34,24.87,0.07,22.35
Republic Airline,YX,2019,10,28756,6.68,20.49,23.46,2.35,88.67,8.6,126,0.43,44,0.15,5025,57.52,28.83,65.72,64.28,92.69,9.7,9.7,28756,44,39.06,41.38,1.08,26.49,0.04,25.02
Republic Airline,YX,2019,11,27167,2.57,20.22,21.23,-3.23,88.65,8.43,141,0.51,22,0.08,3456,50.4,29.79,70.19,57.55,90.76,10.19,10.19,27167,22,55.65,37.79,1.82,19.74,0.04,21.44
Republic Airline,YX,2019,12,28877,10.69,21.76,25.18,6.35,92.47,8.82,558,1.93,72,0.24,6041,61.71,30.94,59.05,70.77,95.16,10.58,10.58,28877,72,39.79,42.55,2.63,24.95,0.05,30.11
Republic Airline,YX,2020,1,29123,1.93,20.78,21.01,-5.31,91.56,8.48,252,0.86,45,0.15,3428,51.34,30.77,68.67,58.67,94.64,9.88,9.88,29123,45,37.92,32.37,4.09,18.66,0.05,19.99
Republic Airline,YX,2020,2,27566,6.28,20.9,24.18,-0.02,92.24,8.56,188,0.68,72,0.26,4406,63.28,29.8,74.46,70.73,96.54,9.77,9.77,27566,72,43.72,45.61,2.25,23.01,0.01,32.07
Republic Airline,YX,2020,3,29968,-2.05,18.36,15.64,-10.21,92.78,7.95,4194,13.99,28,0.09,2078,45.63,27.79,65.11,52.85,101.48,9.35,9.35,29968,28,35.41,28.8,0.97,17.9,0.02,16.48
Republic Airline,YX,2020,4,12100,-4.8,13.37,8.16,-17.94,85.38,6.4,4885,40.37,7,0.05,281,67.76,17.96,75.48,63.06,94.72,7.5,7.5,12100,7,48.42,30.47,3.87,6.28,0.0,10.62
Republic Airline,YX,2020,5,5980,-3.84,15.02,10.43,-15.54,77.22,6.79,191,3.19,4,0.06,188,76.73,19.41,73.17,77.38,81.36,8.29,8.29,5980,4,32.0,22.77,1.96,10.76,0.0,30.63
Republic Airline,YX,2020,6,8925,-3.36,15.23,11.7,-12.72,81.12,6.84,6,0.06,8,0.08,427,45.07,24.64,66.34,54.35,86.29,9.72,9.72,8925,8,33.37,28.36,7.05,16.86,0.04,11.25
Republic Airline,YX,2020,7,16849,-1.64,16.0,13.82,-9.44,76.56,7.69,172,1.02,42,0.24,1198,56.05,25.66,74.5,68.72,81.95,11.31,11.31,16849,42,47.95,41.63,9.96,22.07,0.51,14.69
Republic Airline,YX,2020,8,16745,-2.9,16.04,12.25,-11.08,75.0,7.59,227,1.35,32,0.19,1025,44.93,26.77,57.65,58.02,83.36,9.51,9.51,16745,32,48.33,33.35,8.26,22.87,0.09,11.11
Republic Airline,YX,2020,9,15382,-3.41,15.92,12.04,-13.46,79.62,7.52,15,0.09,21,0.13,615,51.31,23.4,63.01,56.56,83.64,9.18,9.18,15382,21,39.61,26.17,2.04,14.17,0.28,12.07
Republic Airline,YX,2020,10,17372,-2.73,17.22,14.23,-9.27,82.61,7.73,18,0.1,23,0.13,1103,33.68,27.63,57.39,45.98,92.64,9.81,9.81,17372,23,54.0,28.24,3.31,17.63,0.15,10.99
Republic Airline,YX,2020,11,18507,-1.92,17.23,14.76,-8.92,84.81,7.56,59,0.31,26,0.14,1239,46.82,27.34,66.03,56.56,90.34,8.43,8.43,18507,26,45.9,31.97,2.38,16.36,0.12,14.81
Republic Airline,YX,2020,12,21257,0.47,18.08,17.17,-6.05,87.22,7.55,311,1.46,13,0.06,1891,52.59,28.27,66.4,60.11,90.78,8.7,8.7,21257,13,24.2,34.56,4.09,14.2,0.2,14.15
Republic Airline,YX,2021,1,21720,0.18,18.47,16.71,-8.54,85.11,7.56,271,1.24,28,0.12,1839,57.62,31.45,66.37,66.28,89.74,8.85,8.85,21720,28,39.64,25.55,6.36,21.31,0.21,15.71
Republic Airline,YX,2021,2,20379,3.68,19.95,21.04,-1.94,86.05,7.98,1121,5.5,47,0.23,2761,50.3,33.83,66.92,63.03,91.23,9.26,9.26,20379,47,37.1,36.9,5.26,18.64,0.14,16.08
Republic Airline,YX,2021,3,25776,0.04,17.09,15.67,-8.05,87.73,7.82,36,0.13,58,0.22,1921,58.45,24.96,63.93,63.54,95.53,8.64,8.64,25776,58,42.43,29.05,2.93,14.26,0.21,19.45
Republic Airline,YX,2021,4,26509,1.58,16.93,16.32,-7.11,86.26,8.16,95,0.35,40,0.15,2148,65.28,23.36,63.17,69.28,94.08,9.9,9.9,26509,40,42.87,30.61,3.0,14.16,0.16,18.99
Republic Airline,YX,2021,5,29191,1.69,16.93,17.39,-6.61,84.97,8.63,70,0.23,54,0.18,2377,61.09,21.93,67.88,64.13,89.94,11.14,11.14,29191,54,47.5,29.4,1.89,12.11,0.06,18.53
Republic Airline,YX,2021,6,30952,12.97,18.32,25.07,7.56,85.4,9.3,614,1.98,105,0.33,6147,73.6,24.2,67.59,79.25,90.03,11.44,11.44,30952,105,43.58,51.85,5.77,19.1,0.09,28.25
Republic Airline,YX,2021,7,32700,13.69,18.86,23.82,10.83,85.39,9.49,1285,3.92,133,0.4,7167,67.65,24.64,54.72,75.43,89.3,11.56,11.56,32700,133,49.86,47.93,5.3,16.71,0.18,27.16
Republic Airline,YX,2021,8,31831,12.35,19.09,22.51,10.45,85.19,9.4,1356,4.25,117,0.36,6884,64.84,25.41,51.14,75.08,89.81,11.68,11.68,31831,117,45.11,52.57,5.53,19.06,0.07,25.05
Republic Airline,YX,2021,9,29781,3.43,17.75,17.8,-2.66,84.76,8.77,710,2.38,49,0.16,3234,65.33,24.35,59.41,71.13,89.34,10.63,10.63,29781,49,34.69,46.52,5.32,16.91,0.02,22.51
Republic Airline,YX,2021,10,29095,2.14,17.85,17.9,-2.62,83.93,8.9,177,0.6,36,0.12,3252,50.75,24.66,56.81,59.45,89.57,12.15,12.15,29095,36,57.72,37.06,2.36,16.97,0.16,18.24
Republic Airline,YX,2021,11,27553,2.46,20.25,21.14,-0.9,85.28,9.78,49,0.17,29,0.1,3837,39.07,28.03,58.1,50.12,87.32,14.13,14.13,27553,29,56.58,33.08,0.55,15.76,0.15,17.67
Republic Airline,YX,2021,12,27642,3.6,20.14,20.93,-0.65,87.09,10.05,66,0.23,53,0.19,3988,43.6,27.47,51.94,54.7,94.08,15.21,15.21,27642,53,31.67,27.63,4.74,15.94,0.1,13.42
Republic Airline,YX,2022,1,27262,6.94,21.59,25.21,3.3,87.66,10.15,2868,10.52,78,0.28,5007,49.77,30.33,64.01,61.31,91.65,14.11,14.11,27262,78,33.71,39.32,3.19,16.32,0.04,19.41
Republic Airline,YX,2022,2,24635,9.34,21.5,26.38,5.22,88.4,9.54,1471,5.97,52,0.21,4897,58.51,30.82,68.76,68.8,92.25,11.61,11.61,24635,52,46.5,40.56,2.87,19.68,0.07,26.82
Republic Airline,YX,2022,3,30102,10.32,21.0,24.76,7.02,86.06,9.47,855,2.84,131,0.43,6228,59.9,28.92,59.69,70.67,91.28,11.76,11.76,30102,131,53.24,41.51,3.12,20.88,0.08,26.04
Republic Airline,YX,2022,4,29967,8.1,20.93,25.4,4.13,83.23,9.35,638,2.12,61,0.2,5527,57.42,28.02,66.43,65.03,86.44,12.21,12.21,29967,61,52.22,38.25,2.56,18.01,0.02,26.54
Republic Airline,YX,2022,5,31098,16.13,21.72,29.51,12.8,81.63,10.16,1954,6.28,98,0.31,7650,68.8,27.93,66.25,76.57,82.92,13.22,13.22,31098,98,54.44,60.05,3.43,18.8,0.02,30.55
Republic Airline,YX,2022,6,28132,13.43,21.18,27.09,10.05,80.73,10.81,2484,8.82,86,0.3,5888,67.72,28.8,64.49,77.02,83.27,14.35,14.35,28132,86,51.59,64.04,4.98,22.18,0.04,25.16
Republic Airline,YX,2022,7,26714,10.77,21.46,27.38,7.23,81.74,10.31,1195,4.47,97,0.36,5393,63.95,30.09,71.61,74.66,84.79,13.15,13.15,26714,97,64.89,51.3,5.47,19.79,0.02,29.25
Republic Airline,YX,2022,8,26687,8.75,21.44,25.7,4.58,81.02,10.06,1846,6.91,52,0.19,4786,60.83,30.73,69.0,71.15,84.3,13.25,13.25,26687,52,51.51,76.48,5.58,22.5,0.04,22.35
Republic Airline,YX,2022,9,25344,2.2,20.57,21.41,-2.12,78.65,9.43,370,1.45,24,0.09,3237,48.18,31.35,69.31,60.08,82.75,12.01,12.01,25344,24,46.76,46.06,3.01,21.2,0.07,20.46
Republic Airline,YX,2022,10,23874,3.7,20.76,22.09,-0.46,78.12,9.59,223,0.93,42,0.17,3520,50.06,30.76,65.28,60.75,80.04,12.05,12.05,23874,42,50.95,40.38,2.14,22.88,0.04,21.6
Republic Airline,YX,2022,11,22051,3.87,21.51,23.64,-0.85,78.84,9.67,346,1.56,47,0.21,3358,50.38,31.0,71.53,60.18,82.09,12.09,12.09,22051,47,78.46,47.07,2.98,22.36,0.09,20.66
Republic Airline,YX,2022,12,20786,5.41,22.48,24.47,0.35,80.9,10.14,612,2.94,43,0.2,3529,48.33,32.67,61.82,60.51,82.49,14.41,14.41,20786,43,47.65,44.16,4.53,22.22,0.04,18.07
Republic Airline,YX,2023,1,24485,4.16,22.35,24.11,-1.47,80.86,9.89,386,1.57,41,0.16,3961,50.29,34.36,70.48,62.71,85.48,12.61,12.61,24485,41,45.41,43.27,3.3,26.21,0.01,20.72
Republic Airline,YX,2023,2,23747,2.23,21.0,21.06,-4.13,79.5,9.7,388,1.63,35,0.14,3291,46.96,31.73,63.38,56.72,85.42,11.91,11.91,23747,35,47.45,38.0,4.12,20.98,0.01,18.07
Republic Airline,YX,2023,3,27899,1.87,21.41,21.22,-2.51,79.88,9.42,440,1.57,38,0.13,3773,42.81,32.14,60.45,54.78,87.14,11.86,11.86,27899,38,68.52,39.64,2.07,19.57,0.06,15.4
Republic Airline,YX,2023,4,27116,5.79,20.49,22.82,-0.45,79.28,9.5,689,2.54,85,0.31,3874,65.44,29.34,71.36,74.06,83.31,12.8,12.8,27116,85,50.62,54.56,5.37,22.09,0.06,28.82
Republic Airline,YX,2023,5,26561,-1.11,19.94,17.79,-9.6,76.63,9.59,22,0.08,29,0.1,1965,43.8,27.73,57.61,52.96,79.09,17.3,17.3,26561,29,42.2,32.0,0.75,14.12,0.08,18.76
Republic Airline,YX,2023,6,23900,8.57,21.29,25.2,3.5,77.91,10.35,1393,5.82,70,0.29,4050,63.71,31.36,70.9,75.18,80.6,14.22,14.22,23900,70,60.69,70.0,7.41,27.61,0.06,22.06
Republic Airline,YX,2023,7,25392,13.63,21.96,28.43,9.95,78.35,10.78,2621,10.32,114,0.44,5305,69.12,31.4,70.4,81.02,82.26,14.05,14.05,25392,114,54.32,74.9,9.36,28.16,0.05,24.11
Republic Airline,YX,2023,8,24344,2.83,20.47,20.46,-4.2,77.5,9.72,384,1.57,43,0.17,2971,55.4,30.7,63.32,64.23,81.53,12.29,12.29,24344,43,55.76,47.04,5.32,19.98,0.15,21.87
Republic Airline,YX,2023,9,24862,6.4,21.02,22.65,0.4,78.27,9.48,1707,6.86,64,0.25,3496,66.8,30.78,68.76,75.33,81.16,11.52,11.52,24862,64,52.79,71.27,6.33,27.44,0.1,21.28
Republic Airline,YX,2023,10,23669,-1.29,19.3,17.52,-9.46,77.81,8.8,0,0.0,28,0.11,1744,47.66,28.17,69.22,54.0,80.57,11.54,11.54,23669,28,48.1,34.23,0.64,13.84,0.1,20.58
Republic Airline,YX,2023,11,22024,-2.69,19.12,15.77,-11.11,81.12,9.07,2,0.0,14,0.06,1321,36.7,30.31,56.11,47.09,85.14,11.77,11.77,22024,14,51.0,34.91,0.65,14.58,0.05,14.58
Republic Airline,YX,2023,12,21655,-0.01,19.52,17.97,-9.94,81.09,9.23,131,0.6,61,0.28,1836,51.33,30.13,63.43,58.81,84.56,11.08,11.08,21655,61,63.51,34.55,3.37,17.04,0.1,20.87
Republic Airline,YX,2024,1,22957,6.84,21.86,25.18,0.77,81.78,9.7,1061,4.62,48,0.2,3738,62.31,35.42,78.08,76.52,84.89,12.64,12.64,22957,48,48.21,53.34,8.26,21.65,0.03,26.4
Republic Airline,YX,2024,2,21623,-1.66,19.42,16.81,-11.14,80.5,8.86,304,1.4,24,0.11,1658,46.5,31.82,67.03,57.67,88.04,10.87,10.87,21623,24,51.37,37.01,3.5,18.73,0.1,21.3
Republic Airline,YX,2024,3,24377,-0.32,19.15,17.17,-8.54,81.0,9.03,60,0.24,35,0.14,2128,50.77,29.13,60.96,58.34,86.81,10.54,10.54,24377,35,46.68,32.0,3.41,19.7,0.11,18.3
Republic Airline,YX,2024,4,23899,2.18,19.95,19.37,-3.52,81.59,9.37,220,0.92,51,0.21,2877,53.27,29.59,60.35,63.25,85.28,11.78,11.78,23899,51,50.75,51.25,3.72,20.67,0.05,20.23
Republic Airline,YX,2024,5,25556,5.87,20.64,22.78,0.9,79.56,9.55,284,1.11,73,0.28,3927,60.93,30.75,68.22,71.67,83.99,11.54,11.54,25556,73,52.55,51.48,5.57,22.68,0.06,26.31
Republic Airline,YX,2024,6,24528,7.57,21.08,21.29,2.58,77.03,9.93,773,3.15,57,0.23,3847,68.29,31.94,55.31,79.28,79.92,12.84,12.84,24528,57,51.05,59.82,10.59,25.2,0.03,22.14
Republic Airline,YX,2024,7,25644,12.74,22.28,26.03,9.14,77.33,10.17,719,2.8,91,0.35,5571,69.62,32.99,63.32,80.58,79.77,12.34,12.34,25644,91,58.16,62.01,5.77,26.25,0.03,25.45
Republic Airline,YX,2024,8,25921,9.53,22.19,23.87,6.26,76.83,10.09,1841,7.1,79,0.3,4817,62.97,32.87,57.58,75.95,80.63,12.54,12.54,25921,79,66.87,75.51,8.0,24.34,0.07,22.62
Republic Airline,YX,2024,9,25440,-0.53,20.64,19.31,-6.05,77.26,9.63,85,0.33,28,0.11,2555,42.75,32.06,66.93,53.19,78.88,12.31,12.31,25440,28,56.75,34.91,2.8,19.21,0.03,16.38
Republic Airline,YX,2024,10,27176,-1.51,19.99,17.63,-8.23,77.08,9.33,34,0.12,22,0.08,2208,42.2,31.17,62.94,51.95,78.45,11.52,11.52,27176,22,59.13,31.94,1.19,18.61,0.07,15.01
Republic Airline,YX,2024,11,27300,1.83,20.64,19.15,-4.33,79.1,9.32,26,0.09,21,0.07,3358,49.43,31.7,55.84,58.74,82.13,11.51,11.51,27300,21,50.09,35.67,2.61,22.14,0.11,18.89
Republic Airline,YX,2024,12,27290,6.19,22.05,24.75,1.42,82.07,9.84,169,0.61,54,0.19,4980,49.12,32.27,64.33,58.81,84.07,11.66,11.66,27290,54,48.0,43.27,2.67,18.58,0.05,22.09
Republic Airline,YX,2025,1,27854,2.72,22.48,23.78,-2.21,82.48,9.73,1119,4.01,31,0.11,4286,40.62,35.53,67.42,54.53,86.1,12.27,12.27,27854,31,49.24,39.4,2.57,19.57,0.04,15.67
Republic Airline,YX,2025,2,25512,8.07,23.06,26.03,4.92,82.32,9.71,891,3.49,60,0.23,5284,53.18,34.4,64.42,67.01,85.91,11.43,11.43,25512,60,60.76,51.33,3.58,23.53,0.04,22.39
Republic Airline,YX,2025,3,28854,5.17,20.71,21.4,0.59,81.79,9.49,338,1.17,64,0.22,4426,58.98,30.55,61.26,69.97,84.63,11.12,11.12,28854,64,48.34,52.46,3.94,22.46,0.05,23.42
Republic Airline,YX,2025,4,28396,4.31,21.35,22.61,0.46,79.02,9.94,237,0.83,40,0.14,4532,48.76,31.1,61.12,59.49,83.52,11.73,11.73,28396,40,53.02,43.55,2.48,21.54,0.02,18.88
Republic Airline,YX,2025,5,28075,11.9,23.03,27.25,10.7,78.52,10.15,741,2.63,57,0.2,6568,60.83,33.74,63.22,74.65,82.47,11.93,11.93,28075,57,51.4,62.36,3.99,30.97,0.08,25.07
Republic Airline,YX,2025,6,28903,16.74,22.78,27.94,13.9,76.8,10.59,1268,4.38,96,0.33,7225,72.42,32.35,61.33,83.55,79.59,12.77,12.77,28903,96,56.78,72.17,5.72,25.77,0.03,31.51
Republic Airline,YX,2025,7,30400,19.49,23.11,28.3,15.71,77.3,10.72,2727,8.97,106,0.34,7519,77.79,32.37,58.64,87.68,80.9,13.22,13.22,30400,106,60.71,78.53,7.81,27.92,0.02,29.88
Republic Airline,YX,2025,8,30040,7.79,21.07,23.39,1.18,77.13,10.23,522,1.73,53,0.17,4914,64.99,29.48,62.23,71.26,79.46,12.9,12.9,30040,53,52.85,57.41,5.53,20.86,0.02,24.08
Republic Airline,YX,2025,9,28296,6.28,21.67,23.67,1.07,79.18,10.03,393,1.38,46,0.16,4663,59.76,31.95,66.39,68.41,82.21,11.83,11.83,28296,46,67.79,54.96,3.93,26.2,0.08,23.48
Republic Airline,YX,2025,10,30382,8.98,24.26,29.67,7.58,79.96,10.04,542,1.78,42,0.13,7091,50.03,35.3,70.5,63.07,83.34,11.13,11.13,30382,42,63.76,61.19,1.57,25.53,0.03,24.5
Republic Airline,YX,2025,11,29367,10.71,24.39,28.37,7.8,80.26,10.37,1568,5.33,46,0.15,6519,58.75,37.79,68.71,73.54,82.0,12.51,12.51,29367,46,60.43,50.58,2.38,27.92,0.03,28.39
SkyWest Airlines Inc.,OO,2015,1,48114,12.15,18.48,28.6,10.88,74.61,7.16,1262,2.62,197,0.4,11355,58.93,23.34,75.43,64.49,79.6,8.46,8.46,48114,197,18.0,36.03,2.7,12.02,0.05,30.72
SkyWest Airlines Inc.,OO,2015,2,43989,10.95,18.43,27.92,9.58,74.69,6.99,1403,3.18,137,0.31,9878,56.47,24.02,74.81,62.38,78.31,8.05,8.05,43989,137,16.7,34.39,3.84,12.73,0.04,29.11
SkyWest Airlines Inc.,OO,2015,3,50078,5.84,17.33,20.59,3.18,74.84,6.82,544,1.08,99,0.19,8125,52.43,22.15,67.49,56.82,76.51,8.13,8.13,50078,99,17.89,31.07,1.97,11.66,0.08,25.31
SkyWest Airlines Inc.,OO,2015,4,49329,5.34,17.25,20.59,3.22,75.57,6.78,714,1.44,120,0.24,7490,53.8,21.98,67.71,58.85,80.05,7.7,7.7,49329,120,21.52,30.69,1.5,12.43,0.05,25.72
SkyWest Airlines Inc.,OO,2015,5,49864,6.01,17.39,20.86,4.14,75.97,6.81,619,1.24,117,0.23,8194,52.55,21.5,63.34,56.84,81.04,7.65,7.65,49864,117,28.16,31.41,1.9,12.19,0.08,23.92
SkyWest Airlines Inc.,OO,2015,6,50307,10.16,17.78,23.69,8.33,75.1,7.16,1108,2.2,141,0.28,10187,58.38,21.93,64.2,62.6,77.82,8.24,8.24,50307,141,29.69,37.37,2.53,11.88,0.11,27.5
SkyWest Airlines Inc.,OO,2015,7,52627,8.85,17.96,23.14,6.79,75.85,6.99,821,1.56,148,0.28,10229,56.21,22.21,66.88,60.05,76.74,8.02,8.02,52627,148,26.98,34.72,1.66,11.54,0.1,27.93
SkyWest Airlines Inc.,OO,2015,8,52730,7.74,17.88,22.3,5.6,75.46,6.97,794,1.5,150,0.28,9719,53.6,21.97,63.87,56.98,75.21,8.0,8.0,52730,150,21.42,35.64,1.86,11.22,0.15,25.09
SkyWest Airlines Inc.,OO,2015,9,47625,3.86,17.75,19.62,1.53,74.32,6.95,352,0.73,66,0.13,6570,51.81,22.84,61.72,56.86,74.21,8.21,8.21,47625,66,21.81,31.25,1.54,12.07,0.15,22.99
SkyWest Airlines Inc.,OO,2015,10,48808,3.65,18.22,20.8,1.75,75.57,6.89,241,0.49,81,0.16,6644,49.95,22.88,65.9,54.69,77.48,7.61,7.61,48808,81,22.51,29.19,1.24,10.71,0.06,22.63
SkyWest Airlines Inc.,OO,2015,11,47292,6.81,19.14,22.98,4.92,77.09,6.73,707,1.49,112,0.23,8124,54.42,25.6,66.02,61.85,82.54,7.52,7.52,47292,112,24.56,41.66,3.29,14.39,0.06,25.06
SkyWest Airlines Inc.,OO,2015,12,47590,12.79,20.34,27.81,10.94,78.79,6.89,1395,2.93,211,0.44,11280,59.23,25.98,67.22,65.97,83.74,7.71,7.71,47590,211,20.0,38.38,2.88,14.9,0.11,28.62
SkyWest Airlines Inc.,OO,2016,1,47619,10.01,20.41,25.49,7.44,77.32,6.84,984,2.06,194,0.4,9499,62.16,27.25,69.55,68.58,76.54,7.76,7.76,47619,194,17.29,36.9,2.88,14.3,0.07,28.76
SkyWest Airlines Inc.,OO,2016,2,45616,6.96,19.14,23.15,3.28,76.56,6.71,1092,2.39,131,0.28,7025,64.45,25.9,74.98,69.62,76.37,7.72,7.72,45616,131,23.44,38.02,3.07,13.86,0.08,28.86
SkyWest Airlines Inc.,OO,2016,3,52057,9.07,18.63,22.54,7.37,77.1,6.64,1214,2.33,189,0.36,9683,61.85,24.17,66.1,67.94,81.17,7.36,7.36,52057,189,15.54,34.81,2.58,15.07,0.08,28.6
SkyWest Airlines Inc.,OO,2016,4,50117,4.09,17.93,19.37,0.53,75.68,6.51,694,1.38,88,0.17,6376,58.4,23.59,68.9,62.8,79.94,7.27,7.27,50117,88,20.16,31.53,2.24,11.82,0.03,25.68
SkyWest Airlines Inc.,OO,2016,5,51253,5.63,17.76,19.27,2.05,76.24,6.63,305,0.59,151,0.29,7196,63.05,22.21,64.06,66.52,82.04,7.65,7.65,51253,151,29.58,33.52,2.65,15.26,0.08,27.7
SkyWest Airlines Inc.,OO,2016,6,52850,6.33,18.19,20.49,2.89,74.57,6.89,422,0.79,173,0.32,7528,64.23,23.42,65.27,68.5,79.78,8.12,8.12,52850,173,31.91,34.9,3.07,12.5,0.04,27.31
SkyWest Airlines Inc.,OO,2016,7,54964,8.25,18.29,20.6,4.64,75.17,6.93,501,0.91,186,0.33,8703,68.82,23.55,60.94,72.26,77.36,7.98,7.98,54964,186,26.96,40.54,3.48,14.28,0.08,28.35
SkyWest Airlines Inc.,OO,2016,8,54552,8.51,18.52,23.36,5.37,74.91,7.03,356,0.65,175,0.32,9577,63.84,23.7,71.6,67.94,77.23,8.26,8.26,54552,175,27.64,38.69,2.39,14.67,0.09,29.93
SkyWest Airlines Inc.,OO,2016,9,48976,2.58,18.2,18.45,-1.01,73.92,6.88,187,0.38,122,0.24,5282,59.43,24.18,68.89,64.64,78.56,8.31,8.31,48976,122,25.77,35.86,3.93,15.18,0.03,23.69
SkyWest Airlines Inc.,OO,2016,10,51015,4.9,18.71,20.6,1.57,75.28,6.92,533,1.04,71,0.13,6774,61.9,23.94,69.06,65.9,80.52,8.08,8.08,51015,71,23.61,31.09,2.6,15.33,0.07,25.2
SkyWest Airlines Inc.,OO,2016,11,47286,6.1,18.92,21.4,1.32,76.08,7.12,328,0.69,146,0.3,6520,67.4,24.89,73.31,72.23,79.59,8.89,8.89,47286,146,26.96,38.19,5.74,14.09,0.08,28.97
SkyWest Airlines Inc.,OO,2016,12,49628,17.91,21.67,30.47,15.84,78.02,7.48,1830,3.68,283,0.57,12865,71.51,28.13,69.08,78.97,82.27,9.02,9.02,49628,283,20.23,42.34,5.27,14.45,0.06,33.32
SkyWest Airlines Inc.,OO,2017,1,50146,15.25,21.8,31.26,12.52,77.61,7.5,1880,3.74,272,0.54,12386,67.3,28.38,76.03,74.73,82.21,8.82,8.82,50146,272,17.81,43.54,4.63,15.18,0.1,31.31
SkyWest Airlines Inc.,OO,2017,2,46953,9.71,19.86,23.85,5.03,76.17,7.23,1115,2.37,233,0.49,8122,72.98,26.23,71.73,79.45,81.87,8.86,8.86,46953,233,15.88,37.52,3.99,16.6,0.07,31.46
SkyWest Airlines Inc.,OO,2017,3,58100,10.78,19.61,24.93,8.01,74.3,7.27,1110,1.91,190,0.32,11171,70.23,25.33,72.49,75.73,75.68,8.7,8.7,58100,190,18.92,37.26,3.92,14.99,0.02,32.33
SkyWest Airlines Inc.,OO,2017,4,56210,10.81,18.77,22.79,7.85,72.83,7.19,914,1.62,122,0.21,10229,76.61,23.92,68.02,81.15,74.8,8.21,8.21,56210,122,27.43,35.74,3.11,15.31,0.03,33.46
SkyWest Airlines Inc.,OO,2017,5,58567,8.18,18.77,21.57,5.39,72.04,7.28,400,0.68,111,0.18,9813,69.77,24.51,65.96,74.97,74.58,8.3,8.3,58567,111,27.56,34.81,2.77,15.63,0.01,30.72
SkyWest Airlines Inc.,OO,2017,6,61567,10.47,18.9,22.63,7.19,71.45,7.42,590,0.95,159,0.25,10939,75.88,23.98,69.33,79.68,72.08,8.42,8.42,61567,159,31.35,39.67,3.36,13.37,0.09,33.34
SkyWest Airlines Inc.,OO,2017,7,64559,11.96,19.4,25.14,9.09,70.86,7.58,814,1.26,139,0.21,12564,75.99,24.13,73.77,80.11,70.36,9.03,9.03,64559,139,29.05,40.19,2.92,13.41,0.03,34.99
SkyWest Airlines Inc.,OO,2017,8,66073,13.45,19.81,24.32,10.99,70.98,7.57,1015,1.53,153,0.23,13671,78.47,24.94,64.23,82.61,71.99,8.46,8.46,66073,153,29.97,39.44,3.31,14.05,0.07,35.05
SkyWest Airlines Inc.,OO,2017,9,59781,4.54,19.06,20.09,1.13,71.83,7.58,366,0.61,126,0.21,7847,65.29,24.39,71.15,69.41,72.39,8.32,8.32,59781,126,26.77,33.36,2.78,12.35,0.07,26.97
SkyWest Airlines Inc.,OO,2017,10,64740,8.78,19.53,22.94,5.93,71.64,7.52,963,1.48,164,0.25,10737,73.1,24.51,72.54,77.69,72.81,8.41,8.41,64740,164,24.12,35.63,3.19,13.81,0.06,31.52
SkyWest Airlines Inc.,OO,2017,11,59264,5.95,19.57,20.17,1.5,73.61,7.59,390,0.65,130,0.21,8111,71.07,25.32,69.05,76.19,75.92,8.79,8.79,59264,130,21.01,33.71,4.43,13.87,0.18,27.96
SkyWest Airlines Inc.,OO,2017,12,60567,14.39,22.11,28.45,10.42,75.04,7.81,901,1.48,256,0.42,13098,76.77,30.01,77.76,83.48,77.85,9.08,9.08,60567,256,25.26,45.3,6.78,14.53,0.07,33.62
SkyWest Airlines Inc.,OO,2018,1,62197,15.1,21.78,29.86,10.48,74.28,7.79,1561,2.5,290,0.46,13511,81.07,28.66,81.5,85.55,72.82,9.05,9.05,62197,290,23.6,40.34,5.85,13.46,0.15,36.23
SkyWest Airlines Inc.,OO,2018,2,56000,12.21,21.98,29.04,8.8,75.25,7.8,1543,2.75,238,0.42,11665,71.38,30.2,79.36,79.47,79.92,9.1,9.1,56000,238,23.52,48.3,6.64,15.88,0.02,32.1
SkyWest Airlines Inc.,OO,2018,3,64626,6.82,20.19,23.2,4.11,75.82,7.69,978,1.51,210,0.32,10391,63.79,26.81,68.43,70.49,80.23,8.57,8.57,64626,210,20.53,38.98,4.2,16.05,0.05,26.18
SkyWest Airlines Inc.,OO,2018,4,62890,5.69,20.05,22.48,3.23,74.51,7.62,830,1.31,131,0.2,9708,60.63,27.93,68.38,69.52,77.5,8.96,8.96,62890,131,25.26,39.24,5.76,15.09,0.03,26.47
SkyWest Airlines Inc.,OO,2018,5,65203,10.29,19.75,24.21,7.66,73.81,7.72,684,1.04,219,0.33,11646,75.79,25.88,70.27,82.07,76.21,9.03,9.03,65203,219,31.33,44.53,8.55,19.1,0.21,30.89
SkyWest Airlines Inc.,OO,2018,6,66935,12.01,20.11,25.46,9.89,73.55,7.64,723,1.08,255,0.38,13296,74.66,26.29,70.84,81.57,78.11,9.33,9.33,66935,255,32.56,44.93,6.51,16.46,0.02,33.79
SkyWest Airlines Inc.,OO,2018,7,69477,10.15,19.84,24.89,7.51,73.9,7.65,642,0.92,242,0.34,12745,70.86,25.13,70.91,75.96,79.07,9.05,9.05,69477,242,26.13,41.61,6.7,13.55,0.07,29.67
SkyWest Airlines Inc.,OO,2018,8,70740,14.24,20.24,27.12,12.17,73.88,7.62,1098,1.55,282,0.39,15356,76.54,25.84,71.73,82.14,78.11,8.82,8.82,70740,282,27.97,47.0,5.71,16.97,0.09,32.95
SkyWest Airlines Inc.,OO,2018,9,62757,6.13,19.07,21.82,2.51,73.89,7.41,544,0.86,182,0.29,9119,67.42,25.53,70.05,73.28,80.16,8.8,8.8,62757,182,29.58,42.5,7.05,15.0,0.04,26.89
SkyWest Airlines Inc.,OO,2018,10,66590,6.78,19.6,22.2,3.79,74.53,7.4,311,0.46,188,0.28,10580,63.79,26.8,65.97,71.47,81.79,8.79,8.79,66590,188,24.59,37.33,5.43,14.53,0.06,26.56
SkyWest Airlines Inc.,OO,2018,11,62303,10.53,21.37,25.72,7.64,75.75,7.57,847,1.35,214,0.34,12267,67.52,29.2,67.85,75.37,78.02,8.78,8.78,62303,214,23.5,40.15,7.1,17.53,0.06,28.16
SkyWest Airlines Inc.,OO,2018,12,64769,11.99,22.08,27.93,7.08,78.62,7.68,848,1.3,280,0.43,12965,72.14,28.91,71.95,77.95,82.49,9.03,9.03,64769,280,24.4,39.46,7.42,14.48,0.08,29.43
SkyWest Airlines Inc.,OO,2019,1,65123,16.67,22.32,30.23,12.1,78.13,7.78,2821,4.33,335,0.51,14102,86.13,29.96,78.11,92.12,82.01,9.34,9.34,65123,335,23.19,44.63,10.15,17.4,0.03,34.59
SkyWest Airlines Inc.,OO,2019,2,59607,20.04,22.44,33.78,16.45,78.35,7.84,2799,4.69,396,0.66,15019,83.25,30.2,81.72,90.36,82.72,8.83,8.83,59607,396,19.61,47.24,9.66,17.11,0.04,33.64
SkyWest Airlines Inc.,OO,2019,3,70430,12.1,19.64,25.37,7.21,77.07,7.56,1609,2.28,246,0.34,12798,80.24,25.7,72.3,83.77,80.52,8.56,8.56,70430,246,17.87,38.35,6.24,13.59,0.07,30.68
SkyWest Airlines Inc.,OO,2019,4,68518,9.05,18.79,23.62,3.79,75.37,7.37,1420,2.07,187,0.27,10722,77.43,24.82,76.6,80.82,78.9,8.5,8.5,68518,187,26.0,40.33,7.3,13.36,0.19,29.96
SkyWest Airlines Inc.,OO,2019,5,72054,10.86,18.63,24.11,5.91,75.17,7.5,1163,1.61,280,0.38,12639,76.09,24.35,70.93,79.74,78.83,8.66,8.66,72054,280,26.2,43.2,6.03,15.03,0.03,31.17
SkyWest Airlines Inc.,OO,2019,6,72168,15.63,19.31,25.73,11.9,76.21,7.81,970,1.34,285,0.39,15880,79.53,25.27,69.08,84.83,79.6,9.38,9.38,72168,285,30.13,44.16,5.74,17.6,0.34,33.55
SkyWest Airlines Inc.,OO,2019,7,73761,13.72,19.02,23.93,9.28,75.56,7.86,1021,1.38,235,0.31,14488,80.82,25.29,67.95,85.49,77.21,9.52,9.52,73761,235,34.06,48.53,6.54,15.95,0.05,32.46
SkyWest Airlines Inc.,OO,2019,8,74981,10.84,18.55,22.5,5.72,75.23,7.8,886,1.18,224,0.29,13150,75.04,24.49,68.87,78.59,77.52,9.32,9.32,74981,224,32.58,44.42,5.27,14.56,0.06,29.08
SkyWest Airlines Inc.,OO,2019,9,68052,8.39,17.65,20.21,2.34,75.77,7.62,1320,1.93,237,0.34,9552,77.76,23.74,66.69,81.22,79.05,9.17,9.17,68052,237,20.25,37.78,5.92,19.55,0.05,27.19
SkyWest Airlines Inc.,OO,2019,10,72440,9.56,17.85,22.9,3.56,75.71,7.69,725,1.0,177,0.24,11339,75.52,24.57,75.21,79.41,78.82,9.16,9.16,72440,177,27.97,35.02,6.0,12.62,0.06,29.28
SkyWest Airlines Inc.,OO,2019,11,67721,9.1,18.25,22.65,1.86,75.29,7.6,1188,1.75,211,0.31,9749,79.4,26.69,76.4,83.61,76.08,8.81,8.81,67721,211,24.67,39.15,10.13,14.86,0.08,29.67
SkyWest Airlines Inc.,OO,2019,12,72004,16.49,19.2,26.62,8.12,76.66,7.78,1531,2.12,340,0.47,13865,90.68,25.6,72.76,91.75,78.39,9.08,9.08,72004,340,19.51,40.75,9.22,13.36,0.06,34.96
SkyWest Airlines Inc.,OO,2020,1,71160,10.86,19.04,24.73,1.26,76.47,7.4,1461,2.05,198,0.27,10692,85.7,26.35,80.94,85.91,79.01,8.46,8.46,71160,198,20.69,40.66,13.39,17.99,0.06,4.45
SkyWest Airlines Inc.,OO,2020,2,67071,10.86,18.94,24.25,1.12,75.62,7.34,831,1.23,221,0.32,10401,84.79,27.8,80.34,86.74,77.23,8.37,8.37,67071,221,25.91,40.71,15.01,18.85,0.14,4.82
SkyWest Airlines Inc.,OO,2020,3,74155,2.33,16.39,16.31,-7.36,76.3,6.7,7936,10.7,154,0.2,6195,74.02,23.17,72.57,75.15,81.52,7.76,7.76,74155,154,19.73,32.57,5.72,10.94,0.07,24.78
SkyWest Airlines Inc.,OO,2020,4,39382,-2.39,13.42,10.21,-11.7,71.84,5.39,11116,28.22,38,0.09,1607,71.8,20.23,77.7,74.69,74.59,6.2,6.2,39382,38,16.01,29.22,5.79,9.4,0.06,10.97
SkyWest Airlines Inc.,OO,2020,5,26042,-2.26,13.76,10.68,-11.47,74.24,5.69,1622,6.22,32,0.12,1077,72.67,19.41,73.37,73.6,74.18,7.4,7.4,26042,32,16.04,28.25,4.03,9.94,0.05,13.87
SkyWest Airlines Inc.,OO,2020,6,26243,-0.97,14.54,12.63,-6.65,76.24,6.0,133,0.5,53,0.2,1735,53.54,22.57,62.01,62.94,82.5,8.25,8.25,26243,53,18.19,58.66,10.93,2.88,0.0,6.43
SkyWest Airlines Inc.,OO,2020,7,39956,2.29,14.78,14.9,-2.35,76.13,6.56,180,0.45,82,0.2,3723,69.92,19.87,66.59,75.53,78.52,8.3,8.3,39956,82,18.7,0.0,6.75,2.22,0.13,15.61
SkyWest Airlines Inc.,OO,2020,8,49605,0.58,14.38,13.45,-5.4,75.47,6.68,269,0.54,91,0.18,3549,68.07,18.95,66.33,72.88,78.89,8.52,8.52,49605,91,19.01,0.0,8.46,1.88,0.02,10.55
SkyWest Airlines Inc.,OO,2020,9,46690,1.13,14.75,14.7,-6.28,76.32,6.45,393,0.84,94,0.2,3203,77.32,19.76,80.0,78.21,79.3,7.26,7.26,46690,94,17.2,0.0,12.06,2.27,0.16,12.15
SkyWest Airlines Inc.,OO,2020,10,51051,3.5,15.78,17.23,-2.16,76.81,6.39,388,0.76,122,0.23,4852,76.96,23.79,79.68,82.72,81.12,7.62,7.62,51051,122,20.48,0.0,12.37,2.1,0.15,18.05
SkyWest Airlines Inc.,OO,2020,11,51029,0.89,16.18,15.78,-5.18,78.07,6.72,87,0.17,106,0.2,4133,64.3,24.85,73.13,70.05,83.18,7.91,7.91,51029,106,19.64,0.0,9.43,1.51,0.09,14.67
SkyWest Airlines Inc.,OO,2020,12,54676,5.25,17.94,20.33,-0.36,80.03,6.68,539,0.98,152,0.27,6810,70.81,27.53,75.72,78.09,84.31,7.78,7.78,54676,152,21.14,0.0,13.45,5.05,0.13,13.1
SkyWest Airlines Inc.,OO,2021,1,52000,4.19,18.12,19.07,-3.59,82.1,6.62,588,1.13,165,0.31,5190,83.47,27.89,79.74,87.69,85.5,7.84,7.84,52000,165,19.6,0.0,16.99,4.78,0.27,14.74
SkyWest Airlines Inc.,OO,2021,2,47307,9.22,18.84,22.59,3.64,82.54,6.76,2084,4.4,158,0.33,7017,80.74,29.47,75.13,89.27,88.58,8.12,8.12,47307,158,20.47,197.0,24.14,3.33,0.06,10.44
SkyWest Airlines Inc.,OO,2021,3,57629,3.63,16.91,17.62,-3.51,81.86,6.81,1504,2.6,103,0.17,5491,74.65,24.12,68.88,78.24,89.1,7.88,7.88,57629,103,15.07,0.0,10.52,3.65,0.28,8.06
SkyWest Airlines Inc.,OO,2021,4,56653,2.08,16.42,16.7,-5.71,80.46,6.84,127,0.22,129,0.22,4512,73.04,24.34,75.04,76.78,88.01,7.77,7.77,56653,129,24.51,0.0,10.42,2.88,0.18,10.76
SkyWest Airlines Inc.,OO,2021,5,60404,4.97,16.61,19.11,-0.78,81.0,7.05,237,0.39,175,0.28,6779,70.95,22.49,71.56,76.76,89.87,8.34,8.34,60404,175,24.03,0.0,11.68,4.87,0.16,15.42
SkyWest Airlines Inc.,OO,2021,6,67513,13.61,17.13,24.28,9.72,80.33,7.51,505,0.74,247,0.36,12951,79.95,21.73,71.77,84.44,85.0,8.86,8.86,67513,247,28.59,110.0,10.96,5.68,0.12,26.8
SkyWest Airlines Inc.,OO,2021,7,72133,17.86,17.4,26.06,14.59,80.88,7.48,765,1.06,274,0.37,16679,83.45,21.13,70.83,87.01,83.99,8.37,8.37,72133,274,26.87,0.0,9.33,4.24,0.14,28.17
SkyWest Airlines Inc.,OO,2021,8,71617,14.82,17.57,24.29,12.23,81.48,7.44,1462,2.04,231,0.32,15049,78.95,21.95,68.08,83.92,85.13,8.68,8.68,71617,231,32.12,123.0,10.06,5.66,0.04,26.35
SkyWest Airlines Inc.,OO,2021,9,66970,5.91,16.95,19.09,1.34,79.24,7.38,297,0.44,128,0.19,8313,71.68,21.97,67.15,75.87,83.04,8.7,8.7,66970,128,27.9,111.4,5.99,4.21,0.09,21.26
SkyWest Airlines Inc.,OO,2021,10,68988,13.2,17.02,22.44,8.73,78.5,7.56,2458,3.56,152,0.22,11616,88.44,20.64,66.45,90.7,80.74,8.84,8.84,68988,152,24.52,0.0,8.92,3.27,0.13,24.76
SkyWest Airlines Inc.,OO,2021,11,66279,8.31,17.38,20.2,1.42,78.62,7.49,280,0.42,123,0.18,8487,83.55,21.99,68.39,83.9,79.17,8.75,8.75,66279,123,23.36,10.0,8.42,0.89,0.16,19.45
SkyWest Airlines Inc.,OO,2021,12,65939,18.11,19.15,28.42,12.39,80.52,8.05,3105,4.7,249,0.37,14616,82.83,24.31,70.39,86.65,85.51,9.56,9.56,65939,249,23.5,200.0,14.18,2.04,0.03,18.66
SkyWest Airlines Inc.,OO,2022,1,63146,14.78,19.51,28.21,7.92,80.36,7.86,4284,6.78,211,0.33,12064,82.34,26.24,81.01,85.03,81.6,9.68,9.68,63146,211,24.69,0.0,10.52,1.69,0.1,17.17
SkyWest Airlines Inc.,OO,2022,2,54967,13.71,19.42,27.03,7.2,78.28,7.5,2235,4.06,159,0.28,9972,83.44,27.2,80.03,87.46,79.89,9.1,9.1,54967,159,20.58,0.0,13.8,2.31,0.1,23.82
SkyWest Airlines Inc.,OO,2022,3,60963,9.2,18.06,22.17,3.93,77.99,7.29,576,0.94,170,0.27,9767,71.27,24.9,66.1,76.58,81.72,8.41,8.41,60963,170,21.09,45.33,9.99,1.33,0.24,22.23
SkyWest Airlines Inc.,OO,2022,4,63872,9.65,17.52,22.03,5.36,76.88,7.19,823,1.28,142,0.22,9883,79.08,22.63,69.08,83.5,79.36,8.33,8.33,63872,142,21.94,189.0,10.98,2.23,0.38,21.26
SkyWest Airlines Inc.,OO,2022,5,66677,10.41,16.98,21.82,5.65,74.98,7.53,523,0.78,147,0.22,10261,84.31,20.9,69.57,87.0,78.0,8.88,8.88,66677,147,25.73,0.0,8.82,1.24,0.09,21.16
SkyWest Airlines Inc.,OO,2022,6,66038,11.61,17.11,22.38,6.87,74.27,7.66,431,0.65,160,0.24,11345,79.9,20.63,64.11,81.94,76.64,9.13,9.13,66038,160,27.12,33.33,6.38,2.29,0.21,17.07
SkyWest Airlines Inc.,OO,2022,7,65236,9.94,17.32,23.39,5.04,74.55,7.52,507,0.77,220,0.33,10447,76.46,22.04,74.65,79.62,78.27,8.89,8.89,65236,220,29.93,67.0,8.96,5.45,0.26,16.73
SkyWest Airlines Inc.,OO,2022,8,63714,10.02,17.3,22.97,4.87,74.96,7.58,876,1.37,181,0.28,9823,79.64,21.59,74.41,82.63,78.52,9.36,9.36,63714,181,30.5,65.4,10.85,4.03,0.14,17.52
SkyWest Airlines Inc.,OO,2022,9,62349,6.72,17.28,20.58,1.43,73.58,7.5,225,0.36,106,0.17,8182,73.46,21.82,69.42,75.68,75.47,8.85,8.85,62349,106,23.45,115.0,6.96,2.53,0.11,14.28
SkyWest Airlines Inc.,OO,2022,10,60575,5.13,17.39,18.73,-0.4,73.31,7.31,177,0.29,131,0.21,6675,75.22,22.83,64.4,78.17,74.92,8.58,8.58,60575,131,27.97,51.0,11.31,2.31,0.2,15.08
SkyWest Airlines Inc.,OO,2022,11,55733,8.6,19.47,24.42,4.54,74.17,7.34,646,1.15,148,0.26,9323,66.12,27.76,74.12,72.86,76.64,8.21,8.21,55733,148,24.15,187.0,12.71,1.85,0.12,12.79
SkyWest Airlines Inc.,OO,2022,12,50437,17.37,20.49,30.52,14.24,75.47,7.83,2028,4.02,221,0.43,11900,76.62,27.66,74.77,83.42,78.98,9.29,9.29,50437,221,21.51,83.33,19.17,2.59,0.11,18.96
SkyWest Airlines Inc.,OO,2023,1,50353,13.8,21.34,30.21,11.11,75.22,7.86,1670,3.31,299,0.59,11173,68.92,29.97,77.76,77.81,80.06,9.43,9.43,50353,299,28.62,36.0,15.7,4.04,0.38,18.91
SkyWest Airlines Inc.,OO,2023,2,50528,10.75,19.59,24.35,6.25,74.59,7.71,1351,2.67,156,0.3,9084,71.58,26.82,66.54,78.67,79.74,9.31,9.31,50528,156,21.74,42.33,13.74,2.44,0.25,19.5
SkyWest Airlines Inc.,OO,2023,3,57855,9.97,19.77,25.57,7.27,74.3,7.64,976,1.68,248,0.42,11307,62.13,26.89,68.26,70.29,78.92,8.73,8.73,57855,248,22.7,120.0,11.89,5.24,0.17,16.01
SkyWest Airlines Inc.,OO,2023,4,56067,6.62,18.49,21.52,2.55,72.04,7.53,811,1.44,156,0.27,7788,68.61,25.64,69.48,74.98,75.82,8.77,8.77,56067,156,27.05,17.0,13.73,4.6,0.09,12.91
SkyWest Airlines Inc.,OO,2023,5,56403,5.24,18.12,20.44,0.42,70.92,7.43,413,0.73,129,0.22,7266,64.79,24.46,66.86,70.59,75.76,8.89,8.89,56403,129,28.9,38.8,7.43,5.56,0.1,16.07
SkyWest Airlines Inc.,OO,2023,6,56386,9.68,18.45,23.02,5.8,70.19,7.84,704,1.24,123,0.21,9290,73.25,23.91,66.78,78.26,74.35,9.25,9.25,56386,123,25.51,134.5,9.42,6.63,0.26,16.85
SkyWest Airlines Inc.,OO,2023,7,57290,11.02,18.35,23.86,6.75,70.41,7.85,848,1.48,177,0.3,9779,77.89,23.93,70.16,82.22,73.78,9.5,9.5,57290,177,35.95,38.72,8.9,6.7,0.03,24.26
SkyWest Airlines Inc.,OO,2023,8,58105,8.68,18.65,21.99,4.61,70.49,7.83,404,0.69,161,0.27,9047,74.71,24.2,65.33,79.49,72.93,9.08,9.08,58105,161,31.25,36.0,8.75,4.23,0.12,17.97
SkyWest Airlines Inc.,OO,2023,9,59251,8.17,18.91,22.42,4.03,69.34,7.82,230,0.38,106,0.17,9231,72.96,24.59,68.07,76.84,70.5,9.1,9.1,59251,106,32.44,40.09,6.08,7.08,0.2,21.84
SkyWest Airlines Inc.,OO,2023,10,59876,6.94,19.08,21.96,2.74,69.32,7.78,306,0.51,114,0.19,8489,72.7,25.83,70.2,77.66,70.85,9.0,9.0,59876,114,22.71,38.3,9.92,2.99,0.11,17.15
SkyWest Airlines Inc.,OO,2023,11,57222,6.57,19.51,21.9,0.8,70.58,7.71,118,0.2,124,0.21,7571,75.57,26.49,72.01,79.24,71.21,8.77,8.77,57222,124,27.35,39.16,13.63,12.17,0.09,16.17
SkyWest Airlines Inc.,OO,2023,12,56015,9.76,20.41,23.43,2.72,72.05,7.87,421,0.75,258,0.46,8164,86.59,27.04,69.54,89.06,73.91,8.9,8.9,56015,258,21.97,37.15,24.09,14.01,0.09,16.71
SkyWest Airlines Inc.,OO,2024,1,56814,19.8,21.86,31.8,15.2,73.48,8.05,2384,4.19,224,0.39,13082,91.45,29.02,80.63,96.75,74.01,9.43,9.43,56814,224,21.77,50.26,21.65,11.39,0.17,19.05
SkyWest Airlines Inc.,OO,2024,2,53335,9.39,20.57,24.44,3.61,73.6,7.76,709,1.32,219,0.41,8777,75.34,28.6,71.13,81.53,80.02,8.87,8.87,53335,219,24.77,43.59,13.99,15.6,0.26,16.43
SkyWest Airlines Inc.,OO,2024,3,56248,7.58,20.06,23.28,2.87,73.23,7.78,771,1.37,197,0.35,9138,64.97,27.42,67.49,71.01,76.66,8.91,8.91,56248,197,24.51,39.36,10.42,16.26,0.28,11.68
SkyWest Airlines Inc.,OO,2024,4,59684,8.37,19.45,22.78,4.96,72.66,7.76,400,0.67,176,0.29,9641,71.53,25.71,67.52,77.57,74.12,8.69,8.69,59684,176,27.15,38.16,10.32,14.08,0.18,13.18
SkyWest Airlines Inc.,OO,2024,5,62108,14.3,19.52,26.47,11.61,72.44,8.02,848,1.36,201,0.32,12591,82.6,24.76,72.71,88.46,75.76,9.64,9.64,62108,201,32.9,44.4,15.46,16.97,0.11,16.7
SkyWest Airlines Inc.,OO,2024,6,61857,14.84,20.13,26.81,12.42,72.34,8.25,530,0.85,211,0.34,13741,77.67,24.83,68.66,82.64,73.04,9.32,9.32,61857,211,30.51,41.16,11.63,11.82,0.18,13.46
SkyWest Airlines Inc.,OO,2024,7,63921,12.93,19.92,26.75,10.1,71.51,8.31,568,0.88,164,0.25,13609,71.79,24.62,70.38,76.64,73.6,9.89,9.89,63921,164,33.04,42.18,8.83,10.89,0.13,14.37
SkyWest Airlines Inc.,OO,2024,8,65392,11.56,20.13,25.36,8.78,71.01,8.29,279,0.42,197,0.3,13161,72.06,24.99,68.5,77.05,72.31,9.8,9.8,65392,197,33.02,43.75,8.04,12.85,0.1,15.67
SkyWest Airlines Inc.,OO,2024,9,64633,6.31,19.67,21.61,2.15,70.07,8.31,109,0.16,106,0.16,9918,65.46,24.13,65.93,68.54,70.38,9.57,9.57,64633,106,29.35,33.91,6.93,6.96,0.05,17.24
SkyWest Airlines Inc.,OO,2024,10,69069,6.54,19.57,21.67,1.76,70.83,8.17,120,0.17,115,0.16,9887,72.11,23.85,69.01,74.12,69.8,9.33,9.33,69069,115,26.93,32.41,6.15,6.57,0.06,15.11
SkyWest Airlines Inc.,OO,2024,11,65047,9.27,20.93,25.02,5.33,72.08,8.22,923,1.41,164,0.25,11685,69.53,28.48,71.52,76.25,73.32,9.46,9.46,65047,164,27.88,47.78,11.91,10.8,0.04,14.49
SkyWest Airlines Inc.,OO,2024,12,66603,15.32,21.89,29.35,10.09,73.02,8.58,886,1.33,271,0.4,14231,81.79,28.38,76.98,86.06,72.89,10.09,10.09,66603,271,26.74,44.65,17.04,10.75,0.1,14.86
SkyWest Airlines Inc.,OO,2025,1,65036,13.07,22.76,30.05,7.94,73.37,8.54,1343,2.06,191,0.29,13261,77.63,31.88,82.26,84.16,73.4,10.19,10.19,65036,191,27.99,46.79,13.68,11.81,0.07,17.72
SkyWest Airlines Inc.,OO,2025,2,59806,14.41,22.74,30.15,10.73,73.7,8.5,1055,1.76,189,0.31,13860,73.83,31.33,75.97,81.91,75.34,9.73,9.73,59806,189,27.92,49.17,11.94,11.71,0.04,19.04
SkyWest Airlines Inc.,OO,2025,3,70517,11.34,20.86,26.36,6.96,73.24,8.28,1075,1.52,265,0.37,13733,74.39,26.93,74.9,79.62,74.23,9.66,9.66,70517,265,29.53,42.8,11.52,13.23,0.06,15.55
SkyWest Airlines Inc.,OO,2025,4,69329,8.51,20.65,24.95,5.22,71.59,8.35,664,0.95,204,0.29,12066,70.34,27.35,73.83,77.55,72.55,9.99,9.99,69329,204,33.22,41.67,11.24,16.18,0.21,13.67
SkyWest Airlines Inc.,OO,2025,5,72973,9.9,20.61,24.65,7.23,70.41,8.84,628,0.86,214,0.29,13488,71.19,26.27,66.19,78.61,73.22,10.94,10.94,72973,214,37.34,45.7,12.4,16.22,0.16,14.34
SkyWest Airlines Inc.,OO,2025,6,73663,17.98,21.22,27.35,15.56,71.45,8.96,589,0.79,320,0.43,18207,82.23,26.36,61.3,88.4,72.4,11.1,11.1,73663,320,35.46,46.64,9.66,15.97,0.17,19.13
SkyWest Airlines Inc.,OO,2025,7,75880,17.26,21.16,28.83,14.78,72.06,8.88,1025,1.35,377,0.49,18367,80.55,26.14,68.36,86.33,72.35,11.1,11.1,75880,377,40.17,50.1,12.1,16.68,0.13,17.89
SkyWest Airlines Inc.,OO,2025,8,74152,12.53,20.84,26.55,9.48,71.62,9.1,755,1.01,287,0.38,15218,75.63,25.62,68.61,80.97,71.74,11.77,11.77,74152,287,39.79,50.01,11.52,13.62,0.09,17.02
SkyWest Airlines Inc.,OO,2025,9,69406,5.52,20.93,22.9,1.44,70.17,8.94,272,0.39,135,0.19,10551,63.05,27.27,67.26,69.0,70.78,11.83,11.83,69406,135,39.22,38.23,8.39,12.45,0.1,12.78
SkyWest Airlines Inc.,OO,2025,10,71930,7.38,21.37,23.69,3.72,70.08,9.04,146,0.2,150,0.2,12343,65.23,28.05,64.48,71.59,70.77,12.01,12.01,71930,150,33.37,39.59,7.03,10.89,0.06,12.9
SkyWest Airlines Inc.,OO,2025,11,68352,9.44,22.69,25.32,5.47,71.29,8.93,2964,4.33,161,0.23,11727,74.84,32.65,70.53,84.27,71.28,11.5,11.5,68352,161,35.24,45.59,12.78,21.61,0.03,12.98
Southwest Airlines Co.,WN,2015,1,100042,9.51,12.38,20.81,3.38,102.55,5.92,1767,1.76,215,0.21,18933,47.23,15.05,56.82,48.03,105.46,6.75,6.75,100042,215,17.71,24.07,1.48,6.9,0.04,24.92
Southwest Airlines Co.,WN,2015,2,90172,9.86,12.59,21.34,3.5,102.26,6.06,3454,3.83,174,0.19,16624,47.24,16.01,57.54,48.33,104.68,6.83,6.83,90172,174,17.11,30.05,2.0,7.78,0.01,23.37
Southwest Airlines Co.,WN,2015,3,109245,10.13,11.81,20.33,3.26,104.1,5.91,2148,1.96,243,0.22,19413,51.07,14.09,56.34,50.78,106.08,6.45,6.45,109245,243,15.95,24.03,1.44,6.57,0.09,25.6
Southwest Airlines Co.,WN,2015,4,106407,8.81,11.64,18.06,2.99,103.79,5.86,621,0.58,266,0.24,18499,48.12,13.79,48.22,49.05,106.28,6.44,6.44,106407,266,18.54,24.83,1.96,6.93,0.01,24.95
Southwest Airlines Co.,WN,2015,5,107702,11.93,11.58,19.76,5.68,103.53,6.07,976,0.9,396,0.36,21708,54.53,13.63,50.19,54.56,102.08,6.65,6.65,107702,396,19.43,22.58,3.23,6.86,0.03,28.45
Southwest Airlines Co.,WN,2015,6,109776,16.05,11.88,20.13,10.74,104.31,6.4,1884,1.71,516,0.47,27744,57.06,13.76,40.82,56.72,103.76,7.21,7.21,109776,516,19.36,27.67,3.34,6.49,0.04,29.27
Southwest Airlines Co.,WN,2015,7,113650,15.61,12.0,20.91,10.5,104.48,6.48,839,0.73,400,0.35,28836,56.68,14.05,44.52,56.49,102.47,7.44,7.44,113650,400,20.39,23.01,1.98,6.88,0.03,30.6
Southwest Airlines Co.,WN,2015,8,108179,11.73,11.94,20.47,5.53,102.14,6.43,1056,0.97,436,0.4,20702,57.29,14.3,55.18,57.07,102.41,7.4,7.4,108179,436,22.53,26.46,3.27,7.98,0.05,28.46
Southwest Airlines Co.,WN,2015,9,100645,5.38,11.9,16.66,-1.33,100.97,6.09,384,0.38,142,0.14,11782,47.99,15.28,58.02,48.89,101.92,7.07,7.07,100645,142,20.34,20.59,2.5,7.97,0.09,22.39
Southwest Airlines Co.,WN,2015,10,104516,6.05,11.84,16.96,-0.68,101.21,6.08,322,0.3,141,0.13,12458,48.59,14.92,55.77,49.55,100.57,6.96,6.96,104516,141,21.24,20.94,2.07,7.97,0.02,23.29
Southwest Airlines Co.,WN,2015,11,104045,7.86,11.96,17.88,0.99,103.29,6.14,970,0.93,195,0.18,16186,46.44,14.55,48.72,46.96,102.16,6.95,6.95,104045,195,17.67,23.0,1.69,7.19,0.07,22.36
Southwest Airlines Co.,WN,2015,12,107476,12.93,11.89,20.65,6.72,104.06,6.44,1622,1.5,285,0.26,23741,52.5,13.54,47.72,52.33,103.3,7.53,7.53,107476,285,21.47,24.89,2.04,6.32,0.08,28.49
Southwest Airlines Co.,WN,2016,1,104154,6.69,12.27,18.21,-0.44,103.61,6.22,2640,2.53,179,0.17,14103,46.08,15.37,56.14,46.5,102.43,7.26,7.26,104154,179,14.3,23.63,1.72,7.14,0.08,22.21
Southwest Airlines Co.,WN,2016,2,97225,4.91,12.11,16.11,-2.83,103.29,6.13,1415,1.45,168,0.17,10244,49.0,16.0,56.57,49.67,105.0,7.14,7.14,97225,168,18.25,22.3,3.01,8.07,0.05,22.95
Southwest Airlines Co.,WN,2016,3,112003,8.31,11.99,18.15,3.25,105.62,6.09,1278,1.14,217,0.19,19649,44.48,14.81,47.43,47.25,107.05,6.78,6.78,112003,217,19.46,24.3,2.19,8.46,0.06,23.81
Southwest Airlines Co.,WN,2016,4,107855,8.51,11.88,18.79,4.05,104.83,6.01,968,0.89,184,0.17,19055,45.43,14.57,51.09,48.12,105.61,6.86,6.86,107855,184,18.76,23.27,1.92,8.37,0.08,24.74
Southwest Airlines Co.,WN,2016,5,109847,8.93,11.75,18.0,4.4,104.08,6.06,610,0.55,390,0.35,19602,46.08,14.33,45.51,48.48,103.66,6.98,6.98,109847,390,21.08,26.5,2.83,7.98,0.08,25.22
Southwest Airlines Co.,WN,2016,6,112286,13.88,12.11,19.4,9.86,105.32,6.3,1510,1.34,463,0.41,26838,53.1,14.58,40.86,55.11,104.94,7.15,7.15,112286,463,23.17,28.93,2.57,7.78,0.18,29.2
Southwest Airlines Co.,WN,2016,7,115208,17.35,12.0,20.13,13.09,105.78,6.49,3395,2.94,483,0.41,29711,61.44,14.18,41.12,62.72,106.47,7.75,7.75,115208,483,20.6,33.38,3.19,7.95,0.05,32.59
Southwest Airlines Co.,WN,2016,8,110775,9.14,12.21,18.9,5.13,102.74,6.29,703,0.63,362,0.32,21257,45.91,15.34,48.59,48.96,105.62,7.33,7.33,110775,362,22.83,25.99,2.76,8.92,0.13,23.92
Southwest Airlines Co.,WN,2016,9,104083,5.83,11.92,17.22,1.3,101.75,6.05,315,0.3,140,0.13,14529,42.57,15.08,53.79,45.4,105.24,6.98,6.98,104083,140,17.81,22.2,1.87,8.59,0.04,21.94
Southwest Airlines Co.,WN,2016,10,108278,5.83,12.06,17.55,0.88,102.38,6.02,936,0.86,107,0.09,15370,40.04,14.67,52.28,42.37,105.2,6.92,6.92,108278,107,18.87,20.2,0.9,9.56,0.01,20.33
Southwest Airlines Co.,WN,2016,11,106924,5.78,11.83,16.77,-1.25,102.83,6.25,220,0.2,154,0.14,14524,40.17,14.27,48.29,42.33,106.18,7.1,7.1,106924,154,24.17,19.38,1.32,8.59,0.14,20.29
Southwest Airlines Co.,WN,2016,12,110806,12.57,12.34,20.17,7.67,104.51,6.63,1876,1.69,217,0.19,25729,48.5,14.61,43.19,50.13,108.63,7.91,7.91,110806,217,19.18,27.39,1.57,7.74,0.04,27.11
Southwest Airlines Co.,WN,2017,1,107785,10.96,12.56,21.43,6.76,104.47,6.51,2313,2.14,260,0.24,24804,45.5,15.09,51.7,49.3,109.38,7.53,7.53,107785,260,20.68,28.6,2.17,9.7,0.03,25.65
Southwest Airlines Co.,WN,2017,2,95741,6.35,12.09,18.05,1.24,104.1,6.25,1301,1.35,157,0.16,15430,40.12,15.2,52.9,43.92,108.74,7.09,7.09,95741,157,20.44,20.4,1.92,9.9,0.01,21.49
Southwest Airlines Co.,WN,2017,3,115144,7.92,12.27,18.37,4.17,105.89,6.22,2111,1.83,184,0.15,21185,40.85,15.13,46.27,44.29,109.0,7.05,7.05,115144,184,19.3,22.77,1.74,9.05,0.04,22.54
Southwest Airlines Co.,WN,2017,4,112223,9.49,11.97,18.48,5.4,106.44,6.27,844,0.75,211,0.18,21955,46.85,14.87,46.7,50.26,107.64,7.26,7.26,112223,211,20.13,24.13,1.9,9.66,0.01,26.42
Southwest Airlines Co.,WN,2017,5,113239,11.6,12.15,20.64,6.82,103.68,6.41,531,0.46,172,0.15,24953,47.85,14.94,48.83,49.7,104.06,7.52,7.52,113239,172,18.17,26.92,1.95,9.31,0.03,25.88
Southwest Airlines Co.,WN,2017,6,115235,14.85,12.45,20.25,10.62,104.52,6.69,1143,0.99,299,0.25,29298,52.07,14.93,39.78,53.37,106.27,7.71,7.71,115235,299,20.11,29.41,2.78,8.19,0.08,28.47
Southwest Airlines Co.,WN,2017,7,117975,13.38,12.69,20.1,8.77,104.45,6.69,852,0.72,305,0.25,28428,50.11,15.58,41.08,51.22,104.72,7.63,7.63,117975,305,25.8,28.03,2.76,7.92,0.04,27.01
Southwest Airlines Co.,WN,2017,8,116158,14.8,13.09,22.37,11.12,103.0,6.78,3319,2.85,256,0.22,31080,48.25,15.67,43.95,50.29,102.84,7.7,7.7,116158,256,21.9,28.28,2.12,7.85,0.04,26.78
Southwest Airlines Co.,WN,2017,9,105614,7.48,12.27,18.63,1.1,99.83,5.07,3450,3.26,205,0.19,14960,47.64,15.89,55.83,48.33,100.97,5.95,5.95,105614,205,16.51,23.09,1.92,8.22,0.03,24.45
Southwest Airlines Co.,WN,2017,10,110262,7.33,12.3,18.83,1.05,99.97,5.05,648,0.58,101,0.09,16210,44.04,14.86,53.49,43.96,103.71,5.8,5.8,110262,101,19.19,20.24,0.38,7.3,0.2,20.93
Southwest Airlines Co.,WN,2017,11,109016,6.7,11.88,16.46,-1.74,101.59,4.96,473,0.43,113,0.1,12890,49.97,13.82,48.49,47.9,104.84,5.75,5.75,109016,113,19.15,19.33,0.66,5.91,0.39,23.33
Southwest Airlines Co.,WN,2017,12,111052,10.82,12.56,18.96,3.74,102.77,5.17,1061,0.95,146,0.13,22030,47.49,15.77,43.13,47.15,107.18,6.07,6.07,111052,146,14.63,26.19,0.93,6.71,0.27,23.84
Southwest Airlines Co.,WN,2018,1,109676,8.03,12.7,19.43,0.28,102.47,5.1,2467,2.24,186,0.16,17278,45.83,16.38,54.38,45.41,103.88,5.99,5.99,109676,186,13.34,23.01,0.8,8.88,0.12,21.55
Southwest Airlines Co.,WN,2018,2,97017,11.1,12.8,22.55,4.1,103.42,5.19,2037,2.09,227,0.23,19965,44.79,15.93,54.31,45.3,106.5,5.86,5.86,97017,227,14.28,25.81,0.8,8.62,0.12,21.63
Southwest Airlines Co.,WN,2018,3,116420,11.06,12.31,19.79,4.44,105.37,5.07,2243,1.92,108,0.09,22257,47.82,14.83,45.05,47.44,106.05,5.86,5.86,116420,108,15.6,23.32,0.82,7.06,0.15,23.61
Southwest Airlines Co.,WN,2018,4,114117,12.48,12.33,19.61,6.4,104.7,5.15,1220,1.06,155,0.13,24043,51.29,14.74,41.9,51.19,105.55,5.8,5.8,114117,155,18.62,22.86,0.86,7.13,0.09,26.36
Southwest Airlines Co.,WN,2018,5,116849,13.87,12.29,19.94,7.36,103.81,5.28,1445,1.23,248,0.21,25848,54.23,14.85,41.4,53.79,103.22,6.13,6.13,116849,248,18.44,25.02,1.58,8.59,0.11,27.54
Southwest Airlines Co.,WN,2018,6,115939,13.08,12.31,17.25,6.62,104.8,5.33,1262,1.08,326,0.28,24303,54.02,15.15,31.31,54.14,107.13,6.22,6.22,115939,326,21.33,24.31,1.89,8.27,0.16,27.33
Southwest Airlines Co.,WN,2018,7,120114,14.96,12.29,16.85,8.61,105.13,5.51,2107,1.75,367,0.3,28136,55.91,15.01,28.08,56.13,108.2,6.53,6.53,120114,367,24.58,28.27,2.27,9.17,0.16,27.83
Southwest Airlines Co.,WN,2018,8,115534,12.16,12.43,19.23,6.14,102.87,5.35,1928,1.66,333,0.28,23323,54.15,15.75,44.1,55.2,107.22,6.25,6.25,115534,333,19.78,25.74,2.07,10.46,0.1,25.54
Southwest Airlines Co.,WN,2018,9,106972,7.31,12.11,17.87,0.62,102.05,5.16,1049,0.98,207,0.19,14831,50.42,15.32,54.87,51.15,106.9,6.2,6.2,106972,207,24.71,25.04,1.91,10.2,0.38,22.96
Southwest Airlines Co.,WN,2018,10,114663,7.97,12.25,18.94,1.92,102.53,5.13,648,0.56,175,0.15,18098,45.98,15.02,52.89,46.77,105.64,5.99,5.99,114663,175,18.54,21.84,0.99,8.21,0.11,22.24
Southwest Airlines Co.,WN,2018,11,112224,9.67,12.44,18.62,2.61,104.75,5.21,938,0.83,150,0.13,19414,48.7,15.55,44.46,48.53,105.36,6.23,6.23,112224,150,17.9,25.9,1.09,7.55,0.12,23.44
Southwest Airlines Co.,WN,2018,12,113027,11.27,12.4,18.07,4.27,104.96,5.39,931,0.82,186,0.16,22854,48.88,14.46,36.19,47.87,105.03,6.35,6.35,113027,186,23.28,23.3,0.73,6.62,0.25,23.86
Southwest Airlines Co.,WN,2019,1,111312,7.05,12.99,18.79,-0.67,103.45,5.44,3949,3.54,128,0.11,16111,44.58,17.59,53.96,45.88,108.12,6.48,6.48,111312,128,14.16,23.53,1.04,9.39,0.07,19.57
Southwest Airlines Co.,WN,2019,2,99500,13.87,13.16,24.92,6.83,104.31,5.62,4578,4.6,239,0.24,21508,55.4,16.4,62.64,55.34,109.7,6.54,6.54,99500,239,17.35,26.18,1.42,8.74,0.54,25.25
Southwest Airlines Co.,WN,2019,3,119413,9.66,12.15,18.98,1.54,105.54,5.22,5294,4.43,126,0.1,18482,52.5,14.56,50.71,50.18,112.1,5.9,5.9,119413,126,15.95,20.64,0.44,6.07,0.22,22.75
Southwest Airlines Co.,WN,2019,4,115401,10.88,11.83,19.52,3.16,104.19,5.21,4649,4.02,265,0.22,19636,55.39,13.93,51.66,53.39,110.64,5.92,5.92,115401,265,18.85,21.94,1.46,7.52,0.13,24.79
Southwest Airlines Co.,WN,2019,5,117849,13.33,12.22,20.66,6.29,103.74,5.34,4140,3.51,368,0.31,23973,56.7,14.89,48.58,56.29,109.31,6.1,6.1,117849,368,22.85,25.86,1.83,8.45,0.1,27.58
Southwest Airlines Co.,WN,2019,6,115213,14.05,12.41,18.14,7.85,102.82,5.55,2334,2.02,416,0.36,25992,54.74,15.2,33.99,55.52,111.07,6.43,6.43,115213,416,23.41,30.55,2.13,9.8,0.26,27.0
Southwest Airlines Co.,WN,2019,7,119342,11.49,12.23,16.78,4.22,101.71,5.46,1614,1.35,333,0.27,21555,57.94,15.4,35.46,57.24,109.71,6.36,6.36,119342,333,20.34,31.35,2.67,10.1,0.15,26.44
Southwest Airlines Co.,WN,2019,8,116526,9.28,12.42,18.77,2.16,100.53,5.41,1539,1.32,254,0.21,18988,51.92,16.21,50.46,52.43,107.88,6.3,6.3,116526,254,20.73,29.82,2.23,10.63,0.1,23.6
Southwest Airlines Co.,WN,2019,9,109217,4.95,12.04,15.86,-3.33,100.05,5.17,1781,1.63,184,0.16,11039,49.18,15.62,53.85,49.05,106.79,6.1,6.1,109217,184,19.37,20.81,1.47,10.23,0.08,20.28
Southwest Airlines Co.,WN,2019,10,116465,7.9,12.02,18.1,-0.02,101.46,5.23,1414,1.21,181,0.15,17025,47.63,15.05,50.51,47.04,109.88,5.95,5.95,116465,181,17.9,25.14,1.15,8.23,0.1,21.31
Southwest Airlines Co.,WN,2019,11,109266,7.2,11.97,16.92,-1.57,105.21,5.16,1136,1.03,131,0.11,14807,47.03,14.9,45.5,46.13,108.28,5.92,5.92,109266,131,17.16,20.15,0.55,6.97,0.26,21.14
Southwest Airlines Co.,WN,2019,12,114442,12.45,12.26,20.26,4.51,105.95,5.29,1194,1.04,137,0.11,23993,49.1,14.41,42.62,47.65,108.57,6.19,6.19,114442,137,19.0,22.13,0.49,6.98,0.15,23.27
Southwest Airlines Co.,WN,2020,1,109770,4.34,12.02,15.78,-5.58,102.05,5.01,1921,1.75,141,0.12,10321,46.63,15.68,56.31,45.7,113.15,5.86,5.86,109770,141,17.01,22.21,0.83,7.87,0.09,18.69
Southwest Airlines Co.,WN,2020,2,101581,4.3,12.24,16.11,-5.66,101.9,5.04,1109,1.09,112,0.11,9613,48.46,17.25,61.22,48.38,110.04,5.86,5.86,101581,112,15.68,23.1,0.72,9.51,0.14,20.63
Southwest Airlines Co.,WN,2020,3,116689,0.53,11.12,10.97,-8.36,105.04,4.71,19871,17.02,105,0.08,6714,37.53,15.13,42.8,40.97,126.13,5.55,5.55,116689,105,11.76,18.89,0.42,12.08,0.07,13.2
Southwest Airlines Co.,WN,2020,4,94362,-2.95,9.13,5.98,-13.58,107.9,4.03,48707,51.61,34,0.03,1306,30.67,11.98,36.04,35.07,139.2,4.63,4.63,94362,34,10.58,18.41,0.71,10.22,0.25,5.56
Southwest Airlines Co.,WN,2020,5,45347,-1.74,9.29,7.52,-11.91,102.01,4.14,2697,5.94,48,0.1,1196,41.87,11.29,51.96,39.88,119.29,4.77,4.77,45347,48,13.37,17.12,2.96,6.13,0.23,9.91
Southwest Airlines Co.,WN,2020,6,63828,1.2,9.92,11.1,-8.12,102.91,4.8,172,0.26,82,0.12,3761,46.13,12.41,58.15,45.41,110.06,6.46,6.46,63828,82,19.51,19.3,3.6,8.03,0.1,15.72
Southwest Airlines Co.,WN,2020,7,82736,-0.53,10.07,9.49,-10.3,102.34,4.88,572,0.69,107,0.12,3856,43.95,14.18,57.39,45.52,112.36,6.16,6.16,82736,107,16.34,18.63,3.76,9.32,0.12,14.89
Southwest Airlines Co.,WN,2020,8,84843,-0.26,10.04,9.28,-9.67,101.59,4.69,1052,1.23,128,0.15,3991,45.73,13.71,48.98,45.97,112.7,5.5,5.5,84843,128,18.57,18.49,4.16,9.11,0.12,14.89
Southwest Airlines Co.,WN,2020,9,63439,0.01,10.18,10.18,-9.06,100.93,4.57,443,0.69,48,0.07,2855,46.38,12.96,58.84,45.31,108.97,5.34,5.34,63439,48,16.22,16.0,1.18,6.56,0.08,14.43
Southwest Airlines Co.,WN,2020,10,64101,-0.8,10.54,9.73,-8.9,101.45,4.58,209,0.32,53,0.08,2832,33.67,15.14,48.82,37.43,124.39,5.23,5.23,64101,53,12.72,17.66,1.22,9.22,0.3,9.4
Southwest Airlines Co.,WN,2020,11,70238,-0.54,10.63,10.02,-10.67,106.85,4.74,454,0.64,95,0.13,2912,48.58,14.48,61.59,47.75,119.86,5.6,5.6,70238,95,21.47,20.05,1.02,7.98,0.16,15.48
Southwest Airlines Co.,WN,2020,12,64342,3.72,11.45,15.12,-5.3,106.89,5.02,635,0.98,67,0.1,6585,37.79,15.71,53.06,38.37,116.75,6.34,6.34,64342,67,14.45,19.07,0.48,8.62,0.14,13.25
Southwest Airlines Co.,WN,2021,1,61307,1.8,11.49,13.25,-7.08,106.72,4.87,677,1.1,43,0.07,4883,41.92,16.69,58.02,43.29,119.17,6.02,6.02,61307,43,15.09,18.78,0.45,12.14,0.1,14.08
Southwest Airlines Co.,WN,2021,2,52733,4.02,12.22,16.19,-3.57,106.46,5.13,3840,7.28,73,0.13,6114,35.89,18.92,54.34,40.83,120.89,6.54,6.54,52733,73,14.57,22.05,1.61,10.04,0.25,11.89
Southwest Airlines Co.,WN,2021,3,80574,6.05,11.12,16.44,-2.68,109.15,5.04,1782,2.21,128,0.15,9280,47.73,13.59,55.12,46.41,117.08,6.07,6.07,80574,128,19.55,19.2,1.09,7.12,0.3,20.14
Southwest Airlines Co.,WN,2021,4,80253,5.84,11.36,16.84,-3.2,107.62,5.16,491,0.61,106,0.13,8985,45.65,15.42,57.87,46.61,117.28,6.12,6.12,80253,106,23.93,20.81,1.78,9.43,0.37,18.22
Southwest Airlines Co.,WN,2021,5,87286,11.45,11.38,20.68,3.15,107.49,5.54,257,0.29,215,0.24,15882,52.9,13.2,54.41,51.5,110.8,6.8,6.8,87286,215,28.2,21.85,1.29,8.98,0.1,23.04
Southwest Airlines Co.,WN,2021,6,98532,24.02,12.05,27.35,17.78,108.7,6.58,3250,3.29,346,0.35,33405,61.49,13.31,49.93,60.07,110.31,8.22,8.22,98532,346,21.53,25.49,1.37,7.03,0.13,29.62
Southwest Airlines Co.,WN,2021,7,103956,19.49,12.28,26.11,12.99,109.65,6.28,1725,1.65,380,0.36,31307,55.49,14.08,51.08,54.38,111.21,7.57,7.57,103956,380,21.48,25.79,1.6,7.15,0.12,26.4
Southwest Airlines Co.,WN,2021,8,104524,18.77,12.13,25.5,12.03,109.59,6.22,3595,3.43,413,0.39,29843,56.2,13.68,51.64,54.11,110.95,7.53,7.53,104524,413,21.62,24.78,1.7,6.58,0.11,25.89
Southwest Airlines Co.,WN,2021,9,97438,9.94,12.14,21.18,1.75,106.51,5.85,2326,2.38,151,0.15,16821,49.09,14.58,58.62,47.41,108.39,7.08,7.08,97438,151,22.27,24.3,0.86,7.05,0.09,19.92
Southwest Airlines Co.,WN,2021,10,103300,18.41,12.02,27.58,10.77,105.93,6.29,3972,3.84,195,0.18,29824,52.15,13.26,55.96,49.51,106.37,7.66,7.66,103300,195,17.97,24.24,0.48,5.72,0.12,23.87
Southwest Airlines Co.,WN,2021,11,97398,10.92,12.05,22.19,1.85,106.48,5.83,490,0.5,135,0.13,18108,46.58,13.67,56.04,43.46,109.03,7.19,7.19,97398,135,19.15,22.25,0.22,4.76,0.2,19.74
Southwest Airlines Co.,WN,2021,12,97339,16.88,12.31,25.38,9.1,107.65,6.3,1100,1.13,190,0.19,27540,50.87,13.56,51.2,49.08,111.37,7.83,7.83,97339,190,17.8,19.57,0.46,5.99,0.12,23.99
Southwest Airlines Co.,WN,2022,1,97436,10.24,12.58,20.0,1.05,105.63,6.12,6448,6.61,129,0.13,16735,53.86,15.16,53.71,53.13,112.23,9.0,9.0,97436,129,22.23,102.0,0.76,6.82,0.11,24.24
Southwest Airlines Co.,WN,2022,2,90965,10.02,12.7,21.25,-0.08,104.22,6.0,3779,4.15,123,0.13,15852,47.0,15.69,54.6,45.31,108.39,7.77,7.77,90965,123,19.32,18.99,0.47,6.18,0.13,19.61
Southwest Airlines Co.,WN,2022,3,103720,16.39,12.53,21.43,8.97,104.97,6.02,2048,1.97,192,0.18,27707,53.12,14.52,40.25,52.73,108.4,7.38,7.38,103720,192,19.69,25.41,0.71,7.57,0.16,25.66
Southwest Airlines Co.,WN,2022,4,102931,16.7,12.39,21.72,10.62,101.15,5.89,1941,1.88,227,0.22,28471,51.85,14.1,39.91,51.77,105.49,7.23,7.23,102931,227,19.65,35.89,0.77,7.09,0.09,26.37
Southwest Airlines Co.,WN,2022,5,108027,12.18,12.19,19.23,5.16,100.53,5.72,809,0.74,226,0.2,24000,45.73,13.97,36.97,45.4,105.13,6.87,6.87,108027,226,22.81,24.37,0.94,6.88,0.13,21.21
Southwest Airlines Co.,WN,2022,6,111002,16.21,12.38,17.36,9.83,97.35,5.97,1296,1.16,236,0.21,30257,50.84,14.17,24.33,49.38,102.7,7.36,7.36,111002,236,19.44,28.54,1.01,6.43,0.1,24.56
Southwest Airlines Co.,WN,2022,7,117844,18.53,12.44,18.03,12.22,97.12,6.02,1843,1.56,382,0.32,34142,56.29,14.32,26.67,54.86,101.05,7.34,7.34,117844,382,22.12,24.48,1.45,6.52,0.21,29.11
Southwest Airlines Co.,WN,2022,8,118889,19.5,12.35,18.64,13.12,96.73,6.04,3157,2.65,356,0.29,34935,57.63,13.86,27.81,55.85,100.72,7.4,7.4,118889,356,22.99,29.46,1.65,6.69,0.29,29.49
Southwest Airlines Co.,WN,2022,9,112410,12.62,12.63,22.26,4.85,96.68,5.8,1983,1.76,245,0.21,23672,50.42,15.07,51.56,48.71,99.01,7.02,7.02,112410,245,20.84,24.1,1.3,6.44,0.08,24.27
Southwest Airlines Co.,WN,2022,10,116520,10.23,12.46,21.44,2.47,97.29,5.58,1369,1.17,199,0.17,21045,45.78,14.51,53.45,43.86,101.61,6.74,6.74,116520,199,23.02,24.44,0.52,6.16,0.16,20.76
Southwest Airlines Co.,WN,2022,11,111176,9.54,12.85,20.47,1.66,98.62,5.54,982,0.88,144,0.12,19960,43.89,15.58,49.09,43.11,104.5,6.64,6.64,111176,144,21.54,26.55,0.39,6.48,0.12,20.09
Southwest Airlines Co.,WN,2022,12,116229,20.18,13.35,26.33,13.82,100.94,6.31,17000,14.62,170,0.14,28479,63.54,15.53,54.46,63.89,106.23,8.54,8.54,116229,170,16.84,33.39,0.96,7.6,0.14,30.82
Southwest Airlines Co.,WN,2023,1,112430,12.05,13.67,22.29,4.91,99.15,5.51,3234,2.87,197,0.17,21830,57.32,17.35,57.86,58.2,104.15,6.47,6.47,112430,197,18.28,34.65,1.15,9.43,0.07,30.22
Southwest Airlines Co.,WN,2023,2,101455,7.53,13.22,19.79,-0.23,99.23,5.45,2143,2.11,149,0.14,15830,43.74,16.86,54.6,44.64,105.05,6.38,6.38,101455,149,20.22,23.03,0.65,8.53,0.09,20.85
Southwest Airlines Co.,WN,2023,3,117997,12.43,13.56,20.89,7.24,101.47,5.53,1116,0.94,215,0.18,28113,46.55,16.57,41.92,48.77,110.45,6.49,6.49,117997,215,22.99,24.7,0.7,10.56,0.15,24.89
Southwest Airlines Co.,WN,2023,4,115946,14.1,13.18,20.85,8.85,101.16,5.64,1249,1.07,284,0.24,29278,49.7,15.75,40.33,50.88,105.95,6.66,6.66,115946,284,20.91,25.05,1.17,8.89,0.15,27.14
Southwest Airlines Co.,WN,2023,5,122521,10.64,12.96,18.83,4.53,99.72,5.53,623,0.5,252,0.2,25058,45.86,15.69,38.4,46.67,102.99,6.6,6.6,122521,252,21.18,20.87,1.01,8.42,0.08,23.87
Southwest Airlines Co.,WN,2023,6,119251,16.83,13.2,16.67,12.56,100.17,5.83,708,0.59,468,0.39,35058,51.16,15.38,21.36,52.78,106.17,6.86,6.86,119251,468,26.03,26.05,1.63,9.21,0.16,28.87
Southwest Airlines Co.,WN,2023,7,126469,18.91,13.34,16.76,14.61,100.98,6.03,1191,0.94,438,0.34,39050,55.33,15.76,21.46,56.54,107.02,7.13,7.13,126469,438,22.42,38.04,2.03,9.38,0.1,30.98
Southwest Airlines Co.,WN,2023,8,125664,11.67,13.18,19.35,6.77,100.04,5.75,2064,1.64,290,0.23,28374,45.91,15.81,37.82,47.28,106.49,6.85,6.85,125664,290,23.25,30.02,1.28,8.44,0.13,24.49
Southwest Airlines Co.,WN,2023,9,117870,10.19,13.48,21.26,4.87,99.82,5.63,660,0.55,245,0.2,23230,46.9,16.75,51.5,48.6,106.96,6.64,6.64,117870,245,21.82,29.56,1.54,9.31,0.14,23.83
Southwest Airlines Co.,WN,2023,10,128588,10.01,13.49,21.64,4.02,100.97,5.69,287,0.22,132,0.1,25296,44.71,16.31,51.58,44.97,105.98,6.44,6.44,128588,132,23.38,24.65,0.53,7.14,0.14,23.18
Southwest Airlines Co.,WN,2023,11,122501,6.48,13.39,18.67,-1.12,101.92,5.44,244,0.19,54,0.04,17007,41.75,16.34,49.38,41.2,108.4,6.23,6.23,122501,54,18.69,22.85,0.21,5.81,0.17,19.75
Southwest Airlines Co.,WN,2023,12,127773,9.23,13.47,20.43,1.87,102.38,5.6,806,0.63,178,0.13,21839,47.72,16.0,50.54,46.96,108.2,6.85,6.85,127773,178,23.81,20.44,0.46,7.36,0.23,24.08
Southwest Airlines Co.,WN,2024,1,115389,12.14,14.52,25.12,6.42,103.4,5.88,3566,3.09,210,0.18,26310,48.08,18.43,60.11,51.13,111.88,7.21,7.21,115389,210,24.71,31.44,1.2,9.87,0.21,25.39
Southwest Airlines Co.,WN,2024,2,105207,7.82,13.77,21.07,0.7,103.73,5.51,466,0.44,138,0.13,17204,45.72,17.95,60.58,48.33,113.32,6.36,6.36,105207,138,23.96,25.56,0.87,11.23,0.14,22.55
Southwest Airlines Co.,WN,2024,3,125272,13.11,13.85,21.44,6.79,106.14,5.62,1170,0.93,197,0.15,27976,54.54,17.28,47.58,55.92,111.9,6.57,6.57,125272,197,22.5,29.17,0.83,11.42,0.15,29.22
Southwest Airlines Co.,WN,2024,4,120579,11.11,13.29,21.64,4.67,104.93,5.55,482,0.39,194,0.16,23674,52.23,15.9,54.14,52.73,110.79,6.37,6.37,120579,194,20.85,27.06,0.97,9.25,0.14,27.12
Southwest Airlines Co.,WN,2024,5,122496,18.36,13.62,26.2,12.92,104.39,5.93,828,0.67,431,0.35,33832,60.82,16.0,56.09,61.89,109.86,7.0,7.0,122496,431,26.42,31.98,2.11,10.54,0.1,34.48
Southwest Airlines Co.,WN,2024,6,123817,15.73,13.65,21.93,9.92,105.8,6.04,406,0.32,363,0.29,31746,54.73,16.19,42.04,54.64,110.5,7.18,7.18,123817,363,23.44,29.9,1.6,8.2,0.15,28.85
Southwest Airlines Co.,WN,2024,7,127642,17.64,13.8,20.72,12.16,106.06,6.18,849,0.66,502,0.39,36225,56.07,16.5,35.05,56.45,109.98,7.31,7.31,127642,502,22.81,32.68,1.65,8.38,0.15,29.93
Southwest Airlines Co.,WN,2024,8,118338,11.29,13.9,21.28,5.06,103.65,5.92,1006,0.85,315,0.26,23794,53.09,17.8,51.71,54.59,111.62,7.21,7.21,118338,315,25.12,35.52,1.8,10.87,0.14,26.58
Southwest Airlines Co.,WN,2024,9,112561,6.65,13.77,19.93,-0.27,103.21,5.57,493,0.43,143,0.12,16242,45.09,17.57,59.3,45.31,108.47,6.45,6.45,112561,143,19.43,24.66,0.63,8.69,0.08,21.94
Southwest Airlines Co.,WN,2024,10,119251,6.52,13.7,18.96,-1.25,103.28,5.62,1546,1.29,135,0.11,15707,46.15,17.35,54.25,45.89,106.15,6.53,6.53,119251,135,24.4,26.36,0.44,7.89,0.12,22.64
Southwest Airlines Co.,WN,2024,11,112591,6.0,13.68,18.27,-2.48,104.75,5.44,386,0.34,137,0.12,14240,47.06,18.32,54.26,47.6,110.7,6.2,6.2,112591,137,22.4,24.55,0.84,9.09,0.17,22.85
Southwest Airlines Co.,WN,2024,12,116276,12.71,13.74,21.37,4.71,105.28,5.59,574,0.49,285,0.24,22464,59.7,16.55,50.11,58.65,109.81,6.65,6.65,116276,285,23.86,28.83,1.35,8.76,0.14,32.78
Southwest Airlines Co.,WN,2025,1,105307,7.3,14.39,20.22,-1.17,105.25,5.48,3016,2.86,171,0.16,15531,50.56,19.77,60.97,51.95,112.62,6.56,6.56,105307,171,18.31,27.6,2.12,10.37,0.17,23.85
Southwest Airlines Co.,WN,2025,2,100199,8.68,14.62,19.87,0.22,106.03,5.45,557,0.55,136,0.13,16400,54.74,20.25,54.71,56.44,113.82,6.31,6.31,100199,136,21.38,26.54,1.21,13.05,0.12,27.01
Southwest Airlines Co.,WN,2025,3,122432,10.52,13.84,16.67,2.97,108.75,5.48,1022,0.83,292,0.23,21284,59.68,17.84,39.51,60.2,113.8,6.33,6.33,122432,292,23.76,33.33,1.5,11.31,0.13,31.15
Southwest Airlines Co.,WN,2025,4,117622,10.57,13.91,20.52,4.38,108.19,5.55,585,0.49,197,0.16,22173,55.35,17.52,54.04,56.97,113.55,6.28,6.28,117622,197,26.81,26.1,1.63,11.18,0.14,29.5
Southwest Airlines Co.,WN,2025,5,119819,14.38,14.07,23.13,8.25,107.46,5.74,626,0.52,309,0.25,27456,58.42,17.48,53.83,59.34,112.59,6.67,6.67,119819,309,23.44,30.36,2.35,12.77,0.06,29.75
Southwest Airlines Co.,WN,2025,6,122348,18.2,14.14,20.2,12.6,108.97,5.89,756,0.61,440,0.35,34113,60.16,17.13,36.06,60.43,113.06,6.76,6.76,122348,440,23.66,33.11,2.03,10.65,0.13,32.13
Southwest Airlines Co.,WN,2025,7,125677,20.55,14.21,20.31,14.73,108.78,6.05,1605,1.27,545,0.43,35731,65.95,17.24,34.79,66.04,112.74,7.09,7.09,125677,545,25.55,40.38,2.8,11.86,0.11,34.54
Southwest Airlines Co.,WN,2025,8,114519,12.88,14.2,22.72,6.45,105.82,5.77,435,0.37,405,0.35,24370,55.27,17.74,54.65,55.33,111.48,6.79,6.79,114519,405,25.09,31.37,2.3,10.97,0.12,27.69
Southwest Airlines Co.,WN,2025,9,110361,9.2,14.17,21.48,2.58,105.42,5.52,265,0.24,207,0.18,18735,50.66,18.21,59.65,50.9,111.8,6.41,6.41,110361,207,23.32,28.5,1.44,10.97,0.12,24.58
Southwest Airlines Co.,WN,2025,10,121588,12.73,14.24,22.04,6.49,106.25,5.49,308,0.25,188,0.15,27400,50.04,17.2,51.17,49.25,110.8,6.09,6.09,121588,188,23.94,24.74,0.77,8.45,0.1,26.02
Southwest Airlines Co.,WN,2025,11,113938,11.92,14.39,19.9,4.52,107.26,5.47,1970,1.72,151,0.13,22537,57.29,18.35,50.85,56.77,110.04,6.11,6.11,113938,151,21.94,25.62,0.73,12.64,0.16,29.16
Spirit Airlines,NK,2015,1,8743,13.14,14.85,14.31,11.39,134.92,9.49,98,1.12,13,0.14,2346,53.1,18.5,32.93,59.62,138.53,12.03,12.03,8743,13,54.69,27.2,0.25,40.02,0.16,10.51
Spirit Airlines,NK,2015,2,8089,16.95,15.64,15.95,16.47,134.39,9.74,266,3.28,10,0.12,2566,53.81,20.27,33.13,62.98,138.26,12.39,12.39,8089,10,13.91,37.29,2.39,24.58,0.06,20.96
Spirit Airlines,NK,2015,3,9400,12.61,14.28,14.3,10.03,133.57,9.14,139,1.47,7,0.07,2305,56.38,17.6,32.13,62.19,139.16,11.49,11.49,9400,7,24.28,31.11,1.44,23.92,0.12,21.12
Spirit Airlines,NK,2015,4,9496,9.92,14.4,9.95,8.76,132.9,9.2,64,0.67,17,0.17,2321,45.87,17.59,14.45,54.12,139.51,11.23,11.23,9496,17,43.55,33.24,1.71,25.51,0.08,16.8
Spirit Airlines,NK,2015,5,10051,23.6,14.38,10.95,22.39,130.83,9.75,225,2.23,26,0.25,3648,64.52,16.29,14.1,69.34,134.02,11.77,11.77,10051,26,27.42,39.6,2.43,23.17,0.2,27.69
Spirit Airlines,NK,2015,6,9826,36.16,15.08,10.05,35.56,129.64,10.34,479,4.87,22,0.22,4419,76.21,16.7,10.47,80.3,133.07,12.15,12.15,9826,22,20.54,30.44,1.42,26.15,0.12,32.15
Spirit Airlines,NK,2015,7,10351,16.41,14.98,9.64,14.35,129.19,9.23,131,1.26,18,0.17,3093,56.46,17.69,10.37,60.49,133.71,10.77,10.77,10351,18,21.0,34.81,1.07,23.04,0.3,22.43
Spirit Airlines,NK,2015,8,10432,22.25,14.84,8.13,20.51,129.51,9.37,186,1.78,19,0.18,3587,64.47,17.0,12.03,68.24,133.42,11.0,11.0,10432,19,18.28,35.95,0.86,34.5,0.07,19.85
Spirit Airlines,NK,2015,9,9948,9.67,14.4,11.54,8.0,131.2,9.67,68,0.68,12,0.12,2235,51.45,17.25,24.9,57.55,132.36,12.49,12.49,9948,12,28.83,31.38,0.81,22.18,0.08,19.04
Spirit Airlines,NK,2015,10,10208,8.28,14.15,10.93,6.81,132.23,9.82,61,0.59,13,0.12,2167,47.93,16.8,19.54,54.49,134.74,12.76,12.76,10208,13,21.3,35.69,0.08,47.29,0.1,4.41
Spirit Airlines,NK,2015,11,10164,8.64,14.17,8.48,7.54,134.41,9.53,105,1.03,9,0.08,2397,44.68,17.39,18.22,52.95,143.95,12.03,12.03,10164,9,20.88,32.0,1.31,25.37,0.16,13.67
Spirit Airlines,NK,2015,12,10671,14.32,14.28,10.08,12.73,135.97,9.38,182,1.7,16,0.14,3137,51.48,17.02,17.1,57.09,139.69,11.05,11.05,10671,16,29.29,31.91,1.04,19.75,0.24,21.16
Spirit Airlines,NK,2016,1,11047,14.54,14.55,10.85,13.12,135.06,9.46,308,2.78,10,0.09,3210,52.02,17.54,21.11,57.52,137.95,11.09,11.09,11047,10,46.09,33.4,1.05,19.17,0.18,20.99
Spirit Airlines,NK,2016,2,10354,21.17,14.71,9.49,19.35,134.01,9.2,404,3.9,12,0.11,3398,64.12,17.55,17.68,68.36,138.39,10.42,10.42,10354,12,20.41,36.84,0.66,38.6,0.07,17.21
Spirit Airlines,NK,2016,3,11246,19.03,14.9,10.76,17.18,133.79,9.12,174,1.54,20,0.17,3790,55.57,17.71,11.74,59.69,137.15,10.06,10.06,11246,20,37.95,35.58,0.04,57.73,0.0,1.03
Spirit Airlines,NK,2016,4,11281,11.92,14.42,7.74,9.14,130.64,9.59,193,1.71,22,0.19,2740,52.84,17.23,17.52,56.93,134.36,11.55,11.55,11281,22,27.9,27.85,1.04,23.66,0.16,19.27
Spirit Airlines,NK,2016,5,11992,10.31,14.71,5.91,6.94,129.56,9.39,164,1.36,14,0.11,2650,52.25,18.5,7.72,56.94,135.74,11.13,11.13,11992,14,21.28,40.21,2.07,24.28,0.16,18.38
Spirit Airlines,NK,2016,6,11605,11.74,15.47,5.33,8.68,128.41,9.43,270,2.32,21,0.18,2844,52.39,19.6,2.63,57.52,133.2,11.08,11.08,11605,21,43.38,30.76,1.34,22.68,0.24,19.86
Spirit Airlines,NK,2016,7,11995,14.99,15.44,5.71,11.48,128.09,9.57,251,2.09,34,0.28,2981,64.8,19.43,0.67,68.76,130.73,11.35,11.35,11995,34,24.41,44.0,0.46,54.97,0.02,8.84
Spirit Airlines,NK,2016,8,11992,17.67,15.44,7.24,14.14,128.02,9.62,197,1.64,15,0.12,3176,71.87,18.83,2.3,74.44,129.96,11.17,11.17,11992,15,19.76,40.45,1.4,52.75,0.18,13.12
Spirit Airlines,NK,2016,9,11151,4.82,14.68,7.84,0.7,130.02,9.18,49,0.43,13,0.11,1597,60.61,19.0,15.59,64.8,133.45,11.01,11.01,11151,13,24.0,25.36,0.14,60.12,0.0,2.61
Spirit Airlines,NK,2016,10,11503,5.67,14.44,6.76,1.34,131.1,8.99,295,2.56,16,0.13,1580,66.24,18.25,10.67,69.04,135.64,10.39,10.39,11503,16,32.94,28.32,0.33,44.19,0.1,13.39
Spirit Airlines,NK,2016,11,11607,3.66,14.01,7.56,-0.66,132.82,8.77,38,0.32,7,0.06,1529,56.35,18.76,23.32,61.95,140.7,9.94,9.94,11607,7,20.42,28.08,1.14,28.2,0.1,18.7
Spirit Airlines,NK,2016,12,12426,13.73,15.15,9.64,11.7,135.52,8.98,286,2.3,15,0.12,3164,60.62,19.25,21.16,66.65,142.99,10.27,10.27,12426,15,26.47,29.6,1.14,28.02,0.07,21.04
Spirit Airlines,NK,2017,1,12570,11.71,15.31,12.63,8.99,135.79,8.9,441,3.5,19,0.15,2957,59.28,19.5,31.55,65.82,142.86,10.37,10.37,12570,19,13.78,34.32,0.73,43.84,0.03,12.13
Spirit Airlines,NK,2017,2,11443,6.29,14.47,11.62,2.48,135.0,8.54,199,1.73,16,0.13,1893,58.59,18.46,37.5,63.51,145.61,9.65,9.65,11443,16,36.29,23.47,0.85,30.08,0.08,17.39
Spirit Airlines,NK,2017,3,12882,12.62,15.28,12.07,9.45,134.7,8.89,321,2.49,19,0.14,2877,66.52,19.42,23.88,71.06,140.15,10.15,10.15,12882,19,22.76,29.1,1.21,30.33,0.05,22.05
Spirit Airlines,NK,2017,4,12544,12.15,15.12,12.05,7.9,133.28,9.12,229,1.82,17,0.13,2635,70.01,19.44,28.8,74.17,137.39,10.63,10.63,12544,17,29.5,43.94,0.95,30.84,0.12,23.26
Spirit Airlines,NK,2017,5,13405,14.88,15.34,5.55,11.44,130.86,9.45,840,6.26,12,0.08,3307,65.51,19.04,7.05,69.41,136.09,11.1,11.1,13405,12,17.61,36.75,1.24,31.5,0.15,19.92
Spirit Airlines,NK,2017,6,13486,18.03,15.69,-0.96,14.89,133.61,9.51,549,4.07,25,0.18,3701,69.96,19.63,-3.39,73.76,136.98,11.09,11.09,13486,25,28.76,44.2,2.49,32.35,0.34,24.34
Spirit Airlines,NK,2017,7,14212,13.92,15.36,1.88,9.76,133.59,9.79,416,2.92,32,0.22,3318,67.53,19.22,3.44,71.26,135.33,12.09,12.09,14212,32,28.82,43.65,1.57,51.09,0.09,11.51
Spirit Airlines,NK,2017,8,14253,9.26,15.32,-0.35,5.32,133.96,9.36,486,3.4,27,0.18,2784,60.52,19.7,4.19,64.58,136.59,11.04,11.04,14253,27,23.82,40.04,2.09,38.06,0.11,14.45
Spirit Airlines,NK,2017,9,12919,7.44,14.72,5.73,-0.36,133.56,9.24,1350,10.44,9,0.06,1864,70.49,19.34,22.62,70.03,132.51,10.56,10.56,12919,9,21.25,36.96,1.99,24.77,0.15,21.7
Spirit Airlines,NK,2017,10,13080,4.62,14.38,6.36,-2.77,134.26,9.24,81,0.61,9,0.06,1591,71.13,18.38,19.82,71.99,135.96,11.03,11.03,13080,9,26.55,26.83,1.95,28.32,0.57,24.15
Spirit Airlines,NK,2017,11,12806,1.92,13.93,4.9,-5.29,137.1,9.02,50,0.39,10,0.07,1252,60.96,17.7,33.81,63.56,146.4,11.01,11.01,12806,10,21.33,23.62,0.28,25.44,0.71,19.53
Spirit Airlines,NK,2017,12,13218,8.5,15.61,6.41,4.39,139.86,9.32,179,1.35,14,0.1,2403,60.75,22.27,26.09,68.03,144.22,11.39,11.39,13218,14,32.64,34.58,2.11,29.6,0.18,19.16
Spirit Airlines,NK,2018,1,14180,5.61,15.13,9.57,-0.48,139.43,9.46,369,2.6,12,0.08,2042,61.07,21.15,45.56,66.34,139.97,12.35,12.35,14180,12,27.08,33.9,1.19,30.11,0.17,17.34
Spirit Airlines,NK,2018,2,12971,10.05,15.38,5.07,4.72,139.73,9.39,177,1.36,18,0.13,2149,76.28,21.76,23.66,82.2,145.54,11.22,11.22,12971,18,21.05,41.15,2.46,36.37,0.11,25.48
Spirit Airlines,NK,2018,3,14841,5.44,15.11,4.95,-0.41,138.2,9.37,257,1.73,20,0.13,1939,63.83,21.18,32.28,68.68,141.99,11.66,11.66,14841,20,28.85,40.96,1.88,30.21,0.08,19.85
Spirit Airlines,NK,2018,4,14548,9.66,15.17,1.91,5.4,139.86,9.63,100,0.68,30,0.2,2513,72.05,20.03,4.99,78.65,143.69,12.37,12.37,14548,30,24.64,38.68,0.09,71.65,0.02,4.4
Spirit Airlines,NK,2018,5,14889,11.75,15.17,-2.55,7.81,140.15,9.94,83,0.55,27,0.18,2828,73.48,19.74,-28.97,79.6,142.9,12.47,12.47,14889,27,39.03,31.53,3.95,38.3,0.16,23.91
Spirit Airlines,NK,2018,6,15433,13.12,15.45,-3.6,10.0,138.37,10.46,83,0.53,41,0.26,3460,65.42,19.92,-17.03,72.36,141.43,13.32,13.32,15433,41,29.17,35.22,2.28,52.07,0.07,11.61
Spirit Airlines,NK,2018,7,16093,16.82,15.51,-11.83,13.93,137.23,10.63,156,0.96,43,0.26,4053,72.1,19.54,-38.73,78.17,141.13,13.28,13.28,16093,43,45.68,36.43,4.17,37.66,0.05,22.83
Spirit Airlines,NK,2018,8,16095,18.14,15.47,-3.69,15.2,137.02,10.49,210,1.3,37,0.22,4058,77.26,19.4,-19.0,82.56,140.04,12.99,12.99,16095,37,36.18,45.33,3.03,36.67,0.24,27.07
Spirit Airlines,NK,2018,9,13917,7.89,14.73,1.09,1.59,133.78,9.74,142,1.02,24,0.17,2037,72.94,19.63,1.38,77.35,136.19,12.41,12.41,13917,24,23.6,30.31,2.27,37.09,0.15,21.62
Spirit Airlines,NK,2018,10,13780,3.13,14.48,2.95,-2.92,134.08,9.56,32,0.23,23,0.16,1467,58.13,20.4,5.9,63.49,135.8,12.1,12.1,13780,23,26.04,28.77,1.12,35.25,0.24,14.1
Spirit Airlines,NK,2018,11,14418,7.83,15.23,5.07,3.59,136.31,9.77,76,0.52,16,0.11,2490,58.38,20.56,8.38,64.93,135.52,12.2,12.2,14418,16,28.0,36.8,0.88,33.41,0.72,15.65
Spirit Airlines,NK,2018,12,15013,6.66,15.19,1.94,0.71,137.76,9.85,52,0.34,21,0.13,2249,57.11,19.42,16.35,62.38,136.75,12.93,12.93,15013,21,34.09,29.69,1.41,29.01,0.1,15.94
Spirit Airlines,NK,2019,1,15222,7.83,16.08,4.26,2.72,137.55,9.5,199,1.3,14,0.09,2383,66.1,23.77,24.62,73.68,138.36,11.79,11.79,15222,14,25.93,34.0,4.64,36.27,0.15,18.28
Spirit Airlines,NK,2019,2,13654,12.58,16.03,2.54,7.54,137.81,9.35,207,1.51,11,0.08,2824,67.57,22.28,11.84,72.89,142.09,10.74,10.74,13654,11,26.0,40.32,3.61,33.75,0.12,20.88
Spirit Airlines,NK,2019,3,17154,6.01,14.82,3.08,-0.86,136.73,9.34,120,0.69,14,0.08,2199,62.51,20.29,12.09,64.96,139.83,11.23,11.23,17154,14,39.13,33.22,1.15,26.26,0.19,18.72
Spirit Airlines,NK,2019,4,16774,10.89,14.6,3.03,3.76,136.25,9.52,458,2.73,32,0.19,2838,73.77,18.31,12.93,75.02,134.41,11.87,11.87,16774,32,29.02,38.94,2.64,31.73,0.13,22.5
Spirit Airlines,NK,2019,5,18055,14.18,15.08,-4.46,8.7,132.94,9.8,241,1.33,52,0.28,4034,67.8,18.67,-17.39,70.48,137.68,11.68,11.68,18055,52,30.75,39.03,2.05,30.35,0.12,22.74
Spirit Airlines,NK,2019,6,17874,16.21,15.84,-5.3,12.27,131.89,10.26,321,1.79,60,0.33,4696,63.65,19.86,-18.9,68.94,137.22,12.87,12.87,17874,60,31.11,44.36,2.74,32.25,0.12,22.59
Spirit Airlines,NK,2019,7,18845,15.81,15.36,-6.71,10.45,129.54,10.19,417,2.21,61,0.32,4408,69.94,18.77,-32.47,72.44,132.96,12.77,12.77,18845,61,25.8,42.24,4.07,32.12,0.12,23.35
Spirit Airlines,NK,2019,8,18860,18.29,15.68,-4.25,14.29,129.73,10.13,564,2.99,32,0.16,4901,71.7,18.89,-11.64,74.5,132.55,12.23,12.23,18860,32,34.42,39.69,2.23,32.56,0.21,22.99
Spirit Airlines,NK,2019,9,16759,5.89,14.74,4.04,-2.19,128.85,9.49,763,4.55,23,0.13,1934,69.25,18.73,21.72,70.3,133.01,12.29,12.29,16759,23,24.21,32.1,2.74,28.68,0.12,18.99
Spirit Airlines,NK,2019,10,16911,6.66,14.94,6.87,0.15,129.29,9.63,114,0.67,22,0.13,2479,59.55,19.21,16.03,61.07,130.23,11.96,11.96,16911,22,24.71,27.76,1.42,29.13,0.06,15.33
Spirit Airlines,NK,2019,11,17438,4.93,14.65,4.04,-0.94,131.99,9.2,88,0.5,18,0.1,2172,57.48,19.82,11.01,60.21,134.28,10.92,10.92,17438,18,20.44,27.69,0.85,23.33,0.09,18.38
Spirit Airlines,NK,2019,12,17299,10.41,15.44,6.14,3.66,136.21,9.6,98,0.56,25,0.14,3124,63.66,20.07,16.43,66.31,139.42,12.05,12.05,17299,25,24.57,32.3,2.95,28.48,0.3,18.68
Spirit Airlines,NK,2020,1,17477,6.23,15.29,2.59,-1.57,137.45,9.33,119,0.68,25,0.14,2334,61.95,20.61,19.63,65.0,140.5,11.47,11.47,17477,25,25.2,28.87,1.77,27.06,0.28,18.3
Spirit Airlines,NK,2020,2,17364,9.3,15.45,3.53,2.36,136.7,9.31,59,0.33,26,0.14,2904,62.96,20.84,6.94,67.19,138.65,11.14,11.14,17364,26,31.84,29.47,1.28,28.63,0.36,20.07
Spirit Airlines,NK,2020,3,19729,5.43,14.18,4.32,-3.19,135.42,8.64,1458,7.39,20,0.1,2153,69.91,17.43,-0.93,69.63,143.05,9.73,9.73,19729,20,21.53,24.91,0.9,26.88,0.15,19.85
Spirit Airlines,NK,2020,4,5543,-0.73,11.87,3.68,-12.67,138.83,7.62,1099,19.82,4,0.07,307,72.36,14.04,34.81,67.53,143.22,8.27,8.27,5543,4,18.5,13.94,1.14,4.47,0.12,14.9
Spirit Airlines,NK,2020,5,1410,-3.41,12.77,9.35,-13.31,122.72,7.09,0,0.0,2,0.14,43,44.2,14.18,58.39,47.09,143.27,7.16,7.16,1410,2,39.0,24.57,3.3,8.81,0.0,7.76
Spirit Airlines,NK,2020,6,4395,0.01,13.27,12.63,-9.99,127.66,8.05,0,0.0,13,0.29,232,64.8,16.62,69.01,67.11,130.71,13.44,13.44,4395,13,25.84,25.46,5.43,9.26,0.0,10.94
Spirit Airlines,NK,2020,7,15993,2.63,13.27,11.76,-4.96,133.87,8.78,8,0.05,46,0.28,1524,58.96,17.09,42.99,62.28,137.91,11.5,11.5,15993,46,26.97,27.72,8.54,10.44,1.19,18.44
Spirit Airlines,NK,2020,8,11578,1.7,13.22,12.92,-6.52,140.89,8.19,63,0.54,35,0.3,915,58.21,17.38,53.56,62.0,148.6,10.85,10.85,11578,35,21.22,23.99,8.02,21.0,0.21,13.05
Spirit Airlines,NK,2020,9,7460,0.58,13.31,13.31,-6.49,144.93,7.78,0,0.0,20,0.26,559,47.27,16.8,56.35,51.27,149.0,9.08,9.08,7460,20,24.2,25.66,2.49,17.92,0.65,11.35
Spirit Airlines,NK,2020,10,9117,1.75,13.29,14.25,-3.13,142.27,8.15,2,0.02,14,0.15,855,47.57,16.63,55.78,53.03,149.98,10.62,10.62,9117,14,24.71,28.36,2.58,23.03,0.94,13.4
Spirit Airlines,NK,2020,11,12291,1.02,13.11,5.33,-3.04,140.81,7.91,20,0.16,19,0.15,1164,40.61,16.37,35.96,47.71,154.13,9.55,9.55,12291,19,27.78,23.28,1.25,19.42,0.58,13.47
Spirit Airlines,NK,2020,12,12745,4.4,14.03,7.25,1.25,139.11,8.14,136,1.06,21,0.16,1896,43.44,18.79,21.99,52.78,150.39,10.48,10.48,12745,21,21.19,30.2,1.92,25.3,0.43,12.58
Spirit Airlines,NK,2021,1,11202,1.27,13.9,6.06,-4.26,139.1,7.9,99,0.88,14,0.12,1139,48.86,19.22,25.1,55.83,147.67,9.74,9.74,11202,14,19.92,28.87,1.44,32.78,0.75,9.84
Spirit Airlines,NK,2021,2,10105,3.64,14.75,13.31,0.57,138.79,8.1,349,3.45,17,0.16,1453,42.21,23.05,51.38,55.31,146.68,9.87,9.87,10105,17,20.88,27.51,4.28,27.37,0.25,10.8
Spirit Airlines,NK,2021,3,14687,4.32,13.59,5.71,1.69,137.73,8.22,56,0.38,20,0.13,2149,43.47,17.0,24.96,50.36,144.59,9.98,9.98,14687,20,21.15,20.14,2.16,22.12,0.51,11.59
Spirit Airlines,NK,2021,4,14487,13.93,13.91,11.49,11.34,137.08,8.72,232,1.6,34,0.23,3202,67.15,17.3,40.83,73.71,141.78,10.68,10.68,14487,34,32.17,35.78,4.2,24.24,3.89,24.72
Spirit Airlines,NK,2021,5,17032,7.31,13.6,-0.99,2.58,134.42,9.26,20,0.11,44,0.25,2598,57.79,16.55,1.18,62.04,136.98,12.69,12.69,17032,44,23.55,26.87,4.57,20.53,0.92,21.08
Spirit Airlines,NK,2021,6,16608,14.75,15.02,-1.28,10.63,134.54,10.18,105,0.63,68,0.4,4128,60.56,18.9,-14.36,66.69,136.1,13.61,13.61,16608,68,27.42,36.7,4.92,24.98,0.61,21.8
Spirit Airlines,NK,2021,7,18993,25.09,15.13,-14.29,20.8,132.49,11.49,333,1.75,83,0.43,6372,71.53,17.63,-44.61,74.56,133.49,14.63,14.63,18993,83,28.31,38.84,4.4,22.21,0.78,26.78
Spirit Airlines,NK,2021,8,19096,18.62,15.14,-3.92,13.53,132.57,10.81,2923,15.3,47,0.24,4456,69.27,17.8,-10.19,71.83,132.05,14.21,14.21,19096,47,35.89,31.94,4.52,23.15,0.92,20.76
Spirit Airlines,NK,2021,9,16867,8.06,14.54,0.66,1.74,136.45,10.61,316,1.87,24,0.14,2813,56.48,17.75,5.64,60.29,136.52,15.05,15.05,16867,24,30.96,38.57,2.84,20.58,1.23,15.66
Spirit Airlines,NK,2021,10,16858,8.62,14.62,3.17,1.99,137.26,9.81,249,1.47,19,0.11,2718,59.86,18.44,18.44,63.29,140.99,12.37,12.37,16858,19,23.78,36.9,2.89,21.63,0.53,17.02
Spirit Airlines,NK,2021,11,17441,8.66,14.54,0.86,3.18,138.21,9.52,108,0.61,17,0.09,3011,57.06,17.24,12.61,58.99,139.18,11.81,11.81,17441,17,26.41,25.61,1.06,18.04,0.78,18.73
Spirit Airlines,NK,2021,12,17985,14.62,14.87,4.07,8.57,139.45,10.07,871,4.84,27,0.15,4401,57.11,16.91,0.4,60.02,147.83,12.43,12.43,17985,27,30.37,31.23,1.04,18.94,0.57,18.38
Spirit Airlines,NK,2022,1,17554,11.74,15.79,11.47,8.52,140.27,9.68,601,3.42,20,0.11,3929,58.18,20.44,21.82,64.65,144.94,12.65,12.65,17554,20,30.22,35.33,2.07,21.85,0.6,19.67
Spirit Airlines,NK,2022,2,16729,14.56,15.78,7.34,11.71,139.54,9.19,559,3.34,37,0.22,4217,60.26,20.12,9.01,66.25,147.52,11.06,11.06,16729,37,29.92,32.2,1.31,22.3,0.38,19.67
Spirit Airlines,NK,2022,3,19236,16.97,15.81,8.75,15.84,140.48,9.37,410,2.13,33,0.17,5615,59.19,19.67,15.78,66.78,145.04,11.17,11.17,19236,33,28.85,42.93,2.29,27.94,0.62,19.27
Spirit Airlines,NK,2022,4,18653,22.8,15.94,7.39,21.71,139.02,9.41,1920,10.29,41,0.21,5785,67.24,19.06,9.64,73.58,145.69,11.22,11.22,18653,41,26.76,42.08,3.38,25.44,0.43,21.73
Spirit Airlines,NK,2022,5,19089,15.61,15.49,9.1,13.63,138.05,9.88,413,2.16,41,0.21,5496,54.63,18.61,10.62,60.92,145.47,12.14,12.14,19089,41,29.02,39.84,3.38,23.23,0.39,16.18
Spirit Airlines,NK,2022,6,18555,15.16,15.83,18.93,9.07,132.39,10.23,227,1.22,46,0.24,4312,66.79,20.58,42.96,70.04,137.74,12.51,12.51,18555,46,34.1,49.17,3.86,29.82,0.35,17.1
Spirit Airlines,NK,2022,7,19392,12.8,15.82,18.19,5.85,131.87,10.17,68,0.35,32,0.16,4015,65.91,20.97,39.9,69.56,132.42,12.93,12.93,19392,32,28.09,36.48,4.79,29.83,0.58,16.96
Spirit Airlines,NK,2022,8,19581,9.86,15.5,13.77,3.01,130.58,9.96,176,0.89,43,0.21,3382,65.24,20.37,38.35,70.15,135.42,13.47,13.47,19581,43,30.02,48.85,5.6,29.85,1.1,17.37
Spirit Airlines,NK,2022,9,20123,9.44,15.68,11.46,3.99,131.04,9.63,714,3.54,44,0.21,3644,59.55,21.08,32.83,64.76,132.77,11.65,11.65,20123,44,33.22,35.77,2.93,27.51,0.33,18.74
Spirit Airlines,NK,2022,10,21317,9.56,14.93,7.88,2.99,132.03,9.61,488,2.28,22,0.1,3518,64.11,18.32,35.78,65.04,132.63,11.79,11.79,21317,22,27.0,30.44,2.07,22.61,0.36,18.46
Spirit Airlines,NK,2022,11,20935,13.71,15.42,8.73,10.1,134.61,9.96,403,1.92,25,0.11,5131,57.74,18.57,25.51,61.6,137.35,12.21,12.21,20935,25,30.64,28.77,0.93,21.5,0.31,18.62
Spirit Airlines,NK,2022,12,21236,20.25,15.98,12.97,16.98,134.25,10.53,994,4.68,11,0.05,6436,64.64,18.8,25.72,68.46,137.49,13.02,13.02,21236,11,18.75,32.09,2.48,20.68,0.39,20.64
Spirit Airlines,NK,2023,1,21876,18.59,16.22,13.79,13.89,134.18,10.31,507,2.31,21,0.09,6209,66.76,19.59,27.68,69.75,133.59,12.5,12.5,21876,21,35.85,30.17,1.52,27.09,0.48,18.54
Spirit Airlines,NK,2023,2,20192,15.74,15.61,8.15,10.06,132.6,10.16,272,1.34,25,0.12,4766,69.39,19.4,17.49,72.42,137.55,12.48,12.48,20192,25,27.3,33.61,1.86,25.86,0.42,21.87
Spirit Airlines,NK,2023,3,22613,23.59,16.59,13.18,20.35,132.78,10.53,381,1.68,35,0.15,7722,68.02,19.68,21.5,72.05,136.85,12.51,12.51,22613,35,28.6,35.45,1.18,29.79,0.45,20.11
Spirit Airlines,NK,2023,4,22751,25.92,16.34,13.21,23.64,130.63,10.77,815,3.58,49,0.21,8079,70.65,19.12,19.01,75.32,132.97,12.94,12.94,22751,49,30.38,47.07,2.75,31.08,0.59,21.3
Spirit Airlines,NK,2023,5,22506,14.45,15.88,7.56,10.52,137.89,10.27,172,0.76,55,0.24,5659,60.34,19.31,3.07,64.75,140.47,12.84,12.84,22506,55,35.58,39.17,3.19,24.66,0.54,18.38
Spirit Airlines,NK,2023,6,21155,29.99,16.8,7.65,27.7,138.62,11.27,697,3.29,105,0.49,7921,76.85,19.94,8.8,82.77,142.27,13.84,13.84,21155,105,36.88,51.15,4.74,27.55,0.55,26.69
Spirit Airlines,NK,2023,7,21187,28.21,17.0,5.64,25.48,137.29,11.3,467,2.2,70,0.33,7769,74.97,20.79,0.31,80.6,141.04,14.19,14.19,21187,70,29.45,45.39,5.6,34.14,0.58,20.77
Spirit Airlines,NK,2023,8,21514,24.0,16.24,8.75,19.65,137.77,10.92,297,1.38,68,0.31,7038,72.35,19.18,7.24,75.65,141.36,13.47,13.47,21514,68,37.98,44.65,3.48,28.19,0.92,21.05
Spirit Airlines,NK,2023,9,21036,14.8,16.21,6.17,8.57,132.63,10.59,334,1.58,59,0.28,4907,65.79,20.23,2.39,68.83,134.38,13.84,13.84,21036,59,38.51,44.05,3.42,29.0,0.45,17.66
Spirit Airlines,NK,2023,10,23294,11.14,15.52,7.68,3.08,134.97,10.28,362,1.55,23,0.09,4355,60.75,18.78,17.04,60.59,138.06,12.84,12.84,23294,23,36.75,32.93,0.97,18.53,0.52,20.12
Spirit Airlines,NK,2023,11,23164,14.47,15.28,2.41,7.98,136.51,10.44,84,0.36,13,0.05,5561,60.31,17.64,1.05,61.18,138.91,13.09,13.09,23164,13,24.71,30.47,0.54,17.23,0.67,23.3
Spirit Airlines,NK,2023,12,22583,15.32,15.64,1.76,6.93,134.89,10.49,98,0.43,24,0.1,5442,62.65,18.18,-4.09,61.45,137.58,13.08,13.08,22583,24,25.45,28.92,0.47,19.88,0.8,21.87
Spirit Airlines,NK,2024,1,20415,15.04,16.89,4.97,9.68,135.98,10.3,303,1.48,31,0.15,5274,59.58,21.82,2.5,65.26,142.06,13.47,13.47,20415,31,32.4,42.37,2.46,26.86,0.65,18.37
Spirit Airlines,NK,2024,2,19929,11.57,15.59,8.22,4.89,134.48,9.15,138,0.69,26,0.13,4264,58.69,18.85,22.16,61.57,140.49,11.23,11.23,19929,26,26.85,34.2,1.1,23.51,0.53,19.21
Spirit Airlines,NK,2024,3,22885,18.05,16.4,2.89,12.71,134.62,9.39,394,1.72,32,0.13,6528,64.42,20.52,2.0,67.78,139.96,11.49,11.49,22885,32,43.81,38.03,1.53,34.66,0.39,16.29
Spirit Airlines,NK,2024,4,21998,9.33,15.27,5.99,2.04,133.0,9.05,239,1.08,36,0.16,3818,64.54,18.92,14.07,66.46,138.69,11.56,11.56,21998,36,24.91,32.64,1.73,29.79,0.37,17.01
Spirit Airlines,NK,2024,5,23298,18.29,15.87,7.05,13.12,131.51,9.39,259,1.11,88,0.37,6207,71.25,19.6,7.34,75.07,136.38,12.04,12.04,23298,88,34.79,42.32,1.95,34.67,0.31,19.88
Spirit Airlines,NK,2024,6,23437,18.89,16.08,4.9,11.95,130.48,9.83,600,2.56,67,0.28,6189,71.35,19.65,-4.14,72.26,131.8,12.48,12.48,23437,67,31.17,51.66,2.36,29.14,0.48,22.47
Spirit Airlines,NK,2024,7,24769,26.99,16.62,3.76,21.45,130.26,10.58,1278,5.15,55,0.22,8309,76.63,19.88,-5.55,78.81,130.99,13.67,13.67,24769,55,28.09,52.99,2.32,28.06,0.28,24.37
Spirit Airlines,NK,2024,8,24676,21.59,16.35,4.57,16.19,129.77,10.08,977,3.95,65,0.26,7071,74.55,19.9,-1.86,77.18,133.0,13.14,13.14,24676,65,29.89,50.39,2.62,33.89,0.22,21.62
Spirit Airlines,NK,2024,9,20399,8.13,16.19,10.98,1.04,125.12,9.07,236,1.15,16,0.07,3496,61.56,20.99,38.9,64.66,123.67,11.63,11.63,20399,16,28.06,32.64,1.83,27.18,0.26,16.31
Spirit Airlines,NK,2024,10,21176,6.95,15.47,7.86,-1.52,123.29,8.89,421,1.98,22,0.1,3070,63.86,19.24,26.82,64.03,118.17,12.03,12.03,21176,22,28.0,28.62,0.37,25.49,0.39,17.61
Spirit Airlines,NK,2024,11,19459,5.83,15.09,6.96,-2.2,125.91,8.63,55,0.28,13,0.06,2775,60.71,19.48,20.0,62.3,126.28,11.82,11.82,19459,13,29.3,29.24,0.56,27.12,0.12,15.74
Spirit Airlines,NK,2024,12,18662,14.45,15.8,9.3,6.71,130.52,9.1,98,0.52,21,0.11,4162,67.69,19.59,32.27,68.26,131.9,11.6,11.6,18662,21,36.57,31.23,1.27,26.43,0.35,21.21
Spirit Airlines,NK,2025,1,17544,7.35,16.28,11.41,0.64,131.5,8.59,572,3.26,26,0.14,3064,53.75,22.09,43.42,58.55,139.35,11.22,11.22,17544,26,34.11,32.11,0.96,24.83,0.28,16.31
Spirit Airlines,NK,2025,2,16232,8.99,16.86,12.02,2.44,129.52,8.61,179,1.1,12,0.07,2993,63.85,24.87,49.76,70.84,133.81,11.07,11.07,16232,12,36.38,36.43,0.82,38.4,0.16,15.2
Spirit Airlines,NK,2025,3,19828,11.1,16.41,8.29,3.89,132.05,8.9,215,1.08,36,0.18,3692,72.53,22.16,12.79,77.17,135.26,11.53,11.53,19828,36,33.0,46.96,2.64,39.59,0.12,16.53
Spirit Airlines,NK,2025,4,18303,9.03,15.89,12.33,2.35,130.37,8.34,81,0.44,27,0.14,3095,70.84,21.03,31.39,74.27,134.62,10.43,10.43,18303,27,38.11,32.5,1.7,33.35,0.2,19.9
Spirit Airlines,NK,2025,5,17744,16.19,16.37,16.75,11.93,127.21,8.41,220,1.23,43,0.24,4365,73.03,21.42,35.73,78.2,131.32,10.04,10.04,17744,43,27.09,45.63,2.23,45.02,0.21,16.37
Spirit Airlines,NK,2025,6,17623,15.76,16.37,14.51,10.35,125.62,8.74,242,1.37,52,0.29,4324,69.79,21.48,27.0,74.2,127.63,10.7,10.7,17623,52,30.96,47.12,2.93,33.38,0.36,18.55
Spirit Airlines,NK,2025,7,17307,16.93,16.44,14.32,10.9,126.41,8.79,329,1.9,54,0.31,4213,73.87,21.86,32.85,78.33,128.69,10.41,10.41,17307,54,32.77,55.47,3.61,38.17,0.21,18.11
Spirit Airlines,NK,2025,8,17155,13.77,16.05,12.68,7.96,126.06,8.39,93,0.54,63,0.36,3814,71.85,20.5,28.17,74.1,126.71,9.98,9.98,17155,63,35.8,39.22,4.16,31.76,0.24,20.81
Spirit Airlines,NK,2025,9,15058,9.73,15.66,16.21,0.95,127.75,8.06,130,0.86,44,0.29,2358,80.62,19.83,43.06,79.04,131.6,9.63,9.63,15058,44,30.95,34.3,2.93,27.8,0.08,23.51
Spirit Airlines,NK,2025,10,14128,10.16,16.64,15.34,4.77,130.13,8.16,156,1.1,14,0.09,2727,64.79,22.34,33.28,69.07,130.26,9.65,9.65,14128,14,22.78,36.29,0.81,30.37,0.19,16.3
Spirit Airlines,NK,2025,11,11793,13.4,16.87,10.7,7.29,125.15,8.22,270,2.28,10,0.08,2465,73.35,23.2,42.23,77.28,127.63,9.68,9.68,11793,10,24.2,38.42,0.88,38.47,0.21,18.85
US Airways Inc.,US,2015,1,33489,5.19,19.23,19.2,3.1,124.04,7.28,959,2.86,52,0.15,6022,37.78,26.95,49.19,47.81,132.4,7.69,7.69,33489,52,23.03,32.43,1.27,16.13,0.16,13.47
US Airways Inc.,US,2015,2,30153,9.12,19.54,22.31,7.11,124.57,7.64,1574,5.22,70,0.23,6574,43.66,27.21,59.49,53.63,128.3,8.47,8.47,30153,70,33.56,36.36,3.18,15.92,0.13,15.78
US Airways Inc.,US,2015,3,34516,5.95,19.26,16.01,3.33,125.32,7.59,784,2.27,85,0.24,6339,38.48,26.64,39.46,48.68,134.1,8.16,8.16,34516,85,26.06,36.14,1.65,16.52,0.19,14.59
US Airways Inc.,US,2015,4,32496,4.5,18.57,19.46,2.66,125.04,7.53,196,0.6,49,0.15,5736,34.98,24.62,44.79,45.07,137.78,8.15,8.15,32496,49,27.12,32.28,0.84,15.01,0.09,11.79
US Airways Inc.,US,2015,5,33761,4.06,18.24,16.47,0.68,126.21,7.67,232,0.68,80,0.23,4927,40.9,25.88,47.79,49.69,136.02,8.5,8.5,33761,80,26.8,39.04,1.53,16.71,0.15,14.11
US Airways Inc.,US,2015,6,34300,8.31,19.23,11.07,5.76,129.14,8.03,322,0.93,89,0.25,6951,46.3,26.62,25.9,55.46,134.52,9.12,9.12,34300,89,29.01,44.56,2.73,18.25,0.24,15.59
United Airlines Inc.,UA,2015,1,38395,14.01,17.52,21.11,6.35,165.92,8.89,967,2.51,65,0.16,8401,55.78,22.52,51.56,58.08,167.35,11.44,11.44,38395,65,42.72,36.23,3.93,13.57,0.0,19.91
United Airlines Inc.,UA,2015,2,36235,14.9,17.83,22.47,7.26,163.52,8.7,1006,2.77,57,0.15,8491,54.07,23.06,55.95,55.57,165.3,10.28,10.28,36235,57,31.5,38.8,4.37,13.96,0.0,18.0
United Airlines Inc.,UA,2015,3,43603,13.96,17.19,17.16,4.89,165.13,8.41,641,1.47,91,0.2,8788,59.71,22.07,48.35,59.91,169.42,9.93,9.93,43603,91,35.51,39.13,3.55,14.19,0.0,22.12
United Airlines Inc.,UA,2015,4,41342,12.98,17.13,19.64,4.37,166.89,8.11,370,0.89,107,0.25,8046,60.7,21.46,51.74,61.36,166.25,8.96,8.96,41342,107,45.54,40.52,2.19,13.96,0.0,24.36
United Airlines Inc.,UA,2015,5,44411,14.7,17.42,18.33,6.82,166.97,8.49,348,0.78,199,0.44,9827,60.24,22.53,41.3,61.97,164.87,9.5,9.5,44411,199,47.73,45.04,3.85,14.74,0.03,25.41
United Airlines Inc.,UA,2015,6,46084,24.4,18.11,19.44,16.93,168.46,8.78,1105,2.39,234,0.5,14169,70.32,22.1,38.56,69.79,166.14,9.93,9.93,46084,234,51.36,39.13,3.02,13.96,0.0,31.15
United Airlines Inc.,UA,2015,7,46478,19.4,17.72,17.64,10.26,168.06,8.53,468,1.0,137,0.29,11693,69.45,21.97,40.69,67.22,169.43,9.6,9.6,46478,137,47.97,40.67,2.06,12.12,0.0,30.11
United Airlines Inc.,UA,2015,8,45413,14.3,17.67,17.55,5.01,165.78,8.53,341,0.75,131,0.28,9134,64.84,22.59,46.3,63.15,167.73,9.82,9.82,45413,131,43.36,38.32,3.09,13.94,0.07,25.75
United Airlines Inc.,UA,2015,9,41778,7.45,17.41,17.42,-1.79,160.84,8.44,106,0.25,70,0.16,5579,59.43,23.56,61.57,59.73,160.91,9.51,9.51,41778,70,40.13,33.91,1.85,14.58,0.02,22.67
United Airlines Inc.,UA,2015,10,45894,7.38,17.02,17.36,-2.45,159.47,8.45,128,0.27,90,0.19,5460,64.31,22.42,64.32,62.81,159.52,9.49,9.49,45894,90,50.98,30.51,1.03,13.8,0.0,24.77
United Airlines Inc.,UA,2015,11,42647,11.24,16.94,15.48,0.28,160.24,8.36,307,0.71,104,0.24,6440,74.7,22.27,67.24,72.76,159.34,9.41,9.41,42647,104,36.58,38.33,3.48,18.66,0.01,28.38
United Airlines Inc.,UA,2015,12,43443,17.82,16.97,14.3,7.01,166.39,8.4,786,1.8,103,0.23,8694,83.09,21.13,45.6,79.37,167.18,9.56,9.56,43443,103,46.94,34.71,3.96,17.44,0.0,33.46
United Airlines Inc.,UA,2016,1,39761,9.35,16.71,14.69,-2.88,160.98,8.28,1336,3.36,56,0.14,5571,64.49,22.26,59.61,61.59,165.82,9.48,9.48,39761,56,33.13,33.49,2.99,15.8,0.0,20.58
United Airlines Inc.,UA,2016,2,38944,8.99,16.83,15.53,-3.57,159.49,8.09,348,0.89,59,0.15,4957,77.44,23.44,66.31,75.39,161.47,9.29,9.29,38944,59,40.26,36.29,4.79,22.45,0.0,27.1
United Airlines Inc.,UA,2016,3,44250,12.02,16.88,14.17,2.05,164.26,8.05,483,1.09,77,0.17,7799,69.9,22.32,44.95,68.98,165.53,8.83,8.83,44250,77,31.92,33.18,2.58,17.53,0.0,28.38
United Airlines Inc.,UA,2016,4,43281,8.36,16.68,14.97,-2.31,161.31,8.02,650,1.5,81,0.18,5718,69.21,22.63,55.84,67.72,160.23,9.03,9.03,43281,81,40.15,32.92,2.36,16.76,0.0,28.14
United Airlines Inc.,UA,2016,5,45914,9.98,17.02,15.41,-0.15,160.81,8.42,247,0.53,172,0.37,7052,68.13,22.82,45.21,68.6,160.02,10.11,10.11,45914,172,51.09,38.4,3.47,17.0,0.0,28.05
United Airlines Inc.,UA,2016,6,46424,13.93,17.9,13.65,4.69,162.0,8.71,357,0.76,242,0.52,9053,69.91,24.4,33.39,70.85,167.07,9.99,9.99,46424,242,56.78,42.62,4.09,16.99,0.0,29.31
United Airlines Inc.,UA,2016,7,48049,17.41,17.9,10.99,8.6,163.39,9.04,561,1.16,230,0.47,10473,77.0,23.99,25.78,77.65,165.71,10.93,10.93,48049,230,61.66,48.12,5.7,19.35,0.0,31.96
United Airlines Inc.,UA,2016,8,49758,14.17,17.9,15.21,6.56,158.77,9.07,313,0.62,181,0.36,10693,65.48,23.63,42.12,67.25,160.76,11.18,11.18,49758,181,49.36,38.96,3.04,17.71,0.16,28.43
United Airlines Inc.,UA,2016,9,46935,8.27,17.18,16.95,0.29,153.08,8.95,175,0.37,83,0.17,7063,62.39,22.98,54.19,64.46,160.86,11.49,11.49,46935,83,46.09,36.08,2.19,17.14,0.0,24.58
United Airlines Inc.,UA,2016,10,49951,9.21,16.96,15.41,0.73,150.3,8.6,349,0.69,65,0.13,7899,62.86,22.24,39.89,63.59,161.44,10.56,10.56,49951,65,55.28,31.49,0.52,18.42,0.0,25.24
United Airlines Inc.,UA,2016,11,46082,7.72,16.82,13.02,-3.12,150.17,8.34,116,0.25,64,0.13,6229,62.7,23.0,49.41,62.53,154.96,10.1,10.1,46082,64,36.85,35.25,1.98,17.8,0.0,23.78
United Airlines Inc.,UA,2016,12,45718,16.07,17.24,14.23,7.91,161.25,8.86,535,1.17,97,0.21,10334,66.76,21.87,42.36,68.7,174.7,11.56,11.56,45718,97,39.07,40.65,4.95,17.56,0.02,26.84
United Airlines Inc.,UA,2017,1,42403,13.63,17.82,19.25,4.91,156.01,8.48,232,0.54,115,0.27,8831,66.52,23.82,53.66,69.8,167.63,10.21,10.21,42403,115,44.9,41.0,2.56,21.18,0.01,24.59
United Airlines Inc.,UA,2017,2,40004,10.66,17.55,18.52,1.4,153.95,8.07,370,0.92,78,0.19,6941,68.2,24.32,65.98,70.68,169.1,9.46,9.46,40004,78,38.36,34.95,2.62,23.25,0.0,25.97
United Airlines Inc.,UA,2017,3,48497,10.48,17.56,17.23,2.87,156.87,8.17,663,1.36,68,0.14,8504,64.21,23.42,55.63,66.06,166.05,9.52,9.52,48497,68,35.13,33.22,1.31,21.32,0.0,25.53
United Airlines Inc.,UA,2017,4,45541,10.28,18.03,16.67,3.23,156.99,8.11,34,0.07,84,0.18,8136,64.67,25.7,49.84,69.19,168.76,9.39,9.39,45541,84,44.66,37.41,1.21,27.26,0.0,25.36
United Airlines Inc.,UA,2017,5,49408,10.07,18.21,17.99,2.67,155.13,8.18,69,0.13,110,0.22,8587,66.02,26.47,51.41,70.17,161.05,9.47,9.47,49408,110,44.29,44.82,2.37,27.28,0.0,24.2
United Airlines Inc.,UA,2017,6,52015,13.11,19.01,14.94,6.09,156.45,8.28,241,0.46,151,0.29,10331,70.63,27.03,39.55,74.44,162.01,9.9,9.9,52015,151,48.26,46.71,2.9,23.68,0.01,29.31
United Airlines Inc.,UA,2017,7,53569,14.32,19.51,14.7,6.73,156.97,8.15,435,0.81,228,0.42,10739,77.88,26.52,29.45,79.8,157.28,9.59,9.59,53569,228,52.55,48.73,4.78,22.42,0.0,34.32
United Airlines Inc.,UA,2017,8,55445,10.79,19.77,13.22,3.94,155.22,8.03,2201,3.96,193,0.34,10093,66.07,27.56,25.73,69.77,160.43,9.57,9.57,55445,193,51.56,43.16,5.04,22.3,0.01,27.32
United Airlines Inc.,UA,2017,9,48875,3.5,18.67,12.76,-4.58,150.32,8.04,1456,2.97,67,0.13,5588,56.23,27.38,46.51,60.14,155.88,9.65,9.65,48875,67,50.57,36.74,1.57,22.38,0.0,20.12
United Airlines Inc.,UA,2017,10,51284,6.24,18.84,15.22,-1.34,150.68,7.69,156,0.3,85,0.16,6961,65.08,25.9,59.95,67.27,158.4,8.88,8.88,51284,85,51.01,35.69,2.4,26.37,0.01,23.71
United Airlines Inc.,UA,2017,11,48354,4.09,18.4,13.29,-4.69,151.44,7.44,18,0.03,44,0.09,5465,62.32,25.82,53.89,64.33,161.57,8.64,8.64,48354,44,33.97,31.55,0.47,23.08,0.0,24.37
United Airlines Inc.,UA,2017,12,49086,6.61,19.12,14.67,-0.87,157.01,7.67,84,0.17,87,0.17,7403,57.22,27.86,48.13,62.12,164.79,9.45,9.45,49086,87,33.73,37.67,4.14,20.27,0.0,21.43
United Airlines Inc.,UA,2018,1,45384,5.87,18.9,17.14,-2.37,155.84,7.5,898,1.97,81,0.17,5987,61.13,26.79,54.49,63.95,156.85,9.08,9.08,45384,81,43.51,33.21,5.34,20.1,0.0,22.18
United Airlines Inc.,UA,2018,2,41650,5.31,19.53,18.51,-1.19,155.15,7.44,163,0.39,91,0.21,6126,53.34,29.34,59.65,61.31,160.22,8.79,8.79,41650,91,44.67,45.16,4.66,23.72,0.04,19.07
United Airlines Inc.,UA,2018,3,49800,6.49,18.69,14.78,-1.3,158.38,7.55,1109,2.22,90,0.18,6803,62.23,26.07,47.67,65.14,168.78,8.6,8.6,49800,90,41.88,37.33,3.35,21.71,0.0,23.35
United Airlines Inc.,UA,2018,4,49937,7.24,19.21,16.72,1.84,157.12,7.5,94,0.18,97,0.19,7861,61.88,27.24,52.31,67.51,160.92,8.36,8.36,49937,97,43.29,36.3,2.96,22.26,0.0,26.34
United Airlines Inc.,UA,2018,5,52816,11.48,19.45,16.09,7.03,155.87,7.84,328,0.62,213,0.4,10628,66.64,26.64,39.5,73.61,157.24,9.04,9.04,52816,213,57.13,43.13,4.66,25.75,0.0,27.84
United Airlines Inc.,UA,2018,6,55056,13.92,20.03,9.34,11.1,155.97,8.0,272,0.49,205,0.37,13168,64.1,26.99,20.34,71.94,155.78,9.41,9.41,55056,205,49.99,44.8,3.97,20.57,0.0,31.53
United Airlines Inc.,UA,2018,7,57209,15.45,19.9,8.41,12.08,155.42,7.99,394,0.68,229,0.4,13611,70.18,26.31,17.35,76.07,158.47,9.1,9.1,57209,229,48.28,42.69,4.72,20.2,0.0,33.54
United Airlines Inc.,UA,2018,8,57921,18.49,20.41,8.92,16.35,153.68,8.06,745,1.28,283,0.48,15875,71.32,27.07,18.11,78.46,156.55,9.33,9.33,57921,283,54.4,48.49,5.35,24.05,0.0,32.6
United Airlines Inc.,UA,2018,9,52905,7.56,19.18,14.28,4.41,150.09,7.8,204,0.38,120,0.22,9110,60.77,27.03,51.76,69.63,152.81,9.04,9.04,52905,120,49.15,43.33,5.16,23.64,0.0,24.59
United Airlines Inc.,UA,2018,10,55565,6.3,19.26,14.66,3.39,150.02,7.64,64,0.11,113,0.2,9874,49.45,27.06,46.32,58.86,152.75,8.95,8.95,55565,113,39.22,38.91,2.29,19.78,0.0,22.17
United Airlines Inc.,UA,2018,11,51792,10.76,19.64,16.89,8.23,151.68,7.74,557,1.07,106,0.2,10813,60.27,26.86,50.11,67.71,152.57,8.91,8.91,51792,106,48.29,38.35,4.62,22.54,0.0,25.37
United Airlines Inc.,UA,2018,12,51530,8.6,19.24,15.55,4.71,157.82,7.64,75,0.14,119,0.23,9788,55.75,25.79,42.26,62.36,162.23,8.71,8.71,51530,119,34.27,32.48,1.56,19.89,0.0,24.95
United Airlines Inc.,UA,2019,1,46915,12.12,20.2,22.08,6.56,158.36,7.77,697,1.48,92,0.19,9156,71.57,28.52,62.2,77.63,160.28,9.11,9.11,46915,92,43.05,35.37,4.5,32.23,0.0,25.91
United Airlines Inc.,UA,2019,2,43722,12.56,20.44,22.43,8.93,156.32,7.84,210,0.48,71,0.16,9780,64.1,28.73,57.06,73.23,162.6,8.99,8.99,43722,71,37.24,37.52,4.93,28.36,0.0,25.79
United Airlines Inc.,UA,2019,3,53651,11.32,19.24,16.33,6.16,157.91,7.62,644,1.2,95,0.17,10635,65.44,25.46,46.36,69.66,166.82,8.72,8.72,53651,95,45.32,36.66,2.91,18.7,0.05,31.46
United Airlines Inc.,UA,2019,4,52292,11.89,19.08,16.42,6.64,157.0,7.6,529,1.01,125,0.23,9936,73.03,25.18,53.87,76.91,159.13,8.55,8.55,52292,125,44.77,38.03,3.69,21.06,0.0,33.97
United Airlines Inc.,UA,2019,5,54360,16.25,19.74,15.02,12.41,155.61,8.09,380,0.69,266,0.48,12699,75.83,26.17,38.16,83.17,158.38,9.79,9.79,54360,266,51.99,49.47,7.39,24.73,0.0,34.07
United Airlines Inc.,UA,2019,6,54075,19.93,20.73,13.26,16.83,158.54,8.43,338,0.62,283,0.52,15494,71.74,27.08,32.19,78.55,158.01,9.94,9.94,54075,283,52.15,43.33,4.87,22.54,0.06,35.04
United Airlines Inc.,UA,2019,7,56106,18.45,20.46,9.96,13.58,157.71,8.44,732,1.3,310,0.55,13756,78.83,26.97,23.74,83.5,156.79,9.99,9.99,56106,310,53.56,52.57,8.36,20.79,0.0,36.91
United Airlines Inc.,UA,2019,8,56223,15.89,20.71,9.62,11.6,155.85,8.46,517,0.91,203,0.36,13108,74.12,27.82,25.59,79.6,159.76,10.06,10.06,56223,203,50.17,45.36,5.35,22.18,0.0,33.99
United Airlines Inc.,UA,2019,9,52021,10.01,19.92,15.91,4.43,151.59,7.87,782,1.5,134,0.25,9410,68.8,27.12,53.38,74.03,155.61,8.89,8.89,52021,134,36.83,38.09,3.36,26.93,0.0,29.04
United Airlines Inc.,UA,2019,10,55074,7.46,19.95,16.0,2.45,151.46,7.95,151,0.27,91,0.16,9698,56.7,28.33,57.72,63.58,152.59,9.04,9.04,55074,91,43.51,36.02,1.95,22.08,0.0,25.67
United Airlines Inc.,UA,2019,11,50180,7.08,19.33,11.74,1.74,154.8,7.76,265,0.52,57,0.11,7771,62.65,26.99,50.91,68.35,157.28,8.93,8.93,50180,57,36.76,33.85,1.77,20.51,0.0,29.08
United Airlines Inc.,UA,2019,12,51291,11.98,19.97,10.66,7.07,159.88,8.16,139,0.27,92,0.17,10693,63.56,27.22,36.25,70.19,168.75,10.2,10.2,51291,92,36.06,37.42,2.56,23.91,0.0,28.65
United Airlines Inc.,UA,2020,1,48401,5.55,19.06,13.27,-2.79,158.42,7.69,297,0.61,85,0.17,6235,63.17,26.26,60.11,65.82,163.61,8.62,8.62,48401,85,44.12,35.05,3.34,18.62,0.0,27.75
United Airlines Inc.,UA,2020,2,46244,6.15,19.57,15.67,-2.16,156.74,7.8,94,0.2,77,0.16,6483,62.9,28.15,68.62,66.97,151.19,8.91,8.91,46244,77,39.85,37.34,1.58,20.86,0.0,28.49
United Airlines Inc.,UA,2020,3,53803,1.08,17.9,8.03,-7.01,160.74,7.16,12355,22.96,46,0.08,4221,55.78,25.19,43.1,60.71,172.02,8.45,8.45,53803,46,34.53,34.47,1.28,17.85,0.0,24.15
United Airlines Inc.,UA,2020,4,17820,-3.88,14.08,4.07,-19.43,139.85,5.52,8862,49.73,3,0.01,324,90.66,18.81,42.81,83.14,147.9,5.93,5.93,17820,3,25.33,30.01,2.88,7.02,0.0,10.27
United Airlines Inc.,UA,2020,5,7166,-1.74,14.51,10.1,-16.24,151.82,5.57,151,2.1,14,0.19,292,77.75,18.85,52.22,72.78,152.92,6.28,6.28,7166,14,28.92,27.0,7.68,8.66,0.0,14.21
United Airlines Inc.,UA,2020,6,7290,-0.01,15.32,12.74,-12.19,156.07,6.02,5,0.06,7,0.09,456,65.06,25.54,65.34,66.92,156.51,6.9,6.9,7290,7,32.0,34.34,13.13,14.81,0.0,10.25
United Airlines Inc.,UA,2020,7,14973,-1.01,15.72,7.86,-11.51,154.32,6.52,59,0.39,41,0.27,1019,58.19,22.4,67.88,61.19,157.54,7.94,7.94,14973,41,43.69,33.56,6.64,15.01,0.0,15.03
United Airlines Inc.,UA,2020,8,21628,-1.07,15.7,10.3,-10.52,150.91,6.53,288,1.33,47,0.21,1421,56.27,21.44,60.49,62.22,156.35,8.11,8.11,21628,47,41.06,30.18,6.88,14.51,0.05,14.84
United Airlines Inc.,UA,2020,9,17253,-0.93,15.7,10.42,-11.85,154.94,6.49,53,0.3,29,0.16,927,61.52,21.5,67.49,61.81,157.35,7.25,7.25,17253,29,28.0,29.25,7.23,10.79,0.0,14.1
United Airlines Inc.,UA,2020,10,23589,0.57,16.42,11.98,-8.76,154.3,6.53,56,0.23,34,0.14,1730,51.75,23.81,57.25,56.7,159.76,8.01,8.01,23589,34,31.14,29.05,4.16,11.94,0.0,13.3
United Airlines Inc.,UA,2020,11,24158,-0.21,16.2,9.18,-7.18,155.62,6.59,57,0.23,52,0.21,1715,54.03,22.05,50.89,58.88,160.6,7.68,7.68,24158,52,44.69,32.46,6.26,11.45,0.0,16.53
United Airlines Inc.,UA,2020,12,25892,2.21,16.82,11.04,-4.3,159.58,6.7,316,1.22,26,0.1,2805,48.36,23.97,47.7,54.6,156.48,7.73,7.73,25892,26,25.7,30.4,2.69,13.82,0.04,16.42
United Airlines Inc.,UA,2021,1,23960,0.49,16.71,9.03,-6.92,155.6,6.62,162,0.67,36,0.15,1988,57.95,25.98,57.14,64.18,154.2,7.95,7.95,23960,36,42.3,31.65,5.19,21.39,0.0,17.18
United Airlines Inc.,UA,2021,2,22280,4.45,18.05,10.1,-1.09,155.82,7.01,1093,4.9,23,0.1,3046,50.82,28.48,58.03,60.29,156.83,8.82,8.82,22280,23,38.04,35.11,11.79,15.91,0.0,14.97
United Airlines Inc.,UA,2021,3,28946,1.23,17.04,9.85,-5.5,156.32,6.89,728,2.51,24,0.08,2601,45.66,23.33,59.58,50.8,163.18,8.39,8.39,28946,24,38.75,30.87,3.32,13.66,0.0,14.4
United Airlines Inc.,UA,2021,4,27787,2.72,17.27,11.64,-3.45,156.67,6.87,47,0.16,39,0.14,2712,55.03,25.6,56.74,62.63,156.76,7.89,7.89,27787,39,43.53,37.04,5.3,18.77,0.01,19.73
United Airlines Inc.,UA,2021,5,30957,4.52,17.31,14.42,-1.03,159.32,6.97,64,0.2,91,0.29,3722,58.67,23.46,65.11,66.82,152.21,7.96,7.96,30957,91,57.9,36.68,8.34,15.54,0.0,21.88
United Airlines Inc.,UA,2021,6,35760,12.75,18.23,15.75,11.02,161.63,7.67,66,0.18,150,0.41,8534,56.55,23.28,56.21,66.03,158.86,9.16,9.16,35760,150,47.41,45.69,7.84,18.0,0.01,23.34
United Airlines Inc.,UA,2021,7,43445,17.21,18.78,11.98,15.96,159.98,8.07,586,1.34,189,0.43,12129,61.16,23.36,37.86,69.81,157.58,9.71,9.71,43445,189,55.75,41.49,5.99,16.45,0.1,28.38
United Airlines Inc.,UA,2021,8,44765,14.65,18.84,11.59,12.33,159.45,7.63,628,1.4,159,0.35,11135,59.61,24.24,44.02,66.95,156.88,8.65,8.65,44765,159,54.32,41.5,5.94,15.98,0.0,26.22
United Airlines Inc.,UA,2021,9,44427,7.14,17.87,8.92,-0.22,153.43,7.57,633,1.42,109,0.24,6081,63.26,23.8,47.76,66.84,155.65,8.95,8.95,44427,109,47.28,41.76,3.92,15.68,0.0,25.44
United Airlines Inc.,UA,2021,10,47757,8.35,17.6,11.7,0.34,150.52,8.0,254,0.53,84,0.17,6916,62.41,22.75,55.39,64.74,155.23,9.88,9.88,47757,84,49.43,39.15,2.3,14.22,0.0,26.1
United Airlines Inc.,UA,2021,11,47212,6.58,17.64,7.66,-0.99,154.18,8.24,239,0.5,52,0.11,6120,54.98,22.02,44.07,56.36,151.79,11.51,11.51,47212,52,46.63,28.4,0.78,9.85,0.02,22.91
United Airlines Inc.,UA,2021,12,49541,15.61,18.04,7.25,8.2,159.49,8.81,1607,3.24,120,0.24,11199,61.52,21.63,27.48,62.76,165.72,11.66,11.66,49541,120,39.38,34.57,1.52,10.61,0.02,25.41
United Airlines Inc.,UA,2022,1,45741,13.07,18.38,9.62,4.75,158.74,8.83,2906,6.35,91,0.19,8776,65.71,24.1,31.56,67.97,155.46,12.41,12.41,45741,91,44.76,37.82,2.91,11.29,0.0,24.42
United Airlines Inc.,UA,2022,2,43982,10.49,18.45,14.35,2.23,155.26,8.27,887,2.01,44,0.1,7879,57.23,25.32,57.15,60.53,149.63,10.23,10.23,43982,44,41.87,39.7,2.2,13.56,0.02,22.86
United Airlines Inc.,UA,2022,3,50773,13.02,18.5,14.57,5.81,157.65,8.09,218,0.42,104,0.2,10332,62.8,24.4,45.26,66.56,154.55,9.58,9.58,50773,104,43.27,38.08,2.21,14.03,0.0,29.96
United Airlines Inc.,UA,2022,4,49252,12.7,17.75,5.89,6.09,157.46,7.9,485,0.98,161,0.32,9211,69.08,22.7,38.79,72.17,160.74,9.75,9.75,49252,161,52.61,43.92,3.16,14.94,0.02,30.09
United Airlines Inc.,UA,2022,5,53646,14.34,18.45,6.36,8.59,151.99,8.55,1005,1.87,175,0.32,11519,67.04,23.42,27.33,72.05,150.26,11.91,11.91,53646,175,49.13,42.48,3.64,15.62,0.0,30.0
United Airlines Inc.,UA,2022,6,53105,16.57,18.75,2.85,9.84,153.47,8.44,1748,3.29,228,0.42,11299,75.21,23.8,18.98,77.67,155.63,10.89,10.89,53105,228,56.39,45.15,4.5,14.13,0.0,32.36
United Airlines Inc.,UA,2022,7,55510,15.1,18.86,4.36,7.85,154.53,8.22,825,1.48,203,0.36,11827,72.25,24.03,29.44,74.14,152.43,10.07,10.07,55510,203,54.53,39.83,3.74,13.16,0.0,31.44
United Airlines Inc.,UA,2022,8,54918,14.76,18.87,4.38,7.33,153.46,8.31,1190,2.16,234,0.42,10561,78.76,24.3,28.21,80.91,151.67,10.61,10.61,54918,234,51.24,54.55,6.03,17.21,0.05,31.01
United Airlines Inc.,UA,2022,9,50893,5.0,18.8,8.95,-2.67,146.98,8.11,554,1.08,102,0.2,6196,56.42,26.18,45.19,61.36,147.3,10.48,10.48,50893,102,45.53,37.13,3.9,15.19,0.0,21.17
United Airlines Inc.,UA,2022,10,56495,4.82,18.45,9.41,-2.22,144.49,8.03,288,0.5,78,0.13,6804,55.67,25.11,43.11,59.68,147.87,9.99,9.99,56495,78,38.97,33.98,0.81,14.14,0.0,21.61
United Airlines Inc.,UA,2022,11,53741,7.87,18.8,10.16,0.78,147.01,8.06,360,0.66,61,0.11,8233,60.63,24.73,53.36,63.65,142.97,9.65,9.65,53741,61,40.64,34.53,2.21,14.77,0.02,25.66
United Airlines Inc.,UA,2022,12,58417,20.93,19.37,12.4,14.88,149.19,9.21,1420,2.43,117,0.2,15381,77.18,23.44,39.21,79.62,149.49,12.35,12.35,58417,117,43.47,43.22,3.14,12.35,0.0,35.81
United Airlines Inc.,UA,2023,1,56657,14.08,20.5,17.6,8.31,148.93,8.89,415,0.73,140,0.24,12965,64.81,26.97,55.8,69.94,146.77,10.51,10.51,56657,140,55.48,37.7,2.11,17.2,0.0,28.92
United Airlines Inc.,UA,2023,2,53408,10.14,19.99,14.75,4.66,147.95,8.56,398,0.74,84,0.15,10960,55.15,26.53,50.93,61.79,152.83,10.4,10.4,53408,84,37.56,38.36,2.02,14.92,0.0,23.88
United Airlines Inc.,UA,2023,3,61590,11.24,20.09,11.7,6.93,149.86,8.5,403,0.65,108,0.17,13690,54.4,25.81,39.41,60.68,155.14,9.62,9.62,61590,108,48.27,39.78,1.51,16.32,0.0,23.54
United Airlines Inc.,UA,2023,4,57791,15.67,19.9,14.04,10.45,149.81,8.67,953,1.64,267,0.46,13078,71.65,25.3,41.46,76.96,151.67,10.26,10.26,57791,267,61.72,44.72,3.63,16.57,0.0,30.59
United Airlines Inc.,UA,2023,5,62340,13.01,19.26,14.45,6.21,146.01,8.93,510,0.81,214,0.34,12989,65.62,23.41,48.46,69.3,142.92,11.29,11.29,62340,214,50.87,35.56,3.47,14.13,0.0,28.77
United Airlines Inc.,UA,2023,6,62395,26.05,19.86,12.44,20.66,148.45,9.05,3309,5.3,295,0.47,18190,83.65,23.89,31.63,86.75,149.66,10.87,10.87,62395,295,64.63,50.24,3.51,14.58,0.01,33.78
United Airlines Inc.,UA,2023,7,65002,26.39,20.17,15.18,20.68,147.75,8.96,2437,3.74,294,0.45,20057,80.25,24.72,38.06,82.8,147.97,10.66,10.66,65002,294,55.95,51.67,5.45,15.45,0.0,34.48
United Airlines Inc.,UA,2023,8,66801,11.77,19.62,10.19,4.75,144.15,8.51,814,1.21,180,0.26,12899,66.27,24.86,42.91,68.56,144.56,9.83,9.83,66801,180,57.74,41.29,3.08,13.45,0.04,29.26
United Airlines Inc.,UA,2023,9,62591,9.57,19.92,14.13,3.38,141.81,8.64,760,1.21,124,0.19,10779,65.94,26.68,51.34,71.16,139.57,10.56,10.56,62591,124,52.25,52.26,4.46,18.19,0.02,24.49
United Airlines Inc.,UA,2023,10,65896,4.59,19.44,12.64,-2.67,141.28,8.29,133,0.2,68,0.1,8384,54.5,26.08,55.0,57.89,139.28,9.52,9.52,65896,68,35.4,34.41,1.15,11.89,0.0,23.51
United Airlines Inc.,UA,2023,11,57897,3.34,19.29,8.88,-4.71,146.8,8.02,61,0.1,51,0.08,6357,53.65,26.16,52.63,56.57,144.27,9.27,9.27,57897,51,42.5,34.47,0.66,11.0,0.01,22.75
United Airlines Inc.,UA,2023,12,59844,5.51,19.52,9.18,-2.19,150.21,8.35,77,0.12,85,0.14,8038,56.58,26.32,44.57,60.13,151.88,9.53,9.53,59844,85,39.79,33.84,1.24,13.74,0.0,23.99
United Airlines Inc.,UA,2024,1,58855,15.91,20.4,19.31,8.85,149.37,8.72,4714,8.0,138,0.23,11659,78.84,27.26,66.21,83.07,146.75,10.59,10.59,58855,138,43.85,43.38,8.32,15.02,0.0,35.43
United Airlines Inc.,UA,2024,2,56834,7.97,20.33,16.76,0.59,146.89,8.52,335,0.58,124,0.21,9043,63.55,28.82,58.45,69.98,151.39,9.86,9.86,56834,124,53.3,44.27,3.63,20.66,0.01,25.95
United Airlines Inc.,UA,2024,3,64929,10.03,20.15,12.22,3.01,148.86,8.54,333,0.51,129,0.19,12113,62.09,26.48,42.09,65.84,152.1,9.63,9.63,64929,129,48.49,36.71,1.85,18.49,0.0,26.42
United Airlines Inc.,UA,2024,4,61044,10.03,20.23,13.44,3.75,149.95,8.29,345,0.56,160,0.26,11604,61.93,26.89,49.48,66.25,151.36,9.01,9.01,61044,160,48.35,40.87,2.14,18.1,0.0,27.68
United Airlines Inc.,UA,2024,5,64156,18.53,20.72,16.39,13.64,150.03,8.76,773,1.2,303,0.47,16630,73.91,26.39,51.04,79.78,149.13,10.36,10.36,64156,303,70.26,42.16,6.08,18.41,0.0,34.81
United Airlines Inc.,UA,2024,6,63005,16.56,20.6,8.95,10.85,150.19,8.59,781,1.23,263,0.41,14967,72.01,26.21,39.82,75.58,149.0,9.7,9.7,63005,263,64.22,42.92,4.57,16.76,0.0,33.08
United Airlines Inc.,UA,2024,7,65463,22.89,20.86,10.08,17.58,150.66,8.93,2452,3.74,320,0.48,17985,81.4,26.61,35.63,84.83,148.36,10.48,10.48,65463,320,61.46,49.2,3.94,16.58,0.0,36.35
United Airlines Inc.,UA,2024,8,65939,15.41,20.49,9.23,10.01,147.77,9.08,1332,2.02,354,0.53,14841,71.48,26.59,38.5,76.39,146.79,10.95,10.95,65939,354,69.58,50.08,5.3,17.41,0.0,32.17
United Airlines Inc.,UA,2024,9,64212,4.4,19.85,11.38,-1.72,143.03,8.85,341,0.53,82,0.12,8451,54.84,26.75,49.22,59.19,138.57,10.49,10.49,64212,82,60.37,33.22,1.62,13.35,0.0,24.05
United Airlines Inc.,UA,2024,10,68403,3.7,19.33,10.82,-3.2,142.75,8.8,551,0.8,77,0.11,7952,55.33,25.86,52.23,58.13,141.19,10.67,10.67,68403,77,43.33,34.87,0.95,12.77,0.0,22.68
United Airlines Inc.,UA,2024,11,63581,7.98,20.6,12.2,1.97,146.85,8.94,190,0.29,76,0.11,10912,59.02,29.75,54.2,65.84,146.26,10.68,10.68,63581,76,42.82,36.58,1.51,22.78,0.0,24.21
United Airlines Inc.,UA,2024,12,64030,10.85,20.43,11.43,4.27,150.53,9.3,331,0.51,129,0.2,11955,62.58,27.11,46.58,67.18,151.39,12.04,12.04,64030,129,49.62,42.66,3.76,16.98,0.0,25.37
United Airlines Inc.,UA,2025,1,62007,8.39,21.13,14.65,1.28,149.94,9.06,1189,1.91,150,0.24,10694,56.5,29.45,55.39,63.04,148.33,11.61,11.61,62007,150,55.67,42.13,2.74,15.95,0.0,23.27
United Airlines Inc.,UA,2025,2,57628,9.06,21.48,16.65,2.65,148.19,9.05,181,0.31,98,0.17,10748,58.36,31.02,65.8,67.25,152.44,10.76,10.76,57628,98,45.39,43.66,4.36,21.54,0.0,23.19
United Airlines Inc.,UA,2025,3,66994,8.88,20.58,10.13,1.82,151.14,8.95,212,0.31,165,0.24,11555,63.55,28.0,49.31,69.02,148.79,10.34,10.34,66994,165,64.71,45.57,3.58,20.52,0.01,26.32
United Airlines Inc.,UA,2025,4,64256,10.02,21.09,14.53,4.07,151.39,9.14,279,0.43,178,0.27,11636,67.01,28.59,56.12,74.19,148.04,10.93,10.93,64256,178,71.13,42.03,2.92,26.87,0.0,26.66
United Airlines Inc.,UA,2025,5,67807,15.45,21.92,17.42,11.13,148.73,9.69,603,0.88,191,0.28,16379,68.39,29.04,54.71,77.19,146.15,11.52,11.52,67807,191,59.12,50.94,4.45,30.34,0.0,24.89
United Airlines Inc.,UA,2025,6,66324,17.16,21.92,11.63,13.63,151.09,9.73,436,0.65,314,0.47,17326,68.75,28.67,42.66,77.25,147.28,12.0,12.0,66324,314,69.25,48.9,5.3,24.02,0.0,28.85
United Airlines Inc.,UA,2025,7,69788,23.68,22.22,9.23,20.2,150.96,10.04,1218,1.74,519,0.74,20682,79.89,28.46,28.14,87.47,147.35,12.37,12.37,69788,519,70.96,61.04,7.11,24.47,0.01,34.45
United Airlines Inc.,UA,2025,8,68946,14.6,21.25,11.3,10.04,148.03,10.05,789,1.14,272,0.39,15968,67.6,27.03,40.62,73.64,144.31,12.64,12.64,68946,272,68.66,52.3,3.77,20.44,0.0,27.85
United Airlines Inc.,UA,2025,9,67550,6.71,20.98,15.95,2.25,141.86,10.03,176,0.26,143,0.21,11418,55.14,28.01,62.34,62.75,137.23,12.7,12.7,67550,143,58.5,45.03,2.29,20.93,0.0,23.44
United Airlines Inc.,UA,2025,10,71415,7.13,22.05,16.94,3.78,142.8,10.14,191,0.26,102,0.14,13943,47.4,30.39,56.0,57.2,138.89,13.16,13.16,71415,102,53.92,43.44,0.93,23.34,0.0,17.99
United Airlines Inc.,UA,2025,11,66691,12.1,21.91,15.71,7.64,146.77,9.78,993,1.48,83,0.12,13573,69.25,30.58,54.33,77.84,142.5,12.65,12.65,66691,83,43.88,41.8,2.09,30.67,0.0,27.69
Virgin America,VX,2015,1,4731,6.91,14.43,17.93,1.42,185.19,8.23,80,1.69,4,0.08,756,48.67,18.77,48.4,54.43,198.74,9.43,9.43,4731,4,49.75,27.06,5.22,19.71,0.2,16.05
Virgin America,VX,2015,2,4223,12.6,14.71,19.05,7.78,184.07,8.23,155,3.67,14,0.33,839,63.52,19.03,51.66,69.18,179.93,9.51,9.51,4223,14,28.64,43.75,4.39,28.44,0.02,25.43
Virgin America,VX,2015,3,4873,10.59,14.55,20.65,5.34,186.52,8.1,57,1.16,20,0.41,951,55.18,19.07,62.15,60.14,188.65,9.36,9.36,4873,20,29.8,28.88,3.86,20.9,0.08,22.82
Virgin America,VX,2015,4,4915,5.65,14.33,14.7,0.99,188.99,7.9,14,0.28,5,0.1,792,41.67,18.52,52.92,49.83,187.03,8.43,8.43,4915,5,32.6,24.08,5.21,16.17,0.02,18.28
Virgin America,VX,2015,5,5236,10.71,14.84,20.57,7.1,182.44,7.8,30,0.57,11,0.21,1216,48.6,18.53,49.37,53.78,161.08,7.97,7.97,5236,11,19.36,36.29,3.03,21.95,0.06,20.22
Virgin America,VX,2015,6,5260,8.69,14.9,18.64,5.77,182.07,8.17,21,0.39,12,0.22,992,48.39,19.47,49.0,55.78,186.55,9.89,9.89,5260,12,36.25,38.48,3.71,19.28,0.08,20.4
Virgin America,VX,2015,7,5411,9.75,16.06,16.69,7.13,182.13,8.22,18,0.33,9,0.16,1226,44.97,21.49,41.8,51.99,172.01,8.7,8.7,5411,9,19.44,39.38,2.22,20.42,0.28,19.71
Virgin America,VX,2015,8,5688,8.9,15.16,16.41,5.1,176.07,8.25,24,0.42,6,0.1,1073,49.62,18.51,37.28,53.61,147.65,9.19,9.19,5688,6,16.83,37.54,1.21,18.87,0.15,22.3
Virgin America,VX,2015,9,5154,3.29,15.0,14.38,0.07,178.85,7.93,11,0.21,2,0.03,687,36.98,19.8,50.5,44.11,168.06,9.05,9.05,5154,2,62.0,27.27,2.38,15.46,0.14,14.57
Virgin America,VX,2015,10,5464,7.08,14.32,17.43,2.25,178.75,8.26,23,0.42,6,0.1,883,48.71,18.65,59.21,56.41,153.27,9.54,9.54,5464,6,15.83,25.05,1.55,16.71,0.11,24.31
Virgin America,VX,2015,11,5414,5.78,13.81,14.46,0.11,181.99,8.49,57,1.05,12,0.22,825,43.47,17.64,50.64,48.43,160.56,10.0,10.0,5414,12,26.75,42.9,2.7,13.56,0.26,17.73
Virgin America,VX,2015,12,5534,18.36,14.79,17.41,13.49,186.26,8.56,44,0.79,20,0.36,1538,64.3,17.81,40.92,68.36,175.24,9.62,9.62,5534,20,28.0,26.66,2.05,26.43,0.29,30.42
Virgin America,VX,2016,1,5384,13.41,14.64,20.06,7.61,183.05,8.36,159,2.95,7,0.13,1205,59.93,17.88,51.52,62.79,162.47,9.4,9.4,5384,7,32.71,28.14,1.9,25.93,0.06,24.0
Virgin America,VX,2016,2,4941,7.71,14.4,18.29,1.25,184.16,8.22,38,0.76,9,0.18,714,61.74,19.13,66.76,66.39,187.19,9.07,9.07,4941,9,26.66,32.05,5.48,24.94,0.36,23.25
Virgin America,VX,2016,3,5635,15.13,15.0,19.77,10.91,186.51,8.21,68,1.2,9,0.15,1402,61.36,18.15,48.7,65.25,168.05,8.41,8.41,5635,9,18.77,41.4,1.93,27.07,0.12,26.01
Virgin America,VX,2016,4,5644,9.83,15.23,18.86,5.72,185.58,8.78,45,0.79,6,0.1,1279,44.08,19.11,40.68,50.58,168.29,10.24,10.24,5644,6,25.5,39.94,2.52,17.75,0.24,20.71
Virgin America,VX,2016,5,5847,11.88,14.91,17.86,7.4,186.78,8.32,40,0.68,12,0.2,1311,52.16,17.79,43.6,55.83,164.42,9.18,9.18,5847,12,31.0,35.58,2.5,18.11,0.09,22.36
Virgin America,VX,2016,6,5919,11.44,16.52,16.12,9.71,188.58,9.15,71,1.19,15,0.25,1538,42.63,21.4,32.21,51.18,179.75,10.95,10.95,5919,15,38.4,48.39,2.83,14.46,0.71,20.4
Virgin America,VX,2016,7,6100,11.57,15.99,15.22,8.88,189.29,9.29,32,0.52,19,0.31,1447,48.03,20.8,35.0,55.7,180.82,10.97,10.97,6100,19,23.78,50.5,2.79,18.96,0.08,20.77
Virgin America,VX,2016,8,6071,11.09,16.22,18.75,8.64,189.54,9.16,17,0.28,7,0.11,1561,41.92,20.43,38.36,49.32,171.74,10.56,10.56,6071,7,24.28,50.07,1.97,18.74,0.22,18.0
Virgin America,VX,2016,9,5726,6.0,15.15,16.61,2.63,183.41,8.5,18,0.31,4,0.06,993,40.26,20.01,47.22,47.82,173.65,9.86,9.86,5726,4,12.75,32.0,3.03,15.48,0.61,18.1
Virgin America,VX,2016,10,5854,12.65,15.53,18.22,9.48,183.93,8.42,70,1.19,16,0.27,1303,59.2,20.08,50.55,66.27,167.3,9.31,9.31,5854,16,20.5,32.14,2.24,33.37,0.12,22.47
Virgin America,VX,2016,11,5917,6.53,14.44,13.9,0.81,184.64,8.39,13,0.21,2,0.03,1083,40.34,17.72,46.1,47.13,173.9,9.3,9.3,5917,2,24.0,24.75,3.31,16.5,0.06,16.82
Virgin America,VX,2016,12,6083,17.24,15.2,15.57,14.13,185.63,8.95,98,1.61,89,1.46,1741,58.34,18.86,32.54,66.16,191.29,10.28,10.28,6083,89,20.28,33.59,4.45,20.58,0.15,29.29
Virgin America,VX,2017,1,5782,17.87,15.98,16.68,15.56,186.42,9.25,137,2.36,77,1.33,1874,52.99,19.28,28.48,62.5,181.58,10.52,10.52,5782,77,25.16,34.33,3.34,25.09,0.04,24.71
Virgin America,VX,2017,2,5140,16.25,16.16,21.68,14.91,187.09,8.71,180,3.5,40,0.77,1599,51.68,19.82,43.59,61.08,190.6,9.89,9.89,5140,40,23.97,35.42,4.79,29.71,0.08,19.55
Virgin America,VX,2017,3,5817,16.69,16.43,22.61,15.41,186.63,8.78,144,2.47,13,0.22,1851,51.27,19.9,40.83,57.74,189.05,9.68,9.68,5817,13,31.69,32.56,2.28,25.34,0.1,22.09
Virgin America,VX,2017,4,5597,20.58,16.23,25.01,18.73,189.99,8.4,94,1.67,6,0.1,1880,61.41,19.85,50.62,67.59,184.63,8.84,8.84,5597,6,17.0,22.83,2.3,35.04,0.52,22.73
Virgin America,VX,2017,5,5894,22.15,18.14,27.08,20.8,191.88,9.64,107,1.81,8,0.13,2317,55.21,21.96,54.81,60.72,179.73,10.75,10.75,5894,8,32.75,39.08,0.61,29.81,0.13,22.78
Virgin America,VX,2017,6,5970,16.19,18.24,23.69,14.11,191.65,10.43,67,1.12,12,0.2,1880,52.13,22.21,54.43,59.15,179.95,12.27,12.27,5970,12,33.25,50.35,0.82,22.87,0.23,23.04
Virgin America,VX,2017,7,6135,10.22,18.15,22.03,6.06,190.61,10.03,20,0.32,9,0.14,1461,45.64,23.1,55.93,52.83,175.01,12.02,12.02,6135,9,29.66,50.33,1.66,22.44,0.18,18.61
Virgin America,VX,2017,8,6151,14.77,21.05,23.58,14.16,191.15,9.12,36,0.58,16,0.26,2000,49.66,26.37,52.27,59.32,173.41,10.66,10.66,6151,16,40.25,38.07,0.84,27.15,0.12,22.1
Virgin America,VX,2017,9,5808,5.9,19.75,16.89,4.34,190.2,8.67,53,0.91,11,0.18,1247,41.17,26.65,34.34,54.39,169.55,11.57,11.57,5808,11,31.27,41.24,1.1,23.42,0.33,18.65
Virgin America,VX,2017,10,6246,12.17,19.87,16.33,10.02,194.53,8.25,97,1.55,12,0.19,1560,57.51,24.2,38.33,65.49,182.2,9.72,9.72,6246,12,23.75,28.73,0.87,30.97,0.08,23.25
Virgin America,VX,2017,11,6135,5.47,19.51,10.48,3.06,195.45,8.61,77,1.25,36,0.58,1268,40.6,24.56,20.88,51.95,200.68,10.23,10.23,6135,36,24.86,31.8,1.43,22.92,0.36,16.97
Virgin America,VX,2017,12,6306,2.62,19.42,9.86,-0.82,195.59,9.46,21,0.33,29,0.45,1054,36.27,25.27,26.02,48.62,219.09,13.44,13.44,6306,29,24.41,35.8,0.41,15.93,0.26,15.18
Virgin America,VX,2018,1,5824,2.83,19.37,16.41,-2.75,193.22,8.63,103,1.76,6,0.1,911,41.68,25.2,43.18,50.08,189.35,11.22,11.22,5824,6,17.85,32.81,0.84,23.62,0.3,11.01
Virgin America,VX,2018,2,5322,3.1,20.08,15.28,-0.9,192.01,8.43,27,0.5,58,1.08,887,37.61,25.16,35.18,47.97,196.76,10.51,10.51,5322,58,21.5,24.43,0.1,19.8,0.07,13.31
Virgin America,VX,2018,3,6524,12.3,20.94,15.86,8.08,188.26,8.9,303,4.64,20,0.3,1642,51.82,25.27,30.62,59.48,185.16,10.75,10.75,6524,20,27.3,26.61,0.58,25.42,0.27,16.71
